rollout/success_rate,rollout/ep_len_mean,time/time_elapsed,time/fps,train/n_updates,train/actor_loss,time/episodes,time/total_timesteps,train/ent_coef_loss,train/critic_loss,train/learning_rate,rollout/ep_rew_mean,train/ent_coef
0.0,100.0,1,818,93,-5.750263214111328,4,1600,-0.6188462972640991,0.11368543654680252,0.001,-36.754641625,0.9120401740074158
0.0,100.0,1,817,,,8,1600,,,,-36.754641625,
0.0,100.0,1,817,,,12,1600,,,,-36.754641625,
0.0,100.0,1,817,,,16,1600,,,,-36.754641625,
0.0,100.0,3,852,193,-6.13189697265625,20,3200,-1.2935936450958252,0.0590486116707325,0.001,-37.74992143750001,0.8251879811286926
0.0,100.0,3,851,,,24,3200,,,,-37.74992143750001,
0.0,100.0,3,851,,,28,3200,,,,-37.74992143750001,
0.0,100.0,3,851,,,32,3200,,,,-37.74992143750001,
0.0,100.0,5,852,293,-6.581368923187256,36,4800,-1.9626457691192627,0.05049236863851547,0.001,-38.53751366666666,0.746630847454071
0.0,100.0,5,852,,,40,4800,,,,-38.53751366666666,
0.0,100.0,5,852,,,44,4800,,,,-38.53751366666666,
0.0,100.0,5,852,,,48,4800,,,,-38.53751366666666,
0.0,100.0,7,856,393,-6.970605850219727,52,6400,-2.6337485313415527,0.028321249410510063,0.001,-38.68587975,0.6755961775779724
0.0,100.0,7,856,,,56,6400,,,,-38.68587975,
0.0,100.0,7,856,,,60,6400,,,,-38.68587975,
0.0,100.0,7,856,,,64,6400,,,,-38.68587975,
0.0,100.0,9,853,493,-7.294278144836426,68,8000,-3.297379732131958,0.02243790403008461,0.001,-38.9458151125,0.6112845540046692
0.0,100.0,9,853,,,72,8000,,,,-38.9458151125,
0.0,100.0,9,853,,,76,8000,,,,-38.9458151125,
0.0,100.0,9,853,,,80,8000,,,,-38.9458151125,
0.0,100.0,11,848,593,-7.65718936920166,84,9600,-3.9756908416748047,0.02256510779261589,0.001,-38.934203197916666,0.5531046986579895
0.0,100.0,11,847,,,88,9600,,,,-38.934203197916666,
0.0,100.0,11,847,,,92,9600,,,,-38.934203197916666,
0.0,100.0,11,847,,,96,9600,,,,-38.934203197916666,
0.0,100.0,13,844,693,-7.929710865020752,100,11200,-4.635244369506836,0.015708226710557938,0.001,-38.95140277,0.5004796385765076
0.0,100.0,13,844,,,104,11200,,,,-38.95140277,
0.0,100.0,13,844,,,108,11200,,,,-38.95140277,
0.0,100.0,13,844,,,112,11200,,,,-38.95140277,
0.0,100.0,15,848,793,-8.163942337036133,116,12800,-5.323984146118164,0.0157802551984787,0.001,-39.112740200000005,0.4528447687625885
0.0,100.0,15,848,,,120,12800,,,,-39.112740200000005,
0.0,100.0,15,848,,,124,12800,,,,-39.112740200000005,
0.0,100.0,15,848,,,128,12800,,,,-39.112740200000005,
0.0,100.0,16,855,893,-8.409253120422363,132,14400,-5.976511001586914,0.012970357201993465,0.001,-38.80511382,0.40974926948547363
0.0,100.0,16,855,,,136,14400,,,,-38.80511382,
0.0,100.0,16,855,,,140,14400,,,,-38.80511382,
0.0,100.0,16,855,,,144,14400,,,,-38.80511382,
0.0,100.0,18,861,993,-8.591927528381348,148,16000,-6.687727928161621,0.01481320708990097,0.001,-38.69474795,0.37075331807136536
0.0,100.0,18,861,,,152,16000,,,,-38.69474795,
0.0,100.0,18,860,,,156,16000,,,,-38.69474795,
0.0,100.0,18,860,,,160,16000,,,,-38.69474795,
0.0,100.0,20,863,1093,-8.813318252563477,164,17600,-7.372302055358887,0.0116786053404212,0.001,-38.11717161,0.33547115325927734
0.0,100.0,20,863,,,168,17600,,,,-38.11717161,
0.0,100.0,20,863,,,172,17600,,,,-38.11717161,
0.0,100.0,20,863,,,176,17600,,,,-38.11717161,
0.0,100.0,22,866,1193,-8.924808502197266,180,19200,-8.043073654174805,0.009414885193109512,0.001,-37.8145901,0.3035437762737274
0.0,100.0,22,866,,,184,19200,,,,-37.8145901,
0.0,100.0,22,866,,,188,19200,,,,-37.8145901,
0.0,100.0,22,866,,,192,19200,,,,-37.8145901,
0.0,100.0,23,869,1293,-9.024286270141602,196,20800,-8.656883239746094,0.008623946458101273,0.001,-38.05300584,0.27467456459999084
0.0,100.0,23,869,,,200,20800,,,,-38.05300584,
0.0,100.0,23,869,,,204,20800,,,,-38.05300584,
0.0,100.0,23,869,,,208,20800,,,,-38.05300584,
0.0,100.0,25,866,1393,-9.173544883728027,212,22400,-9.344352722167969,0.009143668226897717,0.001,-37.87847933,0.24853700399398804
0.0,100.0,25,866,,,216,22400,,,,-37.87847933,
0.0,100.0,25,866,,,220,22400,,,,-37.87847933,
0.0,100.0,25,866,,,224,22400,,,,-37.87847933,
0.0,100.0,27,866,1493,-9.305389404296875,228,24000,-9.97895622253418,0.007141179870814085,0.001,-37.74468201,0.22489354014396667
0.0,100.0,27,866,,,232,24000,,,,-37.74468201,
0.0,100.0,27,866,,,236,24000,,,,-37.74468201,
0.0,100.0,27,866,,,240,24000,,,,-37.74468201,
0.0,100.0,29,868,1593,-9.38740348815918,244,25600,-10.736023902893066,0.007462242618203163,0.001,-37.835632839999995,0.2035142332315445
0.0,100.0,29,868,,,248,25600,,,,-37.835632839999995,
0.0,100.0,29,868,,,252,25600,,,,-37.835632839999995,
0.0,100.0,29,868,,,256,25600,,,,-37.835632839999995,
0.0,100.0,31,867,1693,-9.480685234069824,260,27200,-11.368697166442871,0.00534644303843379,0.001,-37.73822238,0.1841631680727005
0.0,100.0,31,867,,,264,27200,,,,-37.73822238,
0.0,100.0,31,867,,,268,27200,,,,-37.73822238,
0.0,100.0,31,867,,,272,27200,,,,-37.73822238,
0.0,100.0,33,869,1793,-9.523685455322266,276,28800,-12.010714530944824,0.005741697270423174,0.001,-37.68346726,0.1666557937860489
0.0,100.0,33,869,,,280,28800,,,,-37.68346726,
0.0,100.0,33,869,,,284,28800,,,,-37.68346726,
0.0,100.0,33,869,,,288,28800,,,,-37.68346726,
0.0,100.0,35,867,1893,-9.501232147216797,292,30400,-12.785730361938477,0.005401028320193291,0.001,-37.637576599999996,0.15082776546478271
0.0,100.0,35,867,,,296,30400,,,,-37.637576599999996,
0.0,100.0,35,867,,,300,30400,,,,-37.637576599999996,
0.0,100.0,35,867,,,304,30400,,,,-37.637576599999996,
0.0,100.0,36,866,1993,-9.577061653137207,308,32000,-13.290472030639648,0.004718727432191372,0.001,-37.55351802,0.1365087479352951
0.0,100.0,36,866,,,312,32000,,,,-37.55351802,
0.0,100.0,36,866,,,316,32000,,,,-37.55351802,
0.0,100.0,36,866,,,320,32000,,,,-37.55351802,
0.0,100.0,38,866,2093,-9.649839401245117,324,33600,-13.988332748413086,0.005182566121220589,0.001,-37.424362040000005,0.12355648726224899
0.0,100.0,38,866,,,328,33600,,,,-37.424362040000005,
0.0,100.0,38,866,,,332,33600,,,,-37.424362040000005,
0.0,100.0,38,866,,,336,33600,,,,-37.424362040000005,
0.0,100.0,40,867,2193,-9.546001434326172,340,35200,-14.628249168395996,0.003867268329486251,0.001,-37.09614486,0.11184182018041611
0.0,100.0,40,867,,,344,35200,,,,-37.09614486,
0.0,100.0,40,866,,,348,35200,,,,-37.09614486,
0.0,100.0,40,866,,,352,35200,,,,-37.09614486,
0.0,100.0,42,867,2293,-9.590287208557129,356,36800,-15.333780288696289,0.0034492320846766233,0.001,-36.9697295,0.10124083608388901
0.0,100.0,42,867,,,360,36800,,,,-36.9697295,
0.0,100.0,42,867,,,364,36800,,,,-36.9697295,
0.0,100.0,42,867,,,368,36800,,,,-36.9697295,
0.0,100.0,44,870,2393,-9.612668991088867,372,38400,-16.16968536376953,0.003014132846146822,0.001,-36.52907614,0.09165170043706894
0.0,100.0,44,870,,,376,38400,,,,-36.52907614,
0.0,100.0,44,870,,,380,38400,,,,-36.52907614,
0.0,100.0,44,870,,,384,38400,,,,-36.52907614,
0.0,100.0,45,871,2493,-9.626264572143555,388,40000,-16.527305603027344,0.0031159156933426857,0.001,-36.94757933,0.0829785019159317
0.0,100.0,45,871,,,392,40000,,,,-36.94757933,
0.0,100.0,45,871,,,396,40000,,,,-36.94757933,
0.0,100.0,45,871,,,400,40000,,,,-36.94757933,
0.0,100.0,47,871,2593,-9.549827575683594,404,41600,-17.23137664794922,0.0027779738884419203,0.001,-36.89612431999999,0.07513580471277237
0.0,100.0,47,871,,,408,41600,,,,-36.89612431999999,
0.0,100.0,47,871,,,412,41600,,,,-36.89612431999999,
0.0,100.0,47,871,,,416,41600,,,,-36.89612431999999,
0.0,100.0,49,870,2693,-9.488485336303711,420,43200,-17.863201141357422,0.003500381950289011,0.001,-36.9853711,0.06804278492927551
0.0,100.0,49,870,,,424,43200,,,,-36.9853711,
0.0,100.0,49,870,,,428,43200,,,,-36.9853711,
0.0,100.0,49,870,,,432,43200,,,,-36.9853711,
0.0,100.0,51,868,2793,-9.474023818969727,436,44800,-18.453079223632812,0.0028242827393114567,0.001,-36.826036959999996,0.06162773445248604
0.0,100.0,51,868,,,440,44800,,,,-36.826036959999996,
0.0,100.0,51,868,,,444,44800,,,,-36.826036959999996,
0.0,100.0,51,868,,,448,44800,,,,-36.826036959999996,
0.0,100.0,53,870,2893,-9.476222038269043,452,46400,-19.119152069091797,0.0023937057703733444,0.001,-37.00535931,0.055824875831604004
0.0,100.0,53,870,,,456,46400,,,,-37.00535931,
0.0,100.0,53,870,,,460,46400,,,,-37.00535931,
0.0,100.0,53,870,,,464,46400,,,,-37.00535931,
0.0,100.0,55,872,2993,-9.440839767456055,468,48000,-19.620010375976562,0.001983900088816881,0.001,-37.08744121,0.05058254301548004
0.0,100.0,55,872,,,472,48000,,,,-37.08744121,
0.0,100.0,55,872,,,476,48000,,,,-37.08744121,
0.0,100.0,55,872,,,480,48000,,,,-37.08744121,
0.0,100.0,56,876,3093,-9.475399017333984,484,49600,-20.199092864990234,0.0024386995937675238,0.001,-36.13790200000001,0.04584129899740219
0.0,100.0,56,876,,,488,49600,,,,-36.13790200000001,
0.0,100.0,56,876,,,492,49600,,,,-36.13790200000001,
0.0,100.0,56,876,,,496,49600,,,,-36.13790200000001,
0.0,100.0,58,879,3193,-9.392290115356445,500,51200,-20.54120445251465,0.0020737170707434416,0.001,-35.88902703,0.041548069566488266
0.0,100.0,58,879,,,504,51200,,,,-35.88902703,
0.0,100.0,58,879,,,508,51200,,,,-35.88902703,
0.0,100.0,58,879,,,512,51200,,,,-35.88902703,
0.0,100.0,59,883,3293,-9.281436920166016,516,52800,-21.341114044189453,0.0015612075803801417,0.001,-35.48832289,0.03766556829214096
0.0,100.0,59,883,,,520,52800,,,,-35.48832289,
0.0,100.0,59,883,,,524,52800,,,,-35.48832289,
0.0,100.0,59,883,,,528,52800,,,,-35.48832289,
0.0,100.0,61,883,3393,-9.33709716796875,532,54400,-21.399263381958008,0.0017584157176315784,0.001,-34.94494262,0.03415623679757118
0.0,100.0,61,883,,,536,54400,,,,-34.94494262,
0.0,100.0,61,883,,,540,54400,,,,-34.94494262,
0.0,100.0,61,883,,,544,54400,,,,-34.94494262,
0.0,100.0,63,886,3493,-9.28823184967041,548,56000,-22.297374725341797,0.0014492371119558811,0.001,-34.67977231,0.03098268061876297
0.0,100.0,63,886,,,552,56000,,,,-34.67977231,
0.0,100.0,63,886,,,556,56000,,,,-34.67977231,
0.0,100.0,63,886,,,560,56000,,,,-34.67977231,
0.0,100.0,64,888,3593,-9.22630500793457,564,57600,-22.364364624023438,0.0015441153664141893,0.001,-34.739200669999995,0.028107967227697372
0.0,100.0,64,888,,,568,57600,,,,-34.739200669999995,
0.0,100.0,64,888,,,572,57600,,,,-34.739200669999995,
0.0,100.0,64,888,,,576,57600,,,,-34.739200669999995,
0.0,100.0,66,889,3693,-9.112905502319336,580,59200,-23.61105728149414,0.001272168941795826,0.001,-34.395174929999996,0.025507645681500435
0.0,100.0,66,889,,,584,59200,,,,-34.395174929999996,
0.0,100.0,66,889,,,588,59200,,,,-34.395174929999996,
0.0,100.0,66,889,,,592,59200,,,,-34.395174929999996,
0.0,100.0,68,890,3793,-9.05974006652832,596,60800,-23.328392028808594,0.0026660016737878323,0.001,-34.21380185,0.02315911091864109
0.0,100.0,68,890,,,600,60800,,,,-34.21380185,
0.0,100.0,68,890,,,604,60800,,,,-34.21380185,
0.0,100.0,68,890,,,608,60800,,,,-34.21380185,
0.0,100.0,70,891,3893,-9.05602741241455,612,62400,-24.22970199584961,0.002230831189081073,0.001,-34.11780554999999,0.021036354824900627
0.0,100.0,70,891,,,616,62400,,,,-34.11780554999999,
0.0,100.0,70,891,,,620,62400,,,,-34.11780554999999,
0.0,100.0,70,891,,,624,62400,,,,-34.11780554999999,
0.0,100.0,71,892,3993,-8.983259201049805,628,64000,-24.02533531188965,0.001873760367743671,0.001,-33.372284220000004,0.01911821961402893
0.0,100.0,71,892,,,632,64000,,,,-33.372284220000004,
0.0,100.0,71,892,,,636,64000,,,,-33.372284220000004,
0.0,100.0,71,892,,,640,64000,,,,-33.372284220000004,
0.0,100.0,73,892,4093,-8.912281036376953,644,65600,-25.33597183227539,0.0012357986997812986,0.001,-33.92909763,0.017383964732289314
0.0,100.0,73,892,,,648,65600,,,,-33.92909763,
0.0,100.0,73,892,,,652,65600,,,,-33.92909763,
0.0,100.0,73,892,,,656,65600,,,,-33.92909763,
0.0,100.0,75,891,4193,-8.868566513061523,660,67200,-25.218238830566406,0.0012260256335139275,0.001,-32.75215288,0.015809226781129837
0.0,100.0,75,891,,,664,67200,,,,-32.75215288,
0.0,100.0,75,891,,,668,67200,,,,-32.75215288,
0.0,100.0,75,891,,,672,67200,,,,-32.75215288,
0.0,100.0,77,893,4293,-8.78506088256836,676,68800,-25.695175170898438,0.0008487884188070893,0.001,-33.02983886,0.014388405717909336
0.0,100.0,77,893,,,680,68800,,,,-33.02983886,
0.0,100.0,77,893,,,684,68800,,,,-33.02983886,
0.0,100.0,77,893,,,688,68800,,,,-33.02983886,
0.0,100.0,78,895,4393,-8.72431755065918,692,70400,-26.089893341064453,0.0011013865005224943,0.001,-33.50444732,0.013105441816151142
0.0,100.0,78,895,,,696,70400,,,,-33.50444732,
0.0,100.0,78,895,,,700,70400,,,,-33.50444732,
0.0,100.0,78,895,,,704,70400,,,,-33.50444732,
0.0,100.0,80,895,4493,-8.662187576293945,708,72000,-25.88841438293457,0.0013031119015067816,0.001,-32.76625094,0.011943290941417217
0.0,100.0,80,895,,,712,72000,,,,-32.76625094,
0.0,100.0,80,895,,,716,72000,,,,-32.76625094,
0.0,100.0,80,895,,,720,72000,,,,-32.76625094,
0.01,99.78,82,896,4593,-8.59455680847168,724,73600,-25.562335968017578,0.001804646453820169,0.001,-32.180901909999996,0.0108878705650568
0.01,99.78,82,896,,,728,73600,,,,-32.180901909999996,
0.01,99.78,82,896,,,732,73600,,,,-32.180901909999996,
0.01,99.78,82,896,,,736,73600,,,,-32.180901909999996,
0.01,99.78,83,901,4693,-8.811898231506348,740,75200,-25.26119613647461,0.11588171869516373,0.001,-31.65324411,0.00993796531111002
0.01,99.78,83,901,,,744,75200,,,,-31.65324411,
0.01,99.78,83,901,,,748,75200,,,,-31.65324411,
0.01,99.78,83,901,,,752,75200,,,,-31.65324411,
0.01,99.78,84,905,4793,-8.473953247070312,756,76800,-24.951583862304688,0.0009547751396894455,0.001,-30.739596929999998,0.00909272488206625
0.01,99.78,84,905,,,760,76800,,,,-30.739596929999998,
0.01,99.78,84,905,,,764,76800,,,,-30.739596929999998,
0.01,99.78,84,905,,,768,76800,,,,-30.739596929999998,
0.02,99.54,86,910,4893,-8.359217643737793,772,78400,-25.906951904296875,0.0006056068232282996,0.001,-29.697818499999997,0.008320020511746407
0.02,99.54,86,910,,,776,78400,,,,-29.697818499999997,
0.02,99.54,86,910,,,780,78400,,,,-29.697818499999997,
0.02,99.54,86,910,,,784,78400,,,,-29.697818499999997,
0.03,99.33,87,916,4993,-8.327101707458496,788,80000,-25.440332412719727,0.0006831619539298117,0.001,-28.530596240000005,0.007614286616444588
0.03,99.33,87,916,,,792,80000,,,,-28.530596240000005,
0.03,99.33,87,916,,,796,80000,,,,-28.530596240000005,
0.03,99.33,87,916,,,800,80000,,,,-28.530596240000005,
0.05,99.01,88,921,5072,-8.333391189575195,804,81264,-25.236074447631836,0.0005548175540752709,0.001,-28.14786267,0.007105574943125248
0.05,99.01,88,922,5093,-8.26848030090332,808,81600,-24.92658042907715,0.0006399147678166628,0.001,-27.474268749999997,0.00697701470926404
0.05,99.01,88,922,,,812,81600,,,,-27.474268749999997,
0.05,99.01,88,922,,,816,81600,,,,-27.474268749999997,
0.06,98.88,89,926,5172,-8.260293960571289,820,82864,-25.205137252807617,0.0006832975195720792,0.001,-27.31092334,0.006518614012748003
0.05,99.1,89,927,5193,-8.173942565917969,824,83200,-23.532180786132812,0.00911023374646902,0.001,-27.171757089999996,0.0064040254801511765
0.05,99.1,89,927,,,828,83200,,,,-27.171757089999996,
0.05,99.1,89,927,,,832,83200,,,,-27.171757089999996,
0.05,99.1,91,926,5272,-8.221826553344727,836,84464,-25.790502548217773,0.023712042719125748,0.001,-27.244480169999996,0.005989363417029381
0.05,99.1,91,926,5293,-8.159290313720703,840,84800,-24.92742919921875,0.0038703689351677895,0.001,-27.046879250000003,0.005888978950679302
0.05,99.1,91,926,,,844,84800,,,,-27.046879250000003,
0.05,99.1,91,926,,,848,84800,,,,-27.046879250000003,
0.05,99.1,92,925,5372,-8.080170631408691,852,86064,-24.94528579711914,0.0006163162761367857,0.001,-26.704610600000002,0.005513493902981281
0.05,99.1,93,925,5393,-8.120399475097656,856,86400,-25.27908706665039,0.0006971770199015737,0.001,-26.286041089999998,0.005417534615844488
0.05,99.1,93,925,,,860,86400,,,,-26.286041089999998,
0.05,99.1,93,925,,,864,86400,,,,-26.286041089999998,
0.05,99.1,94,924,5472,-8.042911529541016,868,87664,-24.73282814025879,0.000845168367959559,0.001,-26.39821545,0.005089671816676855
0.04,99.34,95,923,5493,-8.06950569152832,872,88000,-24.251983642578125,0.0009192434372380376,0.001,-26.708226990000004,0.00500290933996439
0.04,99.34,95,923,,,876,88000,,,,-26.708226990000004,
0.04,99.34,95,923,,,880,88000,,,,-26.708226990000004,
0.04,99.34,96,923,5572,-8.018655776977539,884,89264,-24.76300811767578,0.0005603887839242816,0.001,-26.725880529999994,0.004693773575127125
0.03,99.55,97,922,5593,-7.957623481750488,888,89600,-24.59543800354004,0.000598888611420989,0.001,-26.093158430000003,0.0046136872842907906
0.03,99.55,97,922,,,892,89600,,,,-26.093158430000003,
0.03,99.55,97,922,,,896,89600,,,,-26.093158430000003,
0.03,99.55,98,924,5672,-7.986233234405518,900,90864,-25.59002685546875,0.0008058446692302823,0.001,-26.081791279999997,0.004323494620621204
0.01,99.87,98,924,5693,-7.84316873550415,904,91200,-24.23392105102539,0.000651999784167856,0.001,-25.98893399,0.0042476532980799675
0.01,99.87,98,924,,,908,91200,,,,-25.98893399,
0.01,99.87,98,924,,,912,91200,,,,-25.98893399,
0.01,99.87,100,923,5772,-7.903775215148926,916,92464,-23.064624786376953,0.00096581329125911,0.001,-26.154117690000003,0.0040007284842431545
0.0,100.0,100,923,5793,-7.937711238861084,920,92800,-22.00524139404297,0.0006598597392439842,0.001,-26.179715789999996,0.003938246518373489
0.0,100.0,100,923,,,924,92800,,,,-26.179715789999996,
0.0,100.0,100,923,,,928,92800,,,,-26.179715789999996,
0.0,100.0,101,923,5872,-7.805826663970947,932,94064,-21.500804901123047,0.000841975212097168,0.001,-25.94503876,0.003707944182679057
0.0,100.0,102,923,5893,-7.829137802124023,936,94400,-21.642480850219727,0.01034118514508009,0.001,-25.424502119999996,0.0036486813332885504
0.0,100.0,102,923,,,940,94400,,,,-25.424502119999996,
0.0,100.0,102,923,,,944,94400,,,,-25.424502119999996,
0.0,100.0,103,922,5972,-7.737712860107422,948,95664,-23.51437759399414,0.0010177353397011757,0.001,-25.36643184,0.0034411537926644087
0.0,100.0,104,922,5993,-7.7914323806762695,952,96000,-20.513782501220703,0.0008850129088386893,0.001,-24.972010960000002,0.0033893645741045475
0.0,100.0,104,922,,,956,96000,,,,-24.972010960000002,
0.0,100.0,104,922,,,960,96000,,,,-24.972010960000002,
0.0,100.0,105,921,6072,-7.638829708099365,964,97264,-20.561260223388672,0.006553865037858486,0.001,-24.724961810000003,0.0031969279516488314
0.0,100.0,105,921,6093,-7.775707244873047,968,97600,-21.55636215209961,0.0016729735070839524,0.001,-24.333012859999993,0.003148020012304187
0.0,100.0,105,921,,,972,97600,,,,-24.333012859999993,
0.0,100.0,105,921,,,976,97600,,,,-24.333012859999993,
0.0,100.0,107,921,6172,-7.66101598739624,980,98864,-21.428756713867188,0.00048404664266854525,0.001,-24.331229799999996,0.0029736715368926525
0.0,100.0,107,921,6193,-7.693544387817383,984,99200,-22.762306213378906,0.0005785415414720774,0.001,-24.26597557999999,0.002927592722699046
0.0,100.0,107,921,,,988,99200,,,,-24.26597557999999,
0.0,100.0,107,921,,,992,99200,,,,-24.26597557999999,
0.01,99.95,109,921,6272,-7.574449062347412,996,100464,-21.797924041748047,0.0005590227665379643,0.001,-24.353164500000002,0.0027561383321881294
0.04,99.47,109,921,6293,-7.577491760253906,1000,100800,-20.86508560180664,0.0031483061611652374,0.001,-24.508842689999998,0.0027129813097417355
0.04,99.47,109,921,,,1004,100800,,,,-24.508842689999998,
0.04,99.47,109,921,,,1008,100800,,,,-24.508842689999998,
0.06,98.94,110,920,6372,-7.574575901031494,1012,102064,-18.33697509765625,0.012767836451530457,0.001,-24.22625843,0.0025569144636392593
0.06,98.94,111,920,6378,-7.564644813537598,1016,102160,-16.468677520751953,0.006690191105008125,0.001,-24.040027879999993,0.002545964904129505
0.06,98.94,111,920,6393,-7.611617565155029,1020,102400,-22.560712814331055,0.0020179362036287785,0.001,-23.95851586,0.0025201747193932533
0.06,98.94,111,920,,,1024,102400,,,,-23.95851586,
0.06,98.94,112,920,6472,-7.473190784454346,1028,103664,-15.159001350402832,0.001531520625576377,0.001,-23.58642601,0.0023779028560966253
0.06,98.94,112,920,6478,-7.568123817443848,1032,103760,-18.70977783203125,0.001377142034471035,0.001,-23.77203034,0.002369023161008954
0.06,98.94,112,920,6493,-7.381508827209473,1036,104000,-20.355817794799805,0.006967748515307903,0.001,-23.28839164,0.0023445358965545893
0.06,98.94,112,920,,,1040,104000,,,,-23.28839164,
0.06,98.94,114,920,6572,-7.476802825927734,1044,105264,-20.737154006958008,0.0007998965447768569,0.001,-23.181103880000002,0.0022171689197421074
0.06,98.94,114,920,6578,-7.468750953674316,1048,105360,-20.474252700805664,0.0007309931679628789,0.001,-23.26367228,0.0022073753643780947
0.06,98.94,114,920,6593,-7.485052108764648,1052,105600,-20.03313446044922,0.0007030481938272715,0.001,-23.530624230000004,0.0021827667951583862
0.06,98.94,114,920,,,1056,105600,,,,-23.530624230000004,
0.07,98.7,116,919,6669,-7.398532390594482,1060,106816,-20.195514678955078,0.0005636418936774135,0.001,-23.361896030000004,0.0020703491754829884
0.07,98.7,116,920,6678,-7.421050071716309,1064,106960,-17.042997360229492,0.0006483342149294913,0.001,-23.172459399999997,0.002057603094726801
0.07,98.7,116,920,6693,-7.443714141845703,1068,107200,-18.650829315185547,0.0005971167702227831,0.001,-22.8835793,0.00203663669526577
0.07,98.7,116,920,,,1072,107200,,,,-22.8835793,
0.08,98.51,117,920,6766,-7.354671001434326,1076,108368,-16.774192810058594,0.0004521815571933985,0.001,-22.926557800000005,0.0019435002468526363
0.08,98.51,117,920,6778,-7.323987007141113,1080,108560,-18.22044563293457,0.006025617942214012,0.001,-22.687718989999993,0.0019289238844066858
0.08,98.51,118,920,6793,-7.334272861480713,1084,108800,-16.126239776611328,0.0023207846097648144,0.001,-22.514460009999997,0.001909326994791627
0.08,98.51,118,920,,,1088,108800,,,,-22.514460009999997,
0.08,98.51,119,920,6866,-7.2872514724731445,1092,109968,-17.667369842529297,0.0005757143953815103,0.001,-22.49801134000001,0.0018217075848951936
0.08,98.39,119,920,6877,-7.327458381652832,1096,110144,-17.217613220214844,0.0007938052294775844,0.001,-22.211832320000003,0.0018081514863297343
0.05,98.87,119,920,6893,-7.328668117523193,1100,110400,-15.761545181274414,0.0006282454123720527,0.001,-21.591463639999997,0.001788755296729505
0.05,98.87,119,920,,,1104,110400,,,,-21.591463639999997,
0.05,98.87,121,920,6966,-7.237185001373291,1108,111568,-15.597085952758789,0.001079391222447157,0.001,-21.679734059999998,0.001714113517664373
0.03,99.4,121,920,6977,-7.353443622589111,1112,111744,-15.775575637817383,0.0018627482932060957,0.001,-21.764707340000005,0.0017028467264026403
0.03,99.4,121,920,6993,-7.156958103179932,1116,112000,-13.774227142333984,0.00897005945444107,0.001,-21.62165922,0.001686440547928214
0.03,99.4,121,920,,,1120,112000,,,,-21.62165922,
0.03,99.4,122,920,7066,-7.257117748260498,1124,113168,-15.458490371704102,0.004010796546936035,0.001,-21.778190930000004,0.0016135548939928412
0.03,99.4,123,920,7077,-7.175409317016602,1128,113344,-14.190771102905273,0.0011184053728356957,0.001,-21.72311118,0.0016015295404940844
0.03,99.4,123,920,7093,-7.13864278793335,1132,113600,-17.159866333007812,0.000888822425622493,0.001,-21.521154239999998,0.0015850766794756055
0.03,99.4,123,920,,,1136,113600,,,,-21.521154239999998,
0.03,99.4,124,919,7166,-7.240812301635742,1140,114768,-13.982526779174805,0.0008600070141255856,0.001,-21.52139855,0.0015189469559118152
0.03,99.4,124,919,7177,-7.136563777923584,1144,114944,-11.562604904174805,0.003926015924662352,0.001,-21.32119298,0.0015090917004272342
0.03,99.4,125,919,7193,-7.1727213859558105,1148,115200,-17.889686584472656,0.0012043046299368143,0.001,-20.938348589999997,0.0014968847390264273
0.03,99.4,125,919,,,1152,115200,,,,-20.938348589999997,
0.03,99.4,126,921,7266,-7.07551383972168,1156,116368,-12.853814125061035,0.30365097522735596,0.001,-20.66354867,0.001437244936823845
0.02,99.64,126,921,7277,-7.047999382019043,1160,116544,-7.111546039581299,0.002199634211137891,0.001,-20.650084449999998,0.001429363968782127
0.02,99.64,126,920,7293,-7.019417762756348,1164,116800,-13.928455352783203,0.0008653291151858866,0.001,-20.797222379999997,0.0014208981301635504
0.02,99.64,126,920,,,1168,116800,,,,-20.797222379999997,
0.02,99.64,128,921,7366,-7.082394599914551,1172,117968,-11.77380657196045,0.0006037986022420228,0.001,-20.764015869999998,0.0013666091253980994
0.01,99.83,128,921,7377,-6.975236415863037,1176,118144,-11.367044448852539,0.0004485535901039839,0.001,-20.55012392,0.0013582188403233886
0.01,99.83,128,921,7393,-7.061148643493652,1180,118400,-10.592148780822754,0.006327730603516102,0.001,-20.470109289999996,0.0013465661322697997
0.01,99.83,128,921,,,1184,118400,,,,-20.470109289999996,
0.01,99.83,129,921,7466,-6.77958345413208,1188,119568,-9.469581604003906,0.011686697602272034,0.001,-20.47830799,0.001303704222664237
0.01,99.83,129,921,7477,-6.927248001098633,1192,119744,-9.245003700256348,0.006391284056007862,0.001,-20.46731907,0.0012970631942152977
0.0,100.0,130,921,7493,-6.967524528503418,1196,120000,-9.690135955810547,0.006954202428460121,0.001,-20.6373968,0.001287246821448207
0.0,100.0,130,920,,,1200,120000,,,,-20.6373968,
0.0,100.0,131,920,7566,-6.949305534362793,1204,121168,-10.738937377929688,0.0017925486899912357,0.001,-20.534997819999997,0.0012439588317647576
0.0,100.0,131,920,7577,-6.902342319488525,1208,121344,-7.718801498413086,0.0015439268900081515,0.001,-20.34986497,0.001237354357726872
0.0,100.0,132,919,7593,-6.8663482666015625,1212,121600,-11.32505989074707,0.0009557222947478294,0.001,-20.322396740000002,0.0012284393887966871
0.0,100.0,132,919,,,1216,121600,,,,-20.322396740000002,
0.0,100.0,133,919,7666,-6.813530445098877,1220,122768,-5.239472389221191,0.0014918682863935828,0.001,-20.22640314,0.0011980022536590695
0.0,100.0,133,919,7677,-6.864982604980469,1224,122944,-10.990531921386719,0.0028664208948612213,0.001,-20.06557191,0.0011936202645301819
0.0,100.0,133,919,7693,-6.908047676086426,1228,123200,-11.395971298217773,0.0007544055697508156,0.001,-20.48237392,0.001184549881145358
0.0,100.0,133,919,,,1232,123200,,,,-20.48237392,
0.0,100.0,135,919,7766,-6.802001953125,1236,124368,-11.19870376586914,0.0004495491157285869,0.001,-20.483804890000002,0.0011415276676416397
0.0,100.0,135,919,7777,-6.887050628662109,1240,124544,-10.07308292388916,0.0005909205065108836,0.001,-20.56794954,0.0011351596331223845
0.0,100.0,135,919,7793,-6.789535045623779,1244,124800,-11.51258659362793,0.0004977697972208261,0.001,-20.30124363,0.001125936396420002
0.0,100.0,135,919,,,1248,124800,,,,-20.30124363,
0.0,100.0,137,919,7866,-6.8163228034973145,1252,125968,-6.7795867919921875,0.0026550432667136192,0.001,-20.37974316,0.0011035172501578927
0.0,100.0,137,919,7877,-6.720633029937744,1256,126144,-15.370084762573242,0.003511640941724181,0.001,-20.45429724,0.001102173002436757
0.0,100.0,137,919,7893,-6.77203893661499,1260,126400,-12.174822807312012,0.0008212748216465116,0.001,-20.487661579999997,0.0010923173977062106
0.0,100.0,137,919,,,1264,126400,,,,-20.487661579999997,
0.01,99.82,138,919,7953,-6.7781829833984375,1268,127360,-5.390506744384766,0.0020514214411377907,0.001,-20.354618220000003,0.0010605081915855408
0.01,99.82,138,919,7977,-6.6926493644714355,1272,127744,-7.400337219238281,0.005466748960316181,0.001,-20.307418910000003,0.0010515559697523713
0.01,99.82,139,919,7993,-6.6402482986450195,1276,128000,-7.1932268142700195,0.002246336080133915,0.001,-20.16617629,0.001044257078319788
0.01,99.82,139,919,,,1280,128000,,,,-20.16617629,
0.01,99.82,140,919,8053,-6.573281288146973,1284,128960,-6.836276531219482,0.0005969821359030902,0.001,-20.111450259999998,0.00101813196670264
0.02,99.62,140,920,8077,-6.588783264160156,1288,129344,-7.131021976470947,0.24607491493225098,0.001,-20.011008639999996,0.00100846984423697
0.02,99.62,140,920,8093,-6.624743461608887,1292,129600,-2.2204346656799316,0.002035386860370636,0.001,-19.817480800000002,0.0010021283524110913
0.02,99.62,140,920,,,1296,129600,,,,-19.817480800000002,
0.02,99.62,141,921,8153,-6.6244707107543945,1300,130560,-3.8111908435821533,0.2621879279613495,0.001,-19.70123076,0.0009801415726542473
0.04,99.31,141,922,8169,-6.734881401062012,1304,130816,-6.56263542175293,0.003182201413437724,0.001,-19.7074304,0.0009740414097905159
0.06,98.94,141,922,8178,-6.574408531188965,1308,130960,-2.1193511486053467,0.001758013037033379,0.001,-19.67671068,0.0009706104174256325
0.07,98.67,142,923,8193,-6.641580104827881,1312,131200,-7.943259239196777,0.2527168393135071,0.001,-19.57596016,0.0009667719714343548
0.07,98.67,142,924,8253,-6.602115631103516,1316,132160,-7.377289295196533,0.0009057320421561599,0.001,-19.341501489999995,0.00094441237160936
0.07,98.67,143,924,8269,-6.571660041809082,1320,132416,-5.401611804962158,0.0005650315433740616,0.001,-19.23580088,0.0009387856116518378
0.07,98.67,143,924,8278,-6.338077068328857,1324,132560,-4.163046836853027,0.2165338695049286,0.001,-19.202271319999998,0.0009358107927255332
0.07,98.67,143,924,8293,-6.518558025360107,1328,132800,-5.253884315490723,0.0024343347176909447,0.001,-18.9732526,0.0009309741435572505
0.07,98.67,144,926,8353,-6.521548271179199,1332,133760,-4.707881927490234,0.0019324650056660175,0.001,-18.839868290000002,0.0009093695553019643
0.07,98.67,144,926,8369,-6.5457611083984375,1336,134016,-9.002472877502441,0.0012370662298053503,0.001,-18.70997775,0.0009041102603077888
0.07,98.67,144,926,8378,-6.586878299713135,1340,134160,-10.50308609008789,0.0006362969288602471,0.001,-18.63352711,0.0009002458536997437
0.07,98.67,145,926,8393,-6.4596848487854,1344,134400,-4.254306316375732,0.004843040369451046,0.001,-18.71606365,0.0008935127407312393
0.07,98.67,146,926,8453,-6.474575996398926,1348,135360,-7.461255073547363,0.003384313778951764,0.001,-18.98424615,0.0008739597979001701
0.07,98.67,146,926,8469,-6.429906368255615,1352,135616,-5.657192230224609,0.0012156092561781406,0.001,-18.93116705,0.0008698575547896326
0.07,98.67,146,927,8478,-6.417950630187988,1356,135760,-5.01637601852417,0.0011487449519336224,0.001,-18.80535743,0.0008675171993672848
0.07,98.67,146,927,8493,-6.49820613861084,1360,136000,-8.567229270935059,0.00052445731125772,0.001,-18.66440622,0.0008625949849374592
0.07,98.67,147,927,8553,-6.368779182434082,1364,136960,-0.4050315022468567,0.00118412752635777,0.001,-18.59431504,0.0008393015014007688
0.07,98.63,147,927,8569,-6.397587776184082,1368,137216,-1.825024127960205,0.0014647473581135273,0.001,-18.574699,0.0008371651056222618
0.08,98.46,148,927,8577,-6.455721855163574,1372,137344,-3.285609483718872,0.001350828679278493,0.001,-18.59234305,0.0008361517102457583
0.08,98.46,148,927,8593,-6.389418601989746,1376,137600,-3.7275259494781494,0.0012168069370090961,0.001,-18.577384870000003,0.0008331115241162479
0.08,98.46,149,928,8653,-6.308474540710449,1380,138560,-0.2519296407699585,0.0029548914171755314,0.001,-18.635423300000003,0.0008242988842539489
0.07,98.66,149,928,8669,-6.362054824829102,1384,138816,-8.821083068847656,0.0007730063516646624,0.001,-18.73315297,0.0008221708703786135
0.07,98.66,149,928,8677,-6.307401657104492,1388,138944,-5.772509574890137,0.0007131812744773924,0.001,-18.69700554,0.0008196179405786097
0.07,98.66,149,928,8693,-6.361434459686279,1392,139200,-1.2408316135406494,0.0018395688384771347,0.001,-18.753370120000003,0.000814617786090821
0.08,98.39,151,927,8751,-6.277161598205566,1396,140128,-3.655751943588257,0.1762639284133911,0.001,-18.73718854,0.0008022618130780756
0.08,98.39,151,927,8766,-6.319774627685547,1400,140368,-2.7430834770202637,0.0023616182152181864,0.001,-18.73020078,0.0007989979931153357
0.06,98.7,151,927,8776,-6.263558387756348,1404,140528,5.488936424255371,0.003915172070264816,0.001,-18.82444751,0.0007970318547450006
0.03,99.34,151,927,8793,-6.294194221496582,1408,140800,5.0313334465026855,0.0033172524999827147,0.001,-18.91907726,0.0007981915259733796
0.03,99.34,152,927,8851,-6.228090286254883,1412,141728,-4.799546241760254,0.0005097640678286552,0.001,-18.869749660000004,0.000798036577180028
0.04,99.17,152,927,8859,-6.350344657897949,1416,141856,-7.146811008453369,0.0029541347175836563,0.001,-18.9621447,0.0007952289888635278
0.05,98.88,153,927,8869,-6.306390762329102,1420,142016,-3.6120927333831787,0.0010292432270944118,0.001,-18.993492829999997,0.0007917375769466162
0.05,98.88,153,927,8893,-6.27457332611084,1424,142400,-6.805722713470459,0.0020984052680432796,0.001,-18.97050245,0.000787896104156971
0.05,98.88,154,929,8951,-6.268118858337402,1428,143328,-3.1189260482788086,0.0005862864200025797,0.001,-19.001817900000002,0.0007827818626537919
0.05,98.88,154,929,8959,-6.14028263092041,1432,143456,-1.1966850757598877,0.01015014573931694,0.001,-18.93304518,0.0007814537384547293
0.05,98.88,154,929,8969,-6.213564872741699,1436,143616,1.5158061981201172,0.013890668749809265,0.001,-18.9922469,0.0007807002984918654
0.05,98.88,154,930,8993,-6.081178665161133,1440,144000,-6.3183135986328125,0.25756144523620605,0.001,-18.91467978,0.0007772714598104358
0.05,98.88,155,932,9051,-6.164421558380127,1444,144928,-1.78288996219635,0.0010105626424774528,0.001,-18.961779,0.0007702502771280706
0.05,98.88,155,932,9059,-6.206791877746582,1448,145056,-5.209369659423828,0.0008598870481364429,0.001,-18.68266828,0.0007693986408412457
0.05,98.88,155,932,9069,-6.258784294128418,1452,145216,-2.771043300628662,0.002316701225936413,0.001,-18.67559588,0.0007675221422687173
0.05,98.88,156,933,9093,-6.204647064208984,1456,145600,-5.508083820343018,0.0011982442811131477,0.001,-18.7992559,0.0007674983935430646
0.05,98.88,156,934,9151,-6.14660120010376,1460,146528,-2.0851328372955322,0.0006282968097366393,0.001,-18.85941769,0.0007605940918438137
0.05,98.88,156,935,9159,-6.165369987487793,1464,146656,-5.187994003295898,0.0005562289734371006,0.001,-18.959146609999998,0.0007584489649161696
0.04,99.1,156,935,9169,-6.164544582366943,1468,146816,-2.3860983848571777,0.00044223040458746254,0.001,-18.974881789999998,0.0007555082556791604
0.03,99.27,157,936,9193,-6.059998035430908,1472,147200,-5.491511821746826,0.0004653369833249599,0.001,-19.020604510000002,0.0007499252096749842
0.03,99.27,158,936,9251,-6.108802795410156,1476,148128,5.347118377685547,0.0010560615919530392,0.001,-19.17642342,0.0007387163350358605
0.03,99.27,158,936,9259,-5.963253974914551,1480,148256,-4.915472030639648,0.0034441836178302765,0.001,-19.25057714,0.0007394669810310006
0.03,99.27,158,936,9269,-6.1067304611206055,1484,148416,-1.14186692237854,0.0022095392923802137,0.001,-19.23045453,0.000738387752790004
0.03,99.27,158,935,9293,-6.054288387298584,1488,148800,-5.877633094787598,0.0006741228280588984,0.001,-19.36383786,0.0007348594954237342
0.03,99.27,160,935,9351,-6.072339057922363,1492,149728,-4.2654314041137695,0.0012949056690558791,0.001,-19.211523319999998,0.0007200943655334413
0.02,99.54,160,935,9359,-5.9772539138793945,1496,149856,-4.360440254211426,0.0033472401555627584,0.001,-19.291616150000003,0.0007180679240263999
0.02,99.54,160,935,9369,-6.027405738830566,1500,150016,-2.2146811485290527,0.0032501218374818563,0.001,-19.20341389,0.0007157645304687321
0.02,99.54,160,935,9393,-5.946132659912109,1504,150400,-1.880997657775879,0.0009508286020718515,0.001,-19.0552924,0.0007138380315154791
0.02,99.54,161,937,9451,-5.99117374420166,1508,151328,-2.168109893798828,0.0006415011011995375,0.001,-19.108090009999998,0.0007102292729541659
0.02,99.54,161,937,9459,-5.963872909545898,1512,151456,-6.741731643676758,0.0005675433203577995,0.001,-19.21025825,0.0007080144714564085
0.01,99.71,161,937,9469,-5.998100757598877,1516,151616,-2.5881500244140625,0.0004898733459413052,0.001,-19.23063899,0.0007047489634715021
0.0,100.0,161,938,9493,-5.976757049560547,1520,152000,-0.04449397325515747,0.0008906380389817059,0.001,-19.304706210000003,0.0007010898552834988
0.0,100.0,162,939,9551,-5.965921401977539,1524,152928,-2.3238658905029297,0.0008952762582339346,0.001,-19.322033450000003,0.0006915850099176168
0.0,100.0,162,939,9559,-5.979917526245117,1528,153056,-3.6062350273132324,0.000731663778424263,0.001,-19.38013916,0.0006903253961354494
0.0,100.0,163,939,9569,-5.9559478759765625,1532,153216,4.483879566192627,0.001266366452910006,0.001,-19.3594055,0.0006888444186188281
0.0,100.0,163,939,9593,-6.029963493347168,1536,153600,-2.818748950958252,0.0009331722394563258,0.001,-19.41811745,0.0006862524314783514
0.0,100.0,164,939,9651,-5.855248928070068,1540,154528,-4.052481651306152,0.0020350064150989056,0.001,-19.396496830000004,0.0006763595738448203
0.0,100.0,164,939,9659,-5.919280052185059,1544,154656,-5.5167646408081055,0.012522008270025253,0.001,-19.31574008,0.0006754120695404708
0.0,100.0,164,939,9669,-5.859834671020508,1548,154816,-4.752798557281494,0.0069938646629452705,0.001,-19.29855669,0.000672828929964453
0.0,100.0,165,939,9693,-5.885036945343018,1552,155200,-1.4512736797332764,0.0018456759862601757,0.001,-19.35223093,0.0006639347993768752
0.0,100.0,166,938,9751,-5.830425262451172,1556,156128,-0.6635900735855103,0.0009604952065274119,0.001,-19.29918341,0.0006545157521031797
0.0,100.0,166,938,9759,-5.791505336761475,1560,156256,1.3549264669418335,0.0006343460408970714,0.001,-19.349649399999997,0.0006527898949570954
0.0,100.0,166,938,9769,-5.811614990234375,1564,156416,-2.225961208343506,0.0006400932907126844,0.001,-19.410451109999997,0.0006517094443552196
0.0,100.0,167,938,9793,-5.810966491699219,1568,156800,-0.8775429725646973,0.18216180801391602,0.001,-19.3822787,0.0006484793848358095
0.0,100.0,168,937,9851,-5.864182949066162,1572,157728,2.5369555950164795,0.002231813035905361,0.001,-19.406381399999997,0.0006612199358642101
0.0,100.0,168,937,9859,-5.741947650909424,1576,157856,5.926281452178955,0.0015602677594870329,0.001,-19.41525649,0.0006627803086303174
0.0,100.0,168,937,9869,-5.829583644866943,1580,158016,3.5370092391967773,0.0008409266010858119,0.001,-19.27295197,0.0006650466821156442
0.0,100.0,168,938,9893,-5.837146759033203,1584,158400,10.419792175292969,0.004280261229723692,0.001,-19.22934095,0.0006720898672938347
0.0,100.0,169,937,9951,-5.69488525390625,1588,159328,0.42866015434265137,0.0010967808775603771,0.001,-19.27825354,0.0006787070306017995
0.0,100.0,170,937,9959,-5.85715389251709,1592,159456,-5.386488914489746,0.002056035678833723,0.001,-19.356539090000002,0.0006780658732168376
0.0,100.0,170,937,9969,-5.763791084289551,1596,159616,-1.3423537015914917,0.0013731397921219468,0.001,-19.375250110000003,0.0006759375100955367
0.0,100.0,170,937,9993,-5.742598533630371,1600,160000,-1.8940507173538208,0.00085000682156533,0.001,-19.56299747,0.0006725976709276438
0.0,100.0,171,937,10051,-5.750058174133301,1604,160928,-0.7827600240707397,0.0009271330200135708,0.001,-19.628617669999997,0.000666998908855021
0.0,100.0,171,937,10059,-5.731263160705566,1608,161056,-1.0628974437713623,0.0008564740419387817,0.001,-19.65292768,0.0006669915746897459
0.0,100.0,172,937,10069,-5.793262481689453,1612,161216,-1.5032389163970947,0.001040422823280096,0.001,-19.617053329999997,0.0006667721318081021
0.0,100.0,172,936,10093,-5.710574150085449,1616,161600,-3.9814224243164062,0.0004358216538093984,0.001,-19.559787770000003,0.0006675926269963384
0.01,99.73,173,936,10151,-5.700080871582031,1620,162528,-3.2101192474365234,0.00207872805185616,0.001,-19.357976129999997,0.0006606104434467852
0.01,99.73,173,936,10156,-5.696619987487793,1624,162608,-3.9181149005889893,0.0014693690463900566,0.001,-19.340985699999997,0.0006608691182918847
0.01,99.73,173,936,10169,-5.773590564727783,1628,162816,-0.9469447731971741,0.0007296581752598286,0.001,-19.244873199999997,0.0006590983248315752
0.01,99.73,174,935,10193,-5.8154401779174805,1632,163200,-2.649954319000244,0.0021169374231249094,0.001,-19.116226790000002,0.0006584298680536449
0.01,99.73,175,936,10251,-5.76439094543457,1636,164128,6.107698917388916,0.0014449164737015963,0.001,-19.06082435,0.0006719991215504706
0.01,99.73,175,936,10256,-5.654115200042725,1640,164208,1.5349825620651245,0.0011871089227497578,0.001,-19.09191376,0.0006745427381247282
0.01,99.73,175,936,10269,-5.695323944091797,1644,164416,-5.01212215423584,0.001470522372983396,0.001,-19.16616628,0.0006759591633453965
0.01,99.73,176,935,10293,-5.627939224243164,1648,164800,-0.8827817440032959,0.0019816462881863117,0.001,-19.20437691,0.000680566590745002
0.01,99.73,177,935,10351,-5.588016510009766,1652,165728,-4.665111541748047,0.0005949141923338175,0.001,-19.185798009999996,0.0006876393454149365
0.01,99.73,177,935,10356,-5.601945400238037,1656,165808,0.9664193987846375,0.0006500859744846821,0.001,-19.23184076,0.0006867133197374642
0.01,99.73,177,936,10369,-5.594538688659668,1660,166016,-0.9878982901573181,0.0006075840792618692,0.001,-19.12222395,0.0006852570804767311
0.01,99.73,177,935,10393,-5.617297172546387,1664,166400,3.659775495529175,0.0016207078006118536,0.001,-19.009601299999996,0.0006847879849374294
0.01,99.73,178,935,10451,-5.497584819793701,1668,167328,1.5417158603668213,0.0013216529041528702,0.001,-19.040053020000002,0.0006877573905512691
0.01,99.73,178,935,10456,-5.612128734588623,1672,167408,4.134052753448486,0.004728786647319794,0.001,-19.00655927,0.0006883302121423185
0.01,99.73,179,935,10469,-5.574544906616211,1676,167616,3.9637417793273926,0.0010197899537160993,0.001,-18.909915520000002,0.0006919494480825961
0.01,99.73,179,935,10493,-5.556325435638428,1680,168000,-7.640125274658203,0.0018814457580447197,0.001,-18.95573686,0.0007029232219792902
0.02,99.36,180,934,10551,-5.525968551635742,1684,168928,-1.92660653591156,0.002764736767858267,0.001,-18.779103579999997,0.0006971251568756998
0.02,99.36,180,934,10556,-5.543734550476074,1688,169008,-1.9777029752731323,0.00322564784437418,0.001,-18.71394611,0.0006962358602322638
0.02,99.36,181,934,10569,-5.524661064147949,1692,169216,-0.3493509590625763,0.0010400149039924145,0.001,-18.71483978,0.0006937817670404911
0.02,99.36,181,934,10593,-5.497711658477783,1696,169600,1.1150622367858887,0.001386270159855485,0.001,-18.682168840000003,0.0006934153498150408
0.02,99.36,182,935,10651,-5.480775833129883,1700,170528,1.811671257019043,0.0014910917961969972,0.001,-18.65059546,0.0007032139110378921
0.02,99.36,182,935,10656,-5.450484275817871,1704,170608,3.8492372035980225,0.0011255544377490878,0.001,-18.600655009999997,0.0007045117090456188
0.02,99.36,182,935,10669,-5.481130599975586,1708,170816,-3.880044460296631,0.0007174608763307333,0.001,-18.58375057,0.0007082649972289801
0.02,99.36,183,935,10693,-5.584705829620361,1712,171200,0.7479974627494812,0.0005140748107805848,0.001,-18.617497770000003,0.0007044596713967621
0.02,99.36,184,934,10751,-5.536047458648682,1716,172128,-4.906947135925293,0.000516521162353456,0.001,-18.56660072,0.0006979064783081412
0.01,99.63,184,934,10756,-5.451348304748535,1720,172208,2.4470696449279785,0.0006379858823493123,0.001,-18.636546080000002,0.0006967014633119106
0.01,99.63,184,934,10769,-5.542115211486816,1724,172416,-1.040729284286499,0.0030989651568233967,0.001,-18.586651110000002,0.0006957022123970091
0.01,99.63,184,934,10793,-5.457179069519043,1728,172800,2.6716630458831787,0.0016628219746053219,0.001,-18.60247787,0.0007020355551503599
0.01,99.63,186,933,10851,-5.415369987487793,1732,173728,3.93721342086792,0.000497691216878593,0.001,-18.65027694,0.0007082491647452116
0.01,99.63,186,933,10856,-5.452057838439941,1736,173808,0.5074805617332458,0.0004736090777441859,0.001,-18.653500160000004,0.0007086711120791733
0.01,99.63,186,934,10869,-5.453983783721924,1740,174016,0.3399431109428406,0.0016480664489790797,0.001,-18.60251054,0.0007080441573634744
0.01,99.63,186,934,10893,-5.306870937347412,1744,174400,-1.5898077487945557,0.0005648201913572848,0.001,-18.506029270000003,0.0007116469787433743
0.01,99.63,187,933,10951,-5.392892360687256,1748,175328,3.2942910194396973,0.0016908233519643545,0.001,-18.493782510000003,0.0007259961566887796
0.01,99.63,187,933,10956,-5.3888630867004395,1752,175408,2.478593349456787,0.0010155272902920842,0.001,-18.48655137,0.0007282703882083297
0.01,99.63,188,933,10969,-5.3996429443359375,1756,175616,-0.15980064868927002,0.0004232891951687634,0.001,-18.42516572,0.0007320172153413296
0.01,99.63,188,933,10993,-5.351186752319336,1760,176000,2.2818193435668945,0.001182934851385653,0.001,-18.4491207,0.0007333682151511312
0.01,99.63,189,933,11051,-5.349526405334473,1764,176928,-0.127317875623703,0.0005113703664392233,0.001,-18.47206491,0.0007299467688426375
0.01,99.63,189,933,11056,-5.317065238952637,1768,177008,-0.39817190170288086,0.00234793359413743,0.001,-18.430956730000002,0.0007308477652259171
0.01,99.63,189,934,11069,-5.32295560836792,1772,177216,10.947063446044922,0.004041075706481934,0.001,-18.321014039999998,0.0007339168223552406
0.01,99.63,189,934,11093,-5.391480922698975,1776,177600,0.2579115629196167,0.0007134827901609242,0.001,-18.39775553,0.000768144556786865
0.01,99.63,190,936,11151,-5.353075981140137,1780,178528,-3.021550178527832,0.0005014940397813916,0.001,-18.464640799999998,0.0007792576216161251
0.0,100.0,190,937,11156,-5.245541095733643,1784,178608,-0.49160146713256836,0.0004193512722849846,0.001,-18.539582269999997,0.0007788193179294467
0.0,100.0,190,937,11169,-5.2222795486450195,1788,178816,-1.8436952829360962,0.000494893582072109,0.001,-18.57276108,0.000777029141318053
0.0,100.0,190,938,11193,-5.246982574462891,1792,179200,1.2666503190994263,0.00035793392453342676,0.001,-18.411119170000003,0.0007760016014799476
0.0,100.0,191,938,11251,-5.309267997741699,1796,180128,-0.050626397132873535,0.0005088896141387522,0.001,-18.2691877,0.0007643216522410512
0.0,100.0,191,938,11256,-5.266537666320801,1800,180208,-1.6620357036590576,0.00039507466135546565,0.001,-18.235338610000003,0.0007634303765371442
0.0,100.0,192,939,11269,-5.296202659606934,1804,180416,-2.7878284454345703,0.0003711506724357605,0.001,-18.20774231,0.0007604958373121917
0.0,100.0,192,938,11293,-5.302630424499512,1808,180800,-2.519043445587158,0.004801236093044281,0.001,-18.040799200000002,0.0007551289745606482
0.0,100.0,193,938,11351,-5.230498313903809,1812,181728,-2.0670809745788574,0.0008698162855580449,0.001,-17.98637062,0.0007436370360665023
0.0,100.0,193,938,11356,-5.197263717651367,1816,181808,3.6511082649230957,0.0012406285386532545,0.001,-18.003421999999997,0.0007428491953760386
0.0,100.0,193,938,11369,-5.211249351501465,1820,182016,0.868880569934845,0.0005985337775200605,0.001,-18.070866769999995,0.0007443546783179045
0.0,100.0,194,938,11393,-5.224508285522461,1824,182400,-2.4869680404663086,0.0007766138296574354,0.001,-18.17283416,0.0007403557538054883
0.0,100.0,195,937,11451,-5.203617095947266,1828,183328,-3.861584186553955,0.0022798501886427402,0.001,-18.107990849999997,0.0007335878908634186
0.01,99.87,195,937,11456,-5.189561367034912,1832,183408,-3.630828619003296,0.0010937907500192523,0.001,-18.06141744,0.0007329788058996201
0.01,99.87,195,937,11466,-5.208172798156738,1836,183568,1.003117561340332,0.0007396579021587968,0.001,-18.033758239999997,0.0007311443914659321
0.01,99.87,196,937,11493,-5.136359214782715,1840,184000,-3.145054817199707,0.0036654905416071415,0.001,-18.1388762,0.0007407554658129811
0.01,99.87,197,936,11551,-5.087179183959961,1844,184928,1.135390043258667,0.0007493618177250028,0.001,-18.216301740000002,0.000757852103561163
0.01,99.87,197,936,11556,-5.157474994659424,1848,185008,-0.13255465030670166,0.000598785059992224,0.001,-18.284562010000002,0.0007591773173771799
0.01,99.87,197,936,11566,-5.099455833435059,1852,185168,1.2655675411224365,0.11886259913444519,0.001,-18.3023323,0.0007614460773766041
0.01,99.87,198,936,11593,-5.122186660766602,1856,185600,-1.7917709350585938,0.0004897359758615494,0.001,-18.22465296,0.0007635745569132268
0.01,99.87,199,936,11651,-5.095663070678711,1860,186528,1.6868354082107544,0.001386640826240182,0.001,-18.169767189999998,0.00076345878187567
0.01,99.87,199,936,11656,-5.11795711517334,1864,186608,-0.24607694149017334,0.0013198216911405325,0.001,-18.199489170000003,0.0007637384114786983
0.01,99.87,199,936,11666,-5.145628929138184,1868,186768,4.2219438552856445,0.0010089291026815772,0.001,-18.20232261,0.0007673132349736989
0.01,99.87,199,936,11693,-5.119854927062988,1872,187200,-2.453335762023926,0.003746083937585354,0.001,-18.29947671,0.0007758273859508336
0.02,99.57,200,935,11742,-5.0059099197387695,1876,187984,-4.901970863342285,0.11660419404506683,0.001,-18.226425709999997,0.0007592671317979693
0.02,99.57,201,936,11755,-4.996316909790039,1880,188192,9.17462158203125,0.0009182440117001534,0.001,-18.13894413,0.0007561028469353914
0.02,99.57,201,935,11766,-5.090750694274902,1884,188368,-0.2614717483520508,0.004661685787141323,0.001,-18.154074330000004,0.0007614929345436394
0.02,99.57,201,935,11793,-5.151413917541504,1888,188800,-6.814209461212158,0.0008769596461206675,0.001,-18.23397634,0.0007799390587024391
0.02,99.57,202,935,11842,-5.017308712005615,1892,189584,-4.837709903717041,0.0008360978681594133,0.001,-18.316538719999997,0.0007648718310520053
0.02,99.57,202,935,11855,-5.056888580322266,1896,189792,-2.456564426422119,0.0011122818104922771,0.001,-18.414340459999995,0.0007566788699477911
0.02,99.57,203,935,11866,-4.971453666687012,1900,189968,-3.0875792503356934,0.09437978267669678,0.001,-18.43862247,0.0007517468766309321
0.02,99.57,203,935,11893,-4.901463508605957,1904,190400,-0.8351507186889648,0.0008649498922750354,0.001,-18.41217246,0.0007429486722685397
0.02,99.57,204,935,11942,-4.994395732879639,1908,191184,-0.9456647038459778,0.0005290661938488483,0.001,-18.471405689999997,0.0007284815073944628
0.02,99.57,204,935,11955,-4.961103439331055,1912,191392,-5.429089069366455,0.0005252471892163157,0.001,-18.41732237,0.0007261017453856766
0.02,99.57,204,935,11966,-5.008815288543701,1916,191568,-4.320434093475342,0.0013350567314773798,0.001,-18.493157580000002,0.0007211688789539039
0.02,99.57,205,934,11993,-4.9272589683532715,1920,192000,-2.0733489990234375,0.0006573424907401204,0.001,-18.447566050000002,0.0007078254711814225
0.02,99.57,206,935,12042,-4.922967433929443,1924,192784,-1.3782621622085571,0.001446148264221847,0.001,-18.345727590000003,0.000686683168169111
0.02,99.57,206,935,12055,-4.924820899963379,1928,192992,5.327388286590576,0.0014520807890221477,0.001,-18.42631033,0.0006828804034739733
0.01,99.7,206,935,12066,-4.970290660858154,1932,193168,1.4459166526794434,0.0007986627169884741,0.001,-18.3530147,0.0006865784525871277
0.01,99.7,207,935,12093,-5.033429145812988,1936,193600,-3.8948473930358887,0.0023115696385502815,0.001,-18.408680609999998,0.0006774108042009175
0.01,99.7,207,935,12142,-4.945798873901367,1940,194384,-2.00504469871521,0.0003621273208409548,0.001,-18.36770663,0.0006625758251175284
0.01,99.7,207,935,12155,-5.020070552825928,1944,194592,-0.5637496709823608,0.0022101846989244223,0.001,-18.31978064,0.0006590043194591999
0.01,99.7,208,935,12166,-4.903125286102295,1948,194768,-1.9054207801818848,0.0011633005924522877,0.001,-18.17581444,0.0006577727035619318
0.01,99.7,208,935,12193,-4.94828987121582,1952,195200,-4.210186958312988,0.0011839958606287837,0.001,-18.165870459999997,0.0006578411557711661
0.01,99.7,209,936,12242,-4.895969390869141,1956,195984,-1.1899460554122925,0.0005460305837914348,0.001,-18.100928059999998,0.0006482817698270082
0.01,99.7,209,935,12255,-4.905876159667969,1960,196192,0.03735470771789551,0.00048345018876716495,0.001,-18.137371009999995,0.0006477963179349899
0.01,99.7,209,935,12266,-4.819577217102051,1964,196368,-2.5693142414093018,0.00032637076219543815,0.001,-18.12210849,0.0006462256424129009
0.01,99.7,210,935,12293,-4.976563453674316,1968,196800,-0.7245921492576599,0.003003304824233055,0.001,-18.13261374,0.0006372464122250676
0.01,99.7,211,935,12342,-4.82305383682251,1972,197584,3.556246280670166,0.09258753806352615,0.001,-18.07131955,0.000629730406217277
0.0,100.0,211,935,12355,-4.7639312744140625,1976,197792,0.5645999908447266,0.0006761139957234263,0.001,-18.03836588,0.0006312161567620933
0.0,100.0,211,935,12366,-4.832362651824951,1980,197968,2.0462026596069336,0.0008792075095698237,0.001,-18.06565908,0.000631392584182322
0.0,100.0,212,934,12393,-4.873077392578125,1984,198400,-1.538450837135315,0.00041487099952064455,0.001,-18.070368,0.0006320751272141933
0.0,100.0,213,934,12442,-4.833690643310547,1988,199184,-1.5033226013183594,0.001062797848135233,0.001,-18.12089343,0.0006217925692908466
0.0,100.0,213,934,12455,-4.820131778717041,1992,199392,0.970771312713623,0.0010278134141117334,0.001,-18.09763656,0.0006214744644239545
0.0,100.0,213,934,12466,-4.8695197105407715,1996,199568,-7.001380443572998,0.0007272287039086223,0.001,-18.054190849999998,0.0006212880834937096
0.0,100.0,213,935,12493,-4.835672855377197,2000,200000,-6.243613243103027,0.0004337317659519613,0.001,-18.16923505,0.0006089158123359084
0.0,100.0,214,937,12542,-4.718301773071289,2004,200784,-2.028942108154297,0.00038005656097084284,0.001,-18.15873221,0.0005939602851867676
0.0,100.0,214,937,12555,-4.7837934494018555,2008,200992,0.2412416934967041,0.0019408122170716524,0.001,-18.164326439999996,0.0005892568151466548
0.0,100.0,214,938,12566,-4.711849212646484,2012,201168,0.053595900535583496,0.0010484118247404695,0.001,-18.27975719,0.0005863572587259114
0.0,100.0,214,938,12593,-4.828888416290283,2016,201600,-0.4901745319366455,0.0012696844059973955,0.001,-18.199279930000003,0.0005813094903714955
0.0,100.0,215,939,12642,-4.7497782707214355,2020,202384,-1.1803820133209229,0.0010454086586833,0.001,-18.21726272,0.0005855137715116143
0.0,100.0,215,939,12655,-4.746145725250244,2024,202592,-1.8776322603225708,0.00196482939645648,0.001,-18.30665999,0.0005840782541781664
0.0,100.0,215,939,12666,-4.669831275939941,2028,202768,1.042123556137085,0.001140823820605874,0.001,-18.30315734,0.0005831170710735023
0.0,100.0,216,938,12693,-4.708524227142334,2032,203200,1.811744213104248,0.0006030292715877295,0.001,-18.38223644,0.0005889598978683352
0.0,100.0,217,938,12742,-4.794149398803711,2036,203984,-0.9891088604927063,0.0004551125457510352,0.001,-18.35317168,0.000595778226852417
0.0,100.0,217,938,12755,-4.669173717498779,2040,204192,-3.2862675189971924,0.00033108005300164223,0.001,-18.43175592,0.0005912483902648091
0.0,100.0,217,938,12766,-4.783321380615234,2044,204368,-3.2450132369995117,0.00036158025613985956,0.001,-18.473526709999998,0.0005877204821445048
0.0,100.0,218,938,12793,-4.643721580505371,2048,204800,-1.948804497718811,0.000778577639721334,0.001,-18.588736739999998,0.0005785009125247598
0.0,100.0,219,938,12842,-4.5891265869140625,2052,205584,-1.3646961450576782,0.001476894598454237,0.001,-18.640858029999997,0.0005739294574595988
0.0,100.0,219,938,12855,-4.626034736633301,2056,205792,2.214221954345703,0.0005206576315686107,0.001,-18.634070350000005,0.0005731740384362638
0.0,100.0,219,938,12866,-4.713840484619141,2060,205968,-1.1483433246612549,0.0022677849046885967,0.001,-18.65934189,0.0005732789868488908
0.0,100.0,220,937,12893,-4.584543704986572,2064,206400,-4.982809066772461,0.0009704288095235825,0.001,-18.529683430000002,0.0005739655462093651
0.0,100.0,220,937,12942,-4.631613731384277,2068,207184,-4.196821212768555,0.0024087601341307163,0.001,-18.55294019,0.0005751515855081379
0.0,100.0,221,937,12955,-4.651379585266113,2072,207392,-0.8989242315292358,0.0008401257800869644,0.001,-18.66614902,0.0005730062257498503
0.0,100.0,221,937,12966,-4.628838062286377,2076,207568,1.0176663398742676,0.00043685745913535357,0.001,-18.68815124,0.0005724767106585205
0.0,100.0,221,937,12993,-4.560778617858887,2080,208000,0.08188202977180481,0.0007714689709246159,0.001,-18.71540299,0.0005711769335903227
0.0,100.0,222,937,13042,-4.643921852111816,2084,208784,1.8353502750396729,0.0008107649628072977,0.001,-18.71888211,0.0005649859667755663
0.0,100.0,222,937,13055,-4.6315789222717285,2088,208992,-1.0085532665252686,0.0005373145686462522,0.001,-18.664422489999996,0.0005645235651172698
0.0,100.0,223,937,13066,-4.590022087097168,2092,209168,-1.1753498315811157,0.0014645594637840986,0.001,-18.66523965,0.0005621444433927536
0.0,100.0,223,937,13093,-4.58734130859375,2096,209600,-5.740007400512695,0.0003457405255176127,0.001,-18.653039829999997,0.0005536904791370034
0.0,100.0,224,937,13142,-4.564560413360596,2100,210384,-2.057304859161377,0.00024279496574308723,0.001,-18.6451338,0.0005395029438659549
0.0,100.0,224,937,13155,-4.618221759796143,2104,210592,-0.3732156753540039,0.00030561897438019514,0.001,-18.69102795,0.0005361842922866344
0.0,100.0,224,937,13166,-4.586016654968262,2108,210768,1.2139688730239868,0.0003062879550270736,0.001,-18.71757191,0.0005340116913430393
0.0,100.0,225,937,13193,-4.585570335388184,2112,211200,4.973423004150391,0.002221688162535429,0.001,-18.60474677,0.0005335123278200626
0.0,100.0,226,936,13242,-4.501098155975342,2116,211984,1.9864223003387451,0.001408315496519208,0.001,-18.641779209999996,0.0005390082369558513
0.0,100.0,226,936,13255,-4.510158061981201,2120,212192,10.317179679870605,0.0011649238876998425,0.001,-18.64553123,0.0005435285274870694
0.0,100.0,226,937,13266,-4.576713562011719,2124,212368,10.643951416015625,0.0016429699026048183,0.001,-18.56966391,0.0005554940435104072
0.0,100.0,227,937,13293,-4.491715908050537,2128,212800,4.908522605895996,0.0008277013548649848,0.001,-18.627236250000003,0.0005686579970642924
0.0,100.0,227,937,13342,-4.476061820983887,2132,213584,1.082519769668579,0.00030747579876333475,0.001,-18.608025610000002,0.0005796827608719468
0.0,100.0,228,937,13355,-4.553061485290527,2136,213792,-4.001151084899902,0.0003462808672338724,0.001,-18.67919733,0.0005754525191150606
0.0,100.0,228,937,13366,-4.546682834625244,2140,213968,-4.7279276847839355,0.0013923097867518663,0.001,-18.650710329999995,0.0005690635298378766
0.0,100.0,228,937,13393,-4.460520267486572,2144,214400,-2.906869411468506,0.001488145673647523,0.001,-18.58554646,0.0005523224244825542
0.0,100.0,229,937,13442,-4.481044292449951,2148,215184,-2.529489040374756,0.0004061471554450691,0.001,-18.613452730000002,0.0005294375005178154
0.0,100.0,229,937,13455,-4.48463249206543,2152,215392,-2.0942611694335938,0.000270338321570307,0.001,-18.61418267,0.0005239025340415537
0.0,100.0,229,937,13466,-4.596198081970215,2156,215568,-5.245598793029785,0.0009919048752635717,0.001,-18.63224127,0.0005208022776059806
0.0,100.0,230,937,13493,-4.462817192077637,2160,216000,3.5906124114990234,0.0004568185831885785,0.001,-18.64047946,0.0005155617836862803
0.0,100.0,231,938,13542,-4.381322860717773,2164,216784,-0.9402331113815308,0.0013222208945080638,0.001,-18.66134707,0.0005155996768735349
0.0,100.0,231,938,13555,-4.445169448852539,2168,216992,1.161304235458374,0.0012120167957618833,0.001,-18.62001669,0.0005187567439861596
0.0,100.0,231,938,13566,-4.437420845031738,2172,217168,-2.7068748474121094,0.0007201475091278553,0.001,-18.668248979999998,0.0005231380928307772
0.0,100.0,231,938,13593,-4.396053791046143,2176,217600,-0.8719263076782227,0.00033985066693276167,0.001,-18.739404389999997,0.0005192462704144418
0.0,100.0,232,938,13642,-4.429142475128174,2180,218384,-4.608097553253174,0.0002789968566503376,0.001,-18.746867469999998,0.0005085133016109467
0.0,100.0,233,938,13655,-4.413599967956543,2184,218592,1.939164638519287,0.0011817370541393757,0.001,-18.724300680000002,0.0005047015729360282
0.0,100.0,233,938,13666,-4.360595703125,2188,218768,-0.6026661396026611,0.0004356293356977403,0.001,-18.737985190000003,0.0005027938750572503
0.0,100.0,233,937,13693,-4.371147155761719,2192,219200,3.0043492317199707,0.006106332875788212,0.001,-18.679141570000002,0.000501231465023011
0.0,100.0,234,937,13742,-4.45830774307251,2196,219984,1.1496269702911377,0.0022847596555948257,0.001,-18.7004737,0.0005301291821524501
0.0,100.0,234,937,13755,-4.314675331115723,2200,220192,-0.5275840163230896,0.0018533595139160752,0.001,-18.69868334,0.0005315329763107002
0.0,100.0,234,937,13766,-4.355016708374023,2204,220368,-1.6116321086883545,0.00073696777690202,0.001,-18.64687903,0.0005339828785508871
0.0,100.0,235,937,13793,-4.393531799316406,2208,220800,6.854602813720703,0.00099398591555655,0.001,-18.78884227,0.0005368067650124431
0.0,100.0,236,937,13842,-4.3502702713012695,2212,221584,-4.562897682189941,0.0008225905476137996,0.001,-18.906649129999998,0.0005424547707661986
0.0,100.0,236,937,13855,-4.350264549255371,2216,221792,-1.917818546295166,0.0003977208398282528,0.001,-18.91294394,0.0005384598043747246
0.0,100.0,236,937,13866,-4.2742156982421875,2220,221968,1.406935453414917,0.00030238134786486626,0.001,-19.042466230000002,0.0005356788169592619
0.0,100.0,237,937,13893,-4.306085586547852,2224,222400,0.6492300033569336,0.0018087029457092285,0.001,-19.15751918,0.000530222721863538
0.0,100.0,238,937,13942,-4.317788600921631,2228,223184,-1.3476698398590088,0.00036621317849494517,0.001,-19.16774858,0.0005302586359903216
0.0,100.0,238,937,13955,-4.310829162597656,2232,223392,-0.5055224299430847,0.0016751040238887072,0.001,-19.222660790000003,0.0005306706298142672
0.0,100.0,238,937,13966,-4.258718490600586,2236,223568,3.0599966049194336,0.0008643359178677201,0.001,-19.229892560000003,0.0005308139370754361
0.0,100.0,239,936,13993,-4.297715187072754,2240,224000,-2.2335498332977295,0.0005338315386325121,0.001,-19.21234638,0.0005338041810318828
0.0,100.0,240,936,14042,-4.250739574432373,2244,224784,-2.2112441062927246,0.0008322354988195002,0.001,-19.22622436,0.0005341782234609127
0.0,100.0,240,936,14055,-4.290839195251465,2248,224992,0.8945608139038086,0.0005252888659015298,0.001,-19.186999769999996,0.0005314151057973504
0.0,100.0,240,936,14066,-4.2599897384643555,2252,225168,-0.27982527017593384,0.0003370055928826332,0.001,-19.21580926,0.0005321690114215016
0.0,100.0,240,936,14093,-4.278534889221191,2256,225600,0.4424760341644287,0.0007545624393969774,0.001,-19.290119139999998,0.0005493098869919777
0.0,100.0,241,936,14142,-4.214533805847168,2260,226384,1.1486258506774902,0.0004354922566562891,0.001,-19.32234362,0.0005454611964523792
0.0,100.0,242,936,14155,-4.261384963989258,2264,226592,-2.644524097442627,0.00036241725319996476,0.001,-19.33661494,0.0005456758080981672
0.0,100.0,242,936,14166,-4.1975507736206055,2268,226768,-0.29091328382492065,0.0013423054479062557,0.001,-19.353426669999998,0.0005432499456219375
0.0,100.0,242,935,14193,-4.240766525268555,2272,227200,-4.532959938049316,0.0005209940136410296,0.001,-19.329924420000005,0.0005403577233664691
0.0,100.0,243,935,14242,-4.265278339385986,2276,227984,-2.9335081577301025,0.0003539486788213253,0.001,-19.30441027,0.0005250003305263817
0.0,100.0,243,935,14255,-4.1518378257751465,2280,228192,4.286293983459473,0.000949084002058953,0.001,-19.27349658,0.0005217142170295119
0.0,100.0,244,935,14266,-4.135059833526611,2284,228368,0.2880663275718689,0.0004330278025008738,0.001,-19.348472249999997,0.00052373216021806
0.0,100.0,244,935,14293,-4.264949798583984,2288,228800,-3.5542588233947754,0.001694145379588008,0.001,-19.40895558,0.0005264123901724815
0.0,100.0,245,934,14342,-4.165682792663574,2292,229584,1.7097376585006714,0.0012492382666096091,0.001,-19.37460517,0.0005127289332449436
0.0,100.0,245,934,14355,-4.147069931030273,2296,229792,2.2443628311157227,0.0005745860980823636,0.001,-19.44220347,0.0005156411789357662
0.0,100.0,246,934,14366,-4.13378381729126,2300,229968,0.5308042764663696,0.0003125092771369964,0.001,-19.57538822,0.0005185022600926459
0.0,100.0,246,934,14393,-4.189692497253418,2304,230400,-5.949832916259766,0.0002444690908305347,0.001,-19.74924949,0.0005104770534671843
0.0,100.0,247,934,14442,-4.141533374786377,2308,231184,-0.9599219560623169,0.0006081088213250041,0.001,-19.73921377,0.0004885667585767806
0.0,100.0,247,934,14455,-4.161707401275635,2312,231392,1.3156731128692627,0.07611772418022156,0.001,-19.589134960000003,0.0004864891816396266
0.0,100.0,247,934,14466,-4.166486740112305,2316,231568,-1.4900349378585815,0.0007663790602236986,0.001,-19.57166481,0.000485255935927853
0.0,100.0,248,934,14493,-4.023343086242676,2320,232000,-0.5577260255813599,0.0003008524945471436,0.001,-19.42530425,0.0004773750260937959
0.0,100.0,248,935,14542,-4.0951619148254395,2324,232784,8.144786834716797,0.0019724913872778416,0.001,-19.375242519999997,0.00047782366164028645
0.0,100.0,249,935,14555,-4.074160575866699,2328,232992,-6.024606704711914,0.0005714428843930364,0.001,-19.41451977,0.00048654971760697663
0.0,100.0,249,935,14566,-4.051717758178711,2332,233168,-3.230541229248047,0.0007975253975018859,0.001,-19.439236860000005,0.0004837722226511687
0.0,100.0,249,935,14593,-4.052206039428711,2336,233600,-0.9848163723945618,0.0004338804283179343,0.001,-19.409371229999998,0.00047600301331840456
0.0,100.0,250,936,14642,-4.027958869934082,2340,234384,1.7952659130096436,0.00027863302966579795,0.001,-19.375388580000003,0.0004749650543089956
0.0,100.0,250,935,14655,-4.099035263061523,2344,234592,1.5081707239151,0.00023458225768990815,0.001,-19.37556586,0.0004761741729453206
0.0,100.0,250,935,14666,-4.046525001525879,2348,234768,0.5859348177909851,0.0002110786736011505,0.001,-19.39060177,0.00047670668573118746
0.0,100.0,251,935,14693,-4.182226181030273,2352,235200,1.0739221572875977,0.00019761449948418885,0.001,-19.33667331,0.0004819450550712645
0.0,100.0,252,936,14742,-4.040563583374023,2356,235984,-3.351097583770752,0.0003106564108747989,0.001,-19.41412846,0.00048781721852719784
0.0,100.0,252,936,14755,-4.098958492279053,2360,236192,-1.7114442586898804,0.0014269996900111437,0.001,-19.355717549999998,0.0004855089355260134
0.0,100.0,252,936,14766,-4.047415256500244,2364,236368,5.875592231750488,0.000980093260295689,0.001,-19.36028065,0.00048468937166035175
0.0,100.0,252,937,14793,-3.966700315475464,2368,236800,6.210932731628418,0.0004723554593510926,0.001,-19.251497179999998,0.0004880473134107888
0.0,100.0,253,938,14842,-4.046483039855957,2372,237584,-1.460559606552124,0.0013546658447012305,0.001,-19.2347022,0.0005033849738538265
0.0,100.0,253,938,14855,-4.052561283111572,2376,237792,5.8311767578125,0.0007062767399474978,0.001,-19.2992643,0.0005108569166623056
0.0,100.0,253,938,14866,-4.025754928588867,2380,237968,9.874909400939941,0.000518458429723978,0.001,-19.322177869999997,0.000522380112670362
0.0,100.0,253,939,14893,-4.021215438842773,2384,238400,-2.214390277862549,0.0002500066766515374,0.001,-19.26495715,0.0005362180527299643
0.0,100.0,254,939,14942,-4.047289848327637,2388,239184,-1.5950154066085815,0.0002940950798802078,0.001,-19.319698050000003,0.0005345632671378553
0.0,100.0,254,939,14955,-4.089364051818848,2392,239392,0.33311668038368225,0.0016449368558824062,0.001,-19.327874859999998,0.0005373837193474174
0.0,100.0,254,939,14966,-3.990260124206543,2396,239568,-3.726700782775879,0.0010038844775408506,0.001,-19.36294716,0.0005379095673561096
0.0,100.0,255,939,14993,-3.9584548473358154,2400,240000,-0.9123210310935974,0.008077251724898815,0.001,-19.325365899999998,0.0005400370573624969
0.0,100.0,256,939,15042,-3.936136484146118,2404,240784,2.678816318511963,0.0013622096739709377,0.001,-19.27926389,0.0005476081278175116
0.0,100.0,256,939,15055,-3.932119846343994,2408,240992,-1.1221160888671875,0.0006848683697171509,0.001,-19.19951904,0.0005500094266608357
0.0,100.0,256,939,15066,-3.845017671585083,2412,241168,4.28467321395874,0.0003328426100779325,0.001,-19.263239430000002,0.0005507439491339028
0.0,100.0,257,939,15093,-3.9227969646453857,2416,241600,-0.9106572270393372,0.00020312325796112418,0.001,-19.26534546,0.000553711608517915
0.0,100.0,257,939,15142,-3.949573516845703,2420,242384,-1.385863184928894,0.00017154589295387268,0.001,-19.37693712,0.0005443774280138314
0.0,100.0,258,940,15155,-4.017735004425049,2424,242592,-3.1596286296844482,0.00021938199643045664,0.001,-19.44294083,0.0005424966802820563
0.0,100.0,258,940,15166,-3.8923654556274414,2428,242768,-0.7550327777862549,0.00026480332599021494,0.001,-19.404708170000003,0.0005396220949478447
0.0,100.0,258,940,15193,-3.914407968521118,2432,243200,3.7792491912841797,0.0022470769472420216,0.001,-19.388282670000002,0.0005388391437008977
0.0,100.0,259,940,15242,-3.9520063400268555,2436,243984,-3.7499146461486816,0.0012473866809159517,0.001,-19.42365911,0.0005516113014891744
0.0,100.0,259,939,15255,-3.8514952659606934,2440,244192,-4.010704040527344,0.0025124037638306618,0.001,-19.53319633,0.0005502187414094806
0.0,100.0,259,939,15266,-3.831005334854126,2444,244368,1.2819105386734009,0.0006090248352847993,0.001,-19.588738919999997,0.0005479753599502146
0.0,100.0,260,939,15293,-3.7923851013183594,2448,244800,-4.291223526000977,0.0003901164745911956,0.001,-19.63467689,0.0005460397223941982
0.0,100.0,261,940,15342,-3.836286783218384,2452,245584,1.9565601348876953,0.0008480490068905056,0.001,-19.69856858,0.0005394862382672727
0.0,100.0,261,939,15355,-3.988492250442505,2456,245792,2.1564576625823975,0.0004679876146838069,0.001,-19.64281824,0.0005423572729341686
0.0,100.0,261,939,15366,-3.8965139389038086,2460,245968,0.15402796864509583,0.0007734606042504311,0.001,-19.677381729999997,0.0005453670746646821
0.0,100.0,262,940,15393,-3.9263358116149902,2464,246400,1.9061729907989502,0.001200553379021585,0.001,-19.84354404,0.0005643736803904176
0.0,100.0,262,940,15442,-3.826575994491577,2468,247184,2.7705631256103516,0.000535639759618789,0.001,-19.98513237,0.0005586135084740818
0.0,100.0,263,940,15455,-3.811675786972046,2472,247392,5.679974555969238,0.0002573286765255034,0.001,-20.109737530000004,0.0005572346271947026
0.0,100.0,263,940,15466,-3.8367979526519775,2476,247568,2.8283803462982178,0.00026048204745166004,0.001,-20.09198593,0.0005596298142336309
0.0,100.0,263,940,15493,-3.789041519165039,2480,248000,2.568632125854492,0.0007513637538067997,0.001,-20.22552223,0.0005668344092555344
0.0,100.0,264,940,15542,-3.8473305702209473,2484,248784,-6.431053161621094,0.000334555865265429,0.001,-20.23734902,0.0005792439333163202
0.0,100.0,264,940,15555,-3.7947592735290527,2488,248992,0.8631754517555237,0.0003283785772509873,0.001,-20.26426984,0.0005719364853575826
0.0,100.0,264,940,15566,-3.7864975929260254,2492,249168,0.9877693057060242,0.00023453388712368906,0.001,-20.28051104,0.0005680549656972289
0.0,100.0,265,940,15593,-3.7875254154205322,2496,249600,-1.8747665882110596,0.00019315112149342895,0.001,-20.328576360000003,0.0005639609880745411
0.0,100.0,266,940,15642,-3.7826874256134033,2500,250384,-5.444579124450684,0.0008039860986173153,0.001,-20.22500195,0.0005480838590301573
0.0,100.0,266,940,15655,-3.779446601867676,2504,250592,-0.20217657089233398,0.0004149377055000514,0.001,-20.190018249999998,0.0005398397915996611
0.0,100.0,266,940,15666,-3.77268648147583,2508,250768,2.216719627380371,0.00027805869467556477,0.001,-20.15258692,0.0005365805118344724
0.0,100.0,267,940,15693,-3.750955104827881,2512,251200,1.9079134464263916,0.00016853057604748756,0.001,-20.18165921,0.000536874053068459
0.0,100.0,267,940,15742,-3.7276482582092285,2516,251984,1.610947608947754,0.0005025238497182727,0.001,-20.07561489,0.0005294231232255697
0.0,100.0,268,940,15755,-3.7731587886810303,2520,252192,0.05544257164001465,0.0009438506094738841,0.001,-20.02667099,0.0005284026847220957
0.0,100.0,268,940,15766,-3.6893506050109863,2524,252368,-2.994575023651123,0.059700191020965576,0.001,-20.02222608,0.0005307809915393591
0.0,100.0,268,940,15793,-3.788088798522949,2528,252800,-2.8840956687927246,0.0003957715816795826,0.001,-19.94528727,0.0005269204266369343
0.0,100.0,269,939,15842,-3.675413131713867,2532,253584,0.6689382791519165,0.002058695536106825,0.001,-20.032994390000002,0.000529815792106092
0.0,100.0,270,939,15855,-3.728259563446045,2536,253792,0.04414021968841553,0.0007815930293872952,0.001,-20.01599817,0.000529521843418479
0.0,100.0,270,939,15866,-3.71570086479187,2540,253968,8.027200698852539,0.00031257414957508445,0.001,-19.96654669,0.0005308248219080269
0.0,100.0,270,939,15893,-3.6914169788360596,2544,254400,0.17053347826004028,0.0003238394274376333,0.001,-19.97228701,0.0005447822622954845
0.0,100.0,271,939,15942,-3.705648422241211,2548,255184,-3.843207359313965,0.0004165763093624264,0.001,-20.02086359,0.0005622918833978474
0.0,100.0,271,939,15955,-3.756502151489258,2552,255392,-2.194714307785034,0.0006741438992321491,0.001,-20.12755367,0.0005563886952586472
0.0,100.0,271,939,15966,-3.7193362712860107,2556,255568,1.2790248394012451,0.0006205406971275806,0.001,-20.15740879,0.000553673307877034
0.0,100.0,272,939,15993,-3.715240001678467,2560,256000,-0.9301641583442688,0.00034563522785902023,0.001,-20.266961619999996,0.0005517967510968447
0.0,100.0,273,939,16042,-3.646803855895996,2564,256784,0.6142796277999878,0.00040006201015785336,0.001,-20.16982699,0.0005386089906096458
0.0,100.0,273,939,16055,-3.6832284927368164,2568,256992,0.383273184299469,0.0004174552741460502,0.001,-20.120243940000005,0.0005366247496567667
0.0,100.0,273,939,16066,-3.635158061981201,2572,257168,-0.019889116287231445,0.00024158990709111094,0.001,-20.05984665,0.0005368540878407657
0.0,100.0,274,939,16093,-3.6823983192443848,2576,257600,4.370009422302246,0.0005028228042647243,0.001,-20.035463070000002,0.0005300710326991975
0.0,100.0,275,938,16142,-3.5770578384399414,2580,258384,-3.2231085300445557,0.00027802796103060246,0.001,-20.005076149999997,0.0005413171020336449
0.0,100.0,275,938,16155,-3.552182674407959,2584,258592,-2.1387076377868652,0.0006777711678296328,0.001,-20.04160944,0.0005345711833797395
0.0,100.0,275,938,16166,-3.684896945953369,2588,258768,0.07806634902954102,0.00045397860230877995,0.001,-20.06797349,0.0005294912843964994
0.0,100.0,276,938,16193,-3.6421096324920654,2592,259200,9.219144821166992,0.0005470731994137168,0.001,-20.23649672,0.0005249229725450277
0.0,100.0,276,938,16242,-3.6199402809143066,2596,259984,3.76349139213562,0.0014120059786364436,0.001,-20.17010596,0.0005278071039356291
0.0,100.0,277,938,16255,-3.639554738998413,2600,260192,6.48578405380249,0.0009733437327668071,0.001,-20.355692550000004,0.0005337579059414566
0.0,100.0,277,938,16266,-3.6066808700561523,2604,260368,-0.6034631729125977,0.0005124211893416941,0.001,-20.45945392,0.0005399716319516301
0.0,100.0,277,938,16293,-3.5801076889038086,2608,260800,-2.1934475898742676,0.0002457135124132037,0.001,-20.46205579,0.0005412109894677997
0.0,100.0,278,938,16342,-3.6264584064483643,2612,261584,-4.54304313659668,0.0002433392801322043,0.001,-20.40490857,0.0005205078632570803
0.0,100.0,279,938,16355,-3.555558681488037,2616,261792,-1.6516883373260498,0.00019925042579416186,0.001,-20.519545080000004,0.0005162582383491099
0.0,100.0,279,938,16366,-3.6078977584838867,2620,261968,-0.6118800640106201,0.0001809971290640533,0.001,-20.62687374,0.0005140349385328591
0.0,100.0,279,938,16393,-3.617429494857788,2624,262400,-0.5406123399734497,0.00015883884043432772,0.001,-20.592615579999997,0.0005070336628705263
0.0,100.0,280,938,16442,-3.45774507522583,2628,263184,-3.497162103652954,0.00017408657004125416,0.001,-20.64581052,0.000511319434735924
0.0,100.0,280,938,16455,-3.5435495376586914,2632,263392,0.24089288711547852,0.0008792550070211291,0.001,-20.64036655,0.0005070467013865709
0.0,100.0,281,937,16466,-3.5301709175109863,2636,263568,-1.0196311473846436,0.0007914806483313441,0.001,-20.635578699999996,0.0005055742803961039
0.0,100.0,281,937,16493,-3.519493818283081,2640,264000,-6.433751106262207,0.05654612183570862,0.001,-20.55591449,0.0005156230181455612
0.0,100.0,282,937,16542,-3.5214462280273438,2644,264784,-2.57922101020813,0.0005562463775277138,0.001,-20.505373369999997,0.0005148967611603439
0.0,100.0,282,937,16555,-3.571861743927002,2648,264992,-5.822563171386719,0.0002909681643359363,0.001,-20.47952358,0.0005106754833832383
0.0,100.0,282,937,16566,-3.5142669677734375,2652,265168,-4.315809726715088,0.0024151639081537724,0.001,-20.412383050000003,0.000504608207847923
0.0,100.0,283,938,16593,-3.5797905921936035,2656,265600,1.9362109899520874,0.0007093016756698489,0.001,-20.277771,0.0004969947040081024
0.0,100.0,284,937,16642,-3.55009388923645,2660,266384,-2.9719724655151367,0.0003521667968016118,0.001,-20.3003146,0.0005129817873239517
0.0,100.0,284,937,16655,-3.4804646968841553,2664,266592,-5.465420722961426,0.00019249928300268948,0.001,-20.39084654,0.0005061510019004345
0.0,100.0,284,937,16666,-3.4478766918182373,2668,266768,-2.2598342895507812,0.0001687238982412964,0.001,-20.46773604,0.0004991923924535513
0.0,100.0,284,937,16693,-3.4693756103515625,2672,267200,-1.7283146381378174,0.00038839245098643005,0.001,-20.462588070000002,0.0004863147914875299
0.0,100.0,285,937,16742,-3.485126256942749,2676,267984,2.534398317337036,0.0009741801768541336,0.001,-20.385907070000002,0.0004922322113998234
0.0,100.0,285,937,16755,-3.4744701385498047,2680,268192,6.940779685974121,0.0003996199229732156,0.001,-20.333376180000002,0.0004970648442395031
0.0,100.0,286,937,16766,-3.4232470989227295,2684,268368,4.393433094024658,0.0003072148538194597,0.001,-20.259465600000002,0.0005048763123340905
0.0,100.0,286,937,16793,-3.517484188079834,2688,268800,0.9217686653137207,0.0003457439597696066,0.001,-20.20601749,0.0005092750070616603
0.0,100.0,287,937,16842,-3.4935522079467773,2692,269584,1.321454405784607,0.00017571443459019065,0.001,-20.11851109,0.0004950174479745328
0.0,100.0,287,937,16855,-3.415739059448242,2696,269792,0.7966652512550354,0.000227587966946885,0.001,-20.1558985,0.0004948434652760625
0.0,100.0,287,937,16866,-3.4606375694274902,2700,269968,1.8117854595184326,0.00021765183191746473,0.001,-20.06416419,0.0004941905499435961
0.0,100.0,288,938,16893,-3.4216489791870117,2704,270400,2.1576242446899414,0.0011781885987147689,0.001,-20.06945396,0.0004922998487018049
0.0,100.0,289,938,16942,-3.4221534729003906,2708,271184,-4.69020938873291,0.00025291863130405545,0.001,-20.160724459999997,0.0005062543204985559
0.0,100.0,289,938,16955,-3.3925180435180664,2712,271392,2.7315621376037598,0.0002292269782628864,0.001,-20.19595865,0.0005025457940064371
0.0,100.0,289,938,16966,-3.3085713386535645,2716,271568,16.347854614257812,0.050062697380781174,0.001,-20.215895780000004,0.0005049825413152575
0.0,100.0,289,937,16993,-3.4634008407592773,2720,272000,-6.712480068206787,0.0006788814207538962,0.001,-20.15792468,0.0005419082590378821
0.0,100.0,290,937,17042,-3.3746867179870605,2724,272784,-1.9730558395385742,0.0008716478478163481,0.001,-20.20606868,0.0005475942743942142
0.0,100.0,291,937,17055,-3.3488473892211914,2728,272992,-1.0032895803451538,0.0005927663296461105,0.001,-20.391273739999995,0.0005491600604727864
0.0,100.0,291,937,17066,-3.296605348587036,2732,273168,-0.45675569772720337,0.0008552349172532558,0.001,-20.390640180000002,0.0005482173874042928
0.0,100.0,291,937,17093,-3.413135051727295,2736,273600,-2.9574475288391113,0.0002749972918536514,0.001,-20.532818319999997,0.0005528997862711549
0.0,100.0,292,937,17142,-3.425118923187256,2740,274384,-1.324901819229126,0.0001578573719598353,0.001,-20.62409448,0.0005350095452740788
0.0,100.0,292,937,17155,-3.312687397003174,2744,274592,1.445395827293396,0.00011944449943257496,0.001,-20.742105560000006,0.0005328202969394624
0.0,100.0,293,937,17166,-3.377509593963623,2748,274768,-0.9296742677688599,0.0009336033836007118,0.001,-20.78544699,0.0005333332228474319
0.0,100.0,293,936,17193,-3.3528997898101807,2752,275200,3.6724071502685547,0.00028302986174821854,0.001,-20.75423398,0.0005404893890954554
0.0,100.0,294,936,17242,-3.3896565437316895,2756,275984,-6.049045562744141,0.00016641622642055154,0.001,-20.84953443,0.00053987349383533
0.0,100.0,294,937,17255,-3.3758349418640137,2760,276192,-0.7407615780830383,0.0003416523977648467,0.001,-20.96234631,0.0005356604233384132
0.0,100.0,294,937,17266,-3.2763590812683105,2764,276368,-1.3992325067520142,0.00021128542721271515,0.001,-20.997087040000007,0.0005347203114069998
0.0,100.0,295,937,17293,-3.2861433029174805,2768,276800,-2.862785577774048,0.00036311312578618526,0.001,-20.98088817,0.0005261724581941962
0.0,100.0,296,937,17342,-3.2999565601348877,2772,277584,2.4293947219848633,0.00036556593840941787,0.001,-20.98260393,0.0005217519938014448
0.0,100.0,296,937,17355,-3.2888875007629395,2776,277792,3.724108934402466,0.00022413671831600368,0.001,-21.073130570000004,0.0005248914822004735
0.0,100.0,296,937,17366,-3.2649738788604736,2780,277968,3.5964720249176025,0.00014490944158751518,0.001,-21.135144950000004,0.0005289583350531757
0.0,100.0,297,937,17393,-3.3287856578826904,2784,278400,0.6745545864105225,0.00012762472033500671,0.001,-21.18488554,0.0005363968084566295
0.0,100.0,297,937,17442,-3.2780656814575195,2788,279184,-2.2694549560546875,0.0001458708429709077,0.001,-21.254891939999997,0.0005372025771066546
0.0,100.0,298,937,17455,-3.3079843521118164,2792,279392,-0.7887769341468811,0.00013380564632825553,0.001,-21.35335631,0.0005349217681214213
0.0,100.0,298,936,17466,-3.2731802463531494,2796,279568,1.105206847190857,0.00016542832599952817,0.001,-21.48035906,0.0005338230403140187
0.0,100.0,298,936,17493,-3.310433864593506,2800,280000,1.4287137985229492,0.00015463141608051956,0.001,-21.567874210000003,0.0005311716813594103
0.0,100.0,299,936,17542,-3.2106895446777344,2804,280784,-0.8325849175453186,0.0002314199518878013,0.001,-21.55135789,0.0005383414099924266
0.0,100.0,299,936,17555,-3.3205626010894775,2808,280992,-7.092963218688965,0.000883918022736907,0.001,-21.54289978,0.0005363709642551839
0.0,100.0,300,936,17566,-3.220302104949951,2812,281168,-2.566371440887451,0.0004701553552877158,0.001,-21.64785496,0.0005296324379742146
0.0,100.0,300,936,17593,-3.2647480964660645,2816,281600,1.0220506191253662,0.00013857682642992586,0.001,-21.66893402,0.0005138288834132254
0.0,100.0,301,936,17642,-3.293985366821289,2820,282384,2.0644383430480957,0.0006411292706616223,0.001,-21.638367020000004,0.0005342057556845248
0.0,100.0,301,936,17655,-3.1775660514831543,2824,282592,6.701966285705566,0.0005179232684895396,0.001,-21.696231140000005,0.0005427266587503254
0.0,100.0,301,936,17666,-3.2425131797790527,2828,282768,5.715967178344727,0.00024330438463948667,0.001,-21.717559089999998,0.0005533903604373336
0.0,100.0,302,936,17693,-3.199305295944214,2832,283200,-5.110801696777344,0.00017172963998746127,0.001,-21.767254279999996,0.0005644102348014712
0.0,100.0,303,936,17742,-3.203115701675415,2836,283984,-3.183485746383667,0.0003469891380518675,0.001,-21.748896269999996,0.0005813117022626102
0.0,100.0,303,936,17755,-3.2109146118164062,2840,284192,-6.046013832092285,0.00040229037404060364,0.001,-21.796735339999994,0.0005816156044602394
0.0,100.0,303,936,17766,-3.1463112831115723,2844,284368,-1.4291187524795532,0.0002580233267508447,0.001,-21.766415609999996,0.0005754138110205531
0.0,100.0,304,936,17793,-3.2206034660339355,2848,284800,-1.4179614782333374,0.00015326595166698098,0.001,-21.77896563,0.0005700729670934379
0.0,100.0,304,936,17842,-3.128936290740967,2852,285584,-5.749988079071045,0.00039363373070955276,0.001,-21.843398649999994,0.0005538858822546899
0.0,100.0,305,936,17855,-3.169391393661499,2856,285792,-2.6814165115356445,0.0002939158002845943,0.001,-21.845115199999995,0.0005459733074530959
0.0,100.0,305,936,17866,-3.1113200187683105,2860,285968,2.6730079650878906,0.0001904090604512021,0.001,-21.765976900000002,0.0005412775790318847
0.0,100.0,305,936,17893,-3.163926124572754,2864,286400,-2.245399236679077,0.00016198483353946358,0.001,-21.62721564,0.0005374911124818027
0.0,100.0,306,936,17942,-3.1046547889709473,2868,287184,-5.111398696899414,0.0002089912013616413,0.001,-21.619028209999996,0.0005276168812997639
0.0,100.0,307,935,17955,-3.1643381118774414,2872,287392,-0.6177215576171875,0.00018822314450517297,0.001,-21.669351019999993,0.000522850314155221
0.0,100.0,307,935,17966,-3.177445411682129,2876,287568,-3.616032838821411,0.00011352554429322481,0.001,-21.741239460000003,0.000520357396453619
0.0,100.0,307,936,17993,-3.181610345840454,2880,288000,-0.9472428560256958,0.0001332588872173801,0.001,-21.833842189999995,0.0005151150980964303
0.0,100.0,308,935,18042,-3.0648860931396484,2884,288784,-0.4131815433502197,0.00020428885181900114,0.001,-21.859464149999997,0.0005179806030355394
0.0,100.0,308,935,18055,-3.1444380283355713,2888,288992,-0.9310219287872314,0.00013872853014618158,0.001,-21.878678240000003,0.0005182993481867015
0.0,100.0,309,935,18066,-3.053433418273926,2892,289168,-1.2241538763046265,0.0009873518720269203,0.001,-21.80209839,0.0005175337428227067
0.0,100.0,309,935,18093,-3.0983762741088867,2896,289600,-4.980203151702881,0.0002354274911340326,0.001,-21.71929409,0.0005087500321678817
0.0,100.0,310,935,18142,-3.1023218631744385,2900,290384,9.124330520629883,0.0006438042037189007,0.001,-21.728430319999994,0.0005073998472653329
0.0,100.0,310,935,18155,-3.16230845451355,2904,290592,0.7405208945274353,0.00023151992354542017,0.001,-21.7643599,0.0005191955133341253
0.0,100.0,310,935,18166,-3.075531005859375,2908,290768,-4.729204177856445,0.00013790599768981338,0.001,-21.784018140000004,0.000523523660376668
0.0,100.0,311,935,18193,-3.135519027709961,2912,291200,-1.2771141529083252,0.0007891071145422757,0.001,-21.795724160000006,0.0005163392634131014
0.0,100.0,312,935,18242,-3.079474925994873,2916,291984,0.1921902894973755,0.00035083745024167,0.001,-21.769476949999998,0.0005124385352246463
0.0,100.0,312,935,18255,-3.0748047828674316,2920,292192,2.2770941257476807,0.0001796155993361026,0.001,-21.77432832,0.0005128746852278709
0.0,100.0,312,935,18266,-3.0206143856048584,2924,292368,-3.722430944442749,0.0001606209552846849,0.001,-21.79496772,0.0005140697467140853
0.0,100.0,313,935,18293,-3.0188937187194824,2928,292800,-3.1096858978271484,0.000463943462818861,0.001,-21.752421409999997,0.0005082442075945437
0.0,100.0,314,934,18342,-3.028625965118408,2932,293584,0.7590130567550659,0.00036771525628864765,0.001,-21.696188470000003,0.000502054113894701
0.0,100.0,314,934,18355,-2.9986379146575928,2936,293792,1.0686869621276855,0.0011634263209998608,0.001,-21.66698207,0.0004999355878680944
0.0,100.0,314,934,18366,-3.042451858520508,2940,293968,-3.7259905338287354,0.0007172858458943665,0.001,-21.642435940000006,0.0004979717778041959
0.0,100.0,315,934,18393,-2.980350971221924,2944,294400,3.9886937141418457,0.00023954056086950004,0.001,-21.724875400000002,0.0004905437817797065
0.0,100.0,315,934,18442,-3.075486898422241,2948,295184,0.004103541374206543,0.00017249728261958808,0.001,-21.73372328,0.0005088319885544479
0.0,100.0,316,934,18455,-3.0780930519104004,2952,295392,-2.2422404289245605,0.04792903736233711,0.001,-21.761138520000003,0.0005092628998681903
0.0,100.0,316,934,18466,-3.036621570587158,2956,295568,-1.6528584957122803,0.0002401326783001423,0.001,-21.730080199999996,0.0005078660906292498
0.0,100.0,316,934,18493,-3.002979278564453,2960,296000,-3.0937716960906982,0.00011826692207250744,0.001,-21.735163440000004,0.0005118490080349147
0.0,100.0,317,934,18542,-2.974135160446167,2964,296784,-1.4569082260131836,0.0006803636206313968,0.001,-21.80444542,0.0005031051696278155
0.0,100.0,317,934,18555,-3.032625675201416,2968,296992,-3.813343048095703,0.0007609648746438324,0.001,-21.8536,0.0005005109123885632
0.0,100.0,318,934,18566,-2.9980974197387695,2972,297168,0.7654939889907837,0.0003305928548797965,0.001,-21.973544869999998,0.0004967220011167228
0.0,100.0,318,933,18593,-2.938286304473877,2976,297600,-0.12344300746917725,0.04574301466345787,0.001,-21.88605933,0.0005046688602305949
0.0,100.0,319,933,18642,-2.9287056922912598,2980,298384,0.533997654914856,0.0008018285734578967,0.001,-21.83564828,0.0005022403784096241
0.0,100.0,319,934,18655,-3.012143135070801,2984,298592,1.175071120262146,0.0003324112913105637,0.001,-21.819277470000003,0.000505228410474956
0.0,100.0,319,934,18666,-2.983482837677002,2988,298768,3.099712371826172,0.0002034038188867271,0.001,-21.74146299,0.000508189492393285
0.0,100.0,320,934,18693,-2.964296340942383,2992,299200,-3.173635482788086,0.00021462800214067101,0.001,-21.79709527,0.0005167397321201861
0.0,100.0,321,934,18742,-2.938302516937256,2996,299984,0.1332743763923645,0.00013301894068717957,0.001,-21.77523519,0.0005019511445425451
0.0,100.0,321,934,18755,-2.862513780593872,3000,300192,-3.3020851612091064,9.486974886385724e-05,0.001,-21.67024429,0.0004987596184946597
0.0,100.0,321,934,18766,-3.017150402069092,3004,300368,-4.248447418212891,0.00010762611054815352,0.001,-21.637842019999994,0.00049539003521204
0.0,100.0,322,933,18793,-2.975557804107666,3008,300800,-1.0639233589172363,9.931072418112308e-05,0.001,-21.650397669999997,0.0004942695377394557
0.0,100.0,322,933,18842,-2.9985499382019043,3012,301584,-0.17640835046768188,0.000864350120536983,0.001,-21.66145548,0.0004893140285275877
0.0,100.0,323,933,18855,-2.899209499359131,3016,301792,-1.172125220298767,0.0002743123332038522,0.001,-21.68064795,0.0004902991931885481
0.0,100.0,323,933,18866,-2.8298046588897705,3020,301968,1.8239071369171143,0.0009977384470403194,0.001,-21.670378059999997,0.0004912110744044185
0.0,100.0,323,933,18893,-2.9372146129608154,3024,302400,-0.20857471227645874,0.00012347768642939627,0.001,-21.66815076,0.0004944809479638934
0.0,100.0,324,933,18942,-2.9248321056365967,3028,303184,-0.8187825679779053,0.0003882857854478061,0.001,-21.611760720000003,0.00048568719648756087
0.0,100.0,325,933,18955,-2.865152597427368,3032,303392,-4.095259189605713,0.00023230670194607228,0.001,-21.525753920000003,0.00048038302338682115
0.0,100.0,325,933,18966,-2.8859939575195312,3036,303568,1.887326717376709,0.00013153738109394908,0.001,-21.38568902,0.0004761124437209219
0.0,100.0,325,933,18993,-2.8885741233825684,3040,304000,0.6183418035507202,0.00015429590712301433,0.001,-21.345160299999993,0.00047741029993630946
0.0,100.0,326,933,19042,-2.8661627769470215,3044,304784,8.589115142822266,0.0002320401690667495,0.001,-21.269506999999997,0.0004884626832790673
0.0,100.0,326,933,19055,-2.8695554733276367,3048,304992,-0.921962320804596,0.0014775866875424981,0.001,-21.245860330000006,0.0005004638805985451
0.0,100.0,327,933,19066,-2.9074888229370117,3052,305168,-1.9096219539642334,0.0009590970003046095,0.001,-21.220149229999997,0.0005040299147367477
0.0,100.0,327,932,19093,-2.888181686401367,3056,305600,-0.023714423179626465,0.00015776316286064684,0.001,-21.327703449999994,0.000498944369610399
0.0,100.0,328,932,19142,-2.9002761840820312,3060,306384,1.6533398628234863,0.0013577297795563936,0.001,-21.343964939999996,0.000491608283482492
0.0,100.0,328,933,19155,-2.7874064445495605,3064,306592,1.2763820886611938,0.0012290155282244086,0.001,-21.26358909,0.0004917630576528609
0.0,100.0,328,933,19166,-2.723629951477051,3068,306768,2.9018216133117676,0.0003143448266200721,0.001,-21.22251353,0.0004918765625916421
0.0,100.0,329,933,19193,-2.8936760425567627,3072,307200,-2.7494306564331055,0.00013245116861071438,0.001,-21.060804890000004,0.0004935413016937673
0.0,100.0,330,932,19242,-2.7748355865478516,3076,307984,0.1427590250968933,0.0001874898880487308,0.001,-21.0744401,0.0004898063489235938
0.0,100.0,330,932,19255,-2.8589491844177246,3080,308192,-5.672537326812744,0.00020523558487184346,0.001,-21.061275339999998,0.0004912464646622539
0.0,100.0,330,932,19266,-2.7977242469787598,3084,308368,0.7157094478607178,0.00012902039452455938,0.001,-21.092135480000003,0.000485605705762282
0.0,100.0,331,932,19293,-2.796543836593628,3088,308800,-1.6742905378341675,0.000897486403118819,0.001,-21.11089376,0.0004784154880326241
0.0,100.0,331,932,19342,-2.78029465675354,3092,309584,-3.8243227005004883,0.00010825624485732988,0.001,-21.053654359999996,0.0004658097168430686
0.0,100.0,332,932,19355,-2.7690682411193848,3096,309792,-1.9040029048919678,8.995171810965985e-05,0.001,-21.015410380000002,0.00046209260472096503
0.0,100.0,332,932,19366,-2.7809247970581055,3100,309968,-1.9926432371139526,6.84328842908144e-05,0.001,-21.04232462,0.00045862802653573453
0.0,100.0,332,932,19393,-2.789783239364624,3104,310400,1.0567234754562378,0.0007927604019641876,0.001,-21.060884220000002,0.00045134307583794
0.0,100.0,333,932,19442,-2.7565808296203613,3108,311184,3.25986909866333,0.00042040389962494373,0.001,-21.02162488,0.00045541778672486544
0.0,100.0,333,932,19455,-2.8425869941711426,3112,311392,0.7376137375831604,0.00020071174367330968,0.001,-20.907367680000004,0.0004593601042870432
0.0,100.0,333,932,19466,-2.763625144958496,3116,311568,-2.806823492050171,0.00011080673721153289,0.001,-20.97627101,0.0004618703678715974
0.0,100.0,334,932,19493,-2.7376739978790283,3120,312000,-1.794670581817627,9.65828076004982e-05,0.001,-21.01542579,0.00046120263868942857
0.0,100.0,335,933,19542,-2.759761333465576,3124,312784,-0.9628207087516785,0.00018185394583269954,0.001,-20.98900029,0.0004615520010702312
0.0,100.0,335,933,19555,-2.780917167663574,3128,312992,-4.548678874969482,0.00011688616359606385,0.001,-20.884683609999996,0.0004607962036971003
0.0,100.0,335,932,19566,-2.6839258670806885,3132,313168,-0.9304734468460083,9.582434722688049e-05,0.001,-20.936842,0.0004567957657855004
0.0,100.0,336,932,19593,-2.7142701148986816,3136,313600,2.3606081008911133,0.0003590025589801371,0.001,-21.052370269999997,0.00045960157876834273
0.0,100.0,337,932,19642,-2.6716408729553223,3140,314384,-1.8679728507995605,9.207811672240496e-05,0.001,-20.9665163,0.0004662256978917867
0.0,100.0,337,932,19655,-2.683366060256958,3144,314592,-1.539534091949463,9.19535814318806e-05,0.001,-21.026338300000003,0.0004660145496018231
0.0,100.0,337,932,19666,-2.699420928955078,3148,314768,-1.1597154140472412,0.0005099668633192778,0.001,-20.930954819999997,0.00046349107287824154
0.0,100.0,337,932,19693,-2.719407558441162,3152,315200,5.856060981750488,0.03187239170074463,0.001,-20.87869838,0.0004663886793423444
0.0,100.0,338,932,19742,-2.715942859649658,3156,315984,-0.60601806640625,0.00015563698252663016,0.001,-20.77362107,0.000486265606014058
0.0,100.0,338,932,19755,-2.716926336288452,3160,316192,2.07124924659729,0.00011738199827959761,0.001,-20.70581039,0.00048378121573477983
0.0,100.0,339,932,19766,-2.7429399490356445,3164,316368,4.862617492675781,0.00012793175119441003,0.001,-20.761986500000003,0.0004824791685678065
0.0,100.0,339,932,19793,-2.6565675735473633,3168,316800,-3.5612242221832275,0.00020807937835343182,0.001,-20.75700768,0.00047428111429326236
0.0,100.0,340,933,19842,-2.616929054260254,3172,317584,-2.311267375946045,0.0002472798805683851,0.001,-20.788387979999996,0.0004802687035407871
0.0,100.0,340,933,19855,-2.669127941131592,3176,317792,-2.7203335762023926,0.00020242702157702297,0.001,-20.753634209999994,0.0004793345578946173
0.0,100.0,340,932,19866,-2.6517863273620605,3180,317968,1.7050495147705078,0.00037884630728513,0.001,-20.78071874,0.0004752999229822308
0.0,100.0,341,932,19893,-2.6596436500549316,3184,318400,2.3721182346343994,0.00032253144308924675,0.001,-20.684929529999998,0.0004692469083238393
0.0,100.0,342,932,19942,-2.637463092803955,3188,319184,-5.096550941467285,0.0005108916666358709,0.001,-20.66482427,0.0004644273140002042
0.0,100.0,342,932,19955,-2.5395731925964355,3192,319392,3.952815532684326,0.0003901095478795469,0.001,-20.638205259999996,0.00045954875531606376
0.0,100.0,342,932,19966,-2.6377429962158203,3196,319568,4.973786354064941,0.0002407773572485894,0.001,-20.67699427,0.0004611107287928462
0.0,100.0,343,932,19993,-2.6611170768737793,3200,320000,1.4330555200576782,0.0002716099552344531,0.001,-20.66037627,0.00047480358625762165
0.0,100.0,343,932,20042,-2.650101900100708,3204,320784,-2.5429327487945557,0.0010838398011401296,0.001,-20.646765249999998,0.0004760123265441507
0.0,100.0,344,932,20055,-2.6375045776367188,3208,320992,-2.0857815742492676,0.0002647280925884843,0.001,-20.64951139,0.000471884966827929
0.0,100.0,344,932,20066,-2.589928388595581,3212,321168,4.074093341827393,0.0003462094464339316,0.001,-20.71178335,0.00046990698319859803
0.0,100.0,344,932,20093,-2.663696527481079,3216,321600,-2.352693557739258,0.00014433759497478604,0.001,-20.595607840000003,0.00047236899263225496
0.0,100.0,345,932,20142,-2.5975537300109863,3220,322384,-2.420478105545044,9.506524656899273e-05,0.001,-20.44072573,0.0004791179671883583
0.0,100.0,345,932,20155,-2.6276426315307617,3224,322592,-1.0628033876419067,9.290104208048433e-05,0.001,-20.472100949999998,0.0004752108361572027
0.0,100.0,346,932,20166,-2.6361641883850098,3228,322768,-2.1276607513427734,0.00010233756620436907,0.001,-20.55305207,0.0004728616331703961
0.0,100.0,346,932,20193,-2.6187517642974854,3232,323200,0.14097967743873596,0.0009732462931424379,0.001,-20.5788293,0.0004699814016930759
0.0,100.0,347,932,20242,-2.5679287910461426,3236,323984,-1.4513380527496338,0.000588258495554328,0.001,-20.591980270000004,0.0004720803117379546
0.0,100.0,347,932,20255,-2.5531487464904785,3240,324192,2.625607490539551,0.00045879808021709323,0.001,-20.598704789999996,0.00047070987056940794
0.0,100.0,347,932,20266,-2.4976375102996826,3244,324368,-2.5320703983306885,0.0009140343172475696,0.001,-20.56972781,0.0004714066453743726
0.0,100.0,348,932,20293,-2.6737935543060303,3248,324800,-0.2890205979347229,0.0003427451883908361,0.001,-20.549145539999998,0.0004673174407798797
0.0,100.0,349,932,20342,-2.571326732635498,3252,325584,0.5130801200866699,0.00020864341058768332,0.001,-20.529365070000004,0.00045129575300961733
0.0,100.0,349,932,20355,-2.5651211738586426,3256,325792,-2.9906272888183594,0.0001426500966772437,0.001,-20.5301214,0.000450014544185251
0.0,100.0,349,932,20366,-2.542325973510742,3260,325968,-3.4034175872802734,0.00010161670797970146,0.001,-20.503534799999997,0.0004469210689421743
0.0,100.0,349,932,20393,-2.450002431869507,3264,326400,4.281548500061035,0.0001209077236126177,0.001,-20.47040997,0.00044391193659976125
0.0,100.0,350,932,20442,-2.5503296852111816,3268,327184,-1.2584598064422607,0.00012110628449590877,0.001,-20.42954685,0.00045200533349998295
0.0,100.0,350,933,20455,-2.502169132232666,3272,327392,-0.8349884748458862,8.552675717510283e-05,0.001,-20.334363019999998,0.00044940446969121695
0.0,100.0,351,933,20466,-2.4635348320007324,3276,327568,2.1221485137939453,8.583992894273251e-05,0.001,-20.28686021,0.0004467148391995579
0.0,100.0,351,933,20493,-2.5971946716308594,3280,328000,0.09333011507987976,0.0011174172395840287,0.001,-20.105972389999998,0.00044439779594540596
0.0,100.0,352,932,20542,-2.524120330810547,3284,328784,-2.35145902633667,0.00011590398207772523,0.001,-20.051915450000003,0.0004395365249365568
0.01,99.96,352,932,20553,-2.5131356716156006,3288,328960,1.282034993171692,0.00010032012505689636,0.001,-20.038273150000002,0.00043722669943235815
0.01,99.96,352,932,20566,-2.464200019836426,3292,329168,-2.6152520179748535,9.251302253687754e-05,0.001,-20.00643997,0.0004361744795460254
0.01,99.96,353,932,20593,-2.5302066802978516,3296,329600,1.707695722579956,0.0003721239627338946,0.001,-19.94974489,0.00043540081242099404
0.01,99.96,354,932,20642,-2.4696173667907715,3300,330384,4.999421119689941,0.00021406193263828754,0.001,-19.91027269,0.0004439424374140799
0.01,99.96,354,932,20653,-2.4903693199157715,3304,330560,-3.823657989501953,0.00014090532204136252,0.001,-19.84136238,0.0004507881822064519
0.01,99.96,354,932,20666,-2.436119794845581,3308,330768,-2.438323497772217,0.00010735758405644447,0.001,-19.849971949999997,0.00044947091373614967
0.01,99.96,354,933,20693,-2.449406147003174,3312,331200,1.1580448150634766,9.998596215154976e-05,0.001,-19.75109766,0.0004456155584193766
0.02,99.76,355,933,20736,-2.4797136783599854,3316,331888,7.864516735076904,0.0011637620627880096,0.001,-19.725269119999997,0.00044534599874168634
0.02,99.76,355,933,20751,-2.4085187911987305,3320,332128,-1.6223210096359253,0.0005362303927540779,0.001,-19.688113819999998,0.00045682277414016426
0.02,99.76,356,932,20766,-2.474459648132324,3324,332368,-5.770358562469482,0.00028203189140185714,0.001,-19.61541504,0.00045646788203157485
0.02,99.76,356,932,20793,-2.354088544845581,3328,332800,-0.308493435382843,0.0003338581300340593,0.001,-19.50569244,0.00044177917880006135
0.02,99.76,357,932,20836,-2.479379653930664,3332,333488,1.1771771907806396,0.0002114024682668969,0.001,-19.48758736,0.00043098352034576237
0.02,99.76,357,932,20851,-2.439119577407837,3336,333728,-1.507524847984314,0.00013557152124121785,0.001,-19.32561591,0.0004323007888160646
0.02,99.76,358,932,20866,-2.44177508354187,3340,333968,2.1337785720825195,0.00036499358247965574,0.001,-19.235347169999997,0.0004309976939111948
0.02,99.76,358,932,20893,-2.4264976978302,3344,334400,-2.1741161346435547,0.0004116003692615777,0.001,-19.08160922,0.0004306201299186796
0.03,99.58,359,932,20936,-2.4859161376953125,3348,335088,-4.375725746154785,0.0001250706845894456,0.001,-19.00565421,0.00043443439062684774
0.03,99.58,359,932,20951,-2.40169095993042,3352,335328,-3.658080577850342,8.892691403161734e-05,0.001,-18.97214997,0.0004301868611946702
0.03,99.58,360,932,20966,-2.400951623916626,3356,335568,0.0994785726070404,0.0004341706517152488,0.001,-18.8738133,0.00042710016714408994
0.03,99.58,360,931,20993,-2.3476123809814453,3360,336000,3.5171101093292236,0.00012108350347261876,0.001,-18.862759219999997,0.00042662836494855583
0.03,99.58,361,931,21036,-2.447883129119873,3364,336688,-1.8193490505218506,7.527948764618486e-05,0.001,-18.7492519,0.00042103053419850767
0.03,99.58,361,931,21051,-2.332489490509033,3368,336928,5.206676483154297,0.0006268640281632543,0.001,-18.7136319,0.00041840970516204834
0.03,99.58,361,931,21066,-2.3832626342773438,3372,337168,-0.6786303520202637,0.00033431482734158635,0.001,-18.66176459,0.00042154017137363553
0.03,99.58,362,931,21093,-2.348592758178711,3376,337600,5.125775337219238,0.00038554155617021024,0.001,-18.58423225,0.00042207821388728917
0.03,99.58,363,931,21136,-2.354353427886963,3380,338288,-2.5287187099456787,0.00013084638339933008,0.001,-18.539958929999997,0.0004327916831243783
0.03,99.58,363,931,21151,-2.3680148124694824,3384,338528,0.01373705267906189,0.00010127985297003761,0.001,-18.63222664,0.0004347346839495003
0.02,99.62,363,931,21166,-2.3851120471954346,3388,338768,-2.579860210418701,0.0001410581753589213,0.001,-18.578767609999996,0.0004354085249360651
0.02,99.62,364,931,21193,-2.3814284801483154,3392,339200,1.561497449874878,8.288482786156237e-05,0.001,-18.46605314,0.0004324644978623837
0.02,99.62,364,931,21236,-2.3386282920837402,3396,339888,-1.2166173458099365,0.00033335020998492837,0.001,-18.50421707,0.00042690447298809886
0.02,99.62,365,931,21251,-2.249660015106201,3400,340128,12.157135009765625,0.0003019087016582489,0.001,-18.527354990000003,0.00042689431575126946
0.02,99.62,365,931,21266,-2.344709873199463,3404,340368,1.3086178302764893,0.00023674241674598306,0.001,-18.548983989999996,0.0004428816318977624
0.02,99.62,365,931,21293,-2.355924606323242,3408,340800,-0.9988787174224854,0.00028434477280825377,0.001,-18.41617698,0.00045167142525315285
0.02,99.62,366,931,21336,-2.19901180267334,3412,341488,0.27988922595977783,9.207132097799331e-05,0.001,-18.3049549,0.00044148057349957526
0.01,99.82,366,931,21351,-2.3290271759033203,3416,341728,-1.900780200958252,0.0001046125908032991,0.001,-18.302250689999997,0.0004392476112116128
0.01,99.82,367,931,21366,-2.279005289077759,3420,341968,-2.1964242458343506,0.00010842594201676548,0.001,-18.32833915,0.00043693010229617357
0.01,99.82,367,931,21393,-2.3836121559143066,3424,342400,-1.4520683288574219,0.0001492423180025071,0.001,-18.307312829999997,0.0004334389232099056
0.01,99.82,368,931,21436,-2.3068277835845947,3428,343088,2.6131362915039062,0.0005820164224132895,0.001,-18.28080594,0.0004268967604730278
0.01,99.82,368,931,21451,-2.301635265350342,3432,343328,2.340831995010376,0.00012914402759633958,0.001,-18.23165686,0.00042905056034214795
0.01,99.82,368,931,21466,-2.270141124725342,3436,343568,0.9071948528289795,0.00014230332453735173,0.001,-18.230339030000003,0.00043260102393105626
0.01,99.82,369,931,21493,-2.3451972007751465,3440,344000,3.5937716960906982,0.0003243906539864838,0.001,-18.26588437,0.0004399278259370476
0.01,99.82,370,931,21536,-2.276963233947754,3444,344688,-2.004666328430176,0.0011054750066250563,0.001,-18.32429996,0.0004404040228109807
0.0,100.0,370,931,21551,-2.340723991394043,3448,344928,0.9031909704208374,0.00036842538975179195,0.001,-18.29602754,0.00043737119995057583
0.0,100.0,370,931,21566,-2.3013296127319336,3452,345168,-2.9064955711364746,0.00014675309648737311,0.001,-18.2808643,0.0004350940871518105
0.0,100.0,371,931,21593,-2.317991018295288,3456,345600,1.4637562036514282,0.03244134783744812,0.001,-18.24389093,0.0004284174065105617
0.0,100.0,371,931,21636,-2.182077407836914,3460,346288,3.2934653759002686,0.00012106595386285335,0.001,-18.196293830000002,0.00043804661254398525
0.0,100.0,372,931,21651,-2.274444103240967,3464,346528,-0.8106256127357483,5.90273120906204e-05,0.001,-18.27847602,0.00043847126653417945
0.0,100.0,372,931,21666,-2.284207820892334,3468,346768,-1.2779297828674316,8.749881817493588e-05,0.001,-18.30928323,0.0004378615994937718
0.0,100.0,372,930,21693,-2.30415678024292,3472,347200,-1.630429983139038,0.0003775091317947954,0.001,-18.29167394,0.0004314523539505899
0.0,100.0,373,930,21736,-2.2910685539245605,3476,347888,2.1757431030273438,0.0008046398870646954,0.001,-18.3462899,0.00043820723658427596
0.0,100.0,374,930,21751,-2.1849286556243896,3480,348128,3.9368090629577637,0.0003894132678397,0.001,-18.357875489999998,0.00043936618021689355
0.0,100.0,374,930,21766,-2.278958320617676,3484,348368,-4.697188377380371,0.0002971589274238795,0.001,-18.23626151,0.0004423993232194334
0.0,100.0,374,930,21793,-2.1398568153381348,3488,348800,-0.4833466410636902,0.0002002962864935398,0.001,-18.218879949999998,0.00043811576324515045
0.0,100.0,375,930,21836,-2.116030216217041,3492,349488,-1.7141565084457397,0.0004299201536923647,0.001,-18.21121904,0.0004353719705250114
0.0,100.0,375,930,21851,-2.2539052963256836,3496,349728,-3.966782808303833,0.00020072911866009235,0.001,-18.201442750000002,0.0004325311165302992
0.0,100.0,376,930,21866,-2.1537442207336426,3500,349968,0.30616962909698486,7.797787839081138e-05,0.001,-18.080773689999997,0.00042692283750511706
0.0,100.0,376,930,21893,-2.22646164894104,3504,350400,-1.101050615310669,5.937587775406428e-05,0.001,-18.097888400000002,0.0004220389819238335
0.0,100.0,377,930,21936,-2.118873119354248,3508,351088,2.0122616291046143,6.0430378653109074e-05,0.001,-18.06622634,0.0004137260257266462
0.0,100.0,377,930,21951,-2.261284351348877,3512,351328,1.0209494829177856,5.9349760704208165e-05,0.001,-18.04827447,0.0004132768663112074
0.0,100.0,377,930,21966,-2.1202309131622314,3516,351568,-2.4996745586395264,5.159070497029461e-05,0.001,-17.9817484,0.00041224886081181467
0.0,100.0,378,930,21993,-2.217156410217285,3520,352000,0.14213421940803528,9.320578828919679e-05,0.001,-17.965756579999997,0.00041032498120330274
0.0,100.0,379,930,22036,-2.15655779838562,3524,352688,-0.450947642326355,0.00019959532073698938,0.001,-17.881040619999997,0.0004316649283282459
0.0,100.0,379,930,22051,-2.196004867553711,3528,352928,-3.556389570236206,0.0002178589638788253,0.001,-17.84808891,0.00043287916923873127
0.0,100.0,379,930,22066,-2.120819091796875,3532,353168,-3.3690948486328125,6.233162275748327e-05,0.001,-17.82113279,0.0004303448658902198
0.0,100.0,379,930,22093,-2.147716522216797,3536,353600,0.7703849673271179,0.00013088149717077613,0.001,-17.92214328,0.0004250266938470304
0.0,100.0,380,930,22136,-2.1728157997131348,3540,354288,-0.45621949434280396,8.613277168478817e-05,0.001,-17.87805745,0.00042326407856307924
0.0,100.0,380,930,22151,-2.109631061553955,3544,354528,-1.4875853061676025,6.389310146914795e-05,0.001,-17.954341469999996,0.00042205306817777455
0.0,100.0,381,930,22166,-2.0904293060302734,3548,354768,-1.9698541164398193,8.080286352196708e-05,0.001,-17.890838779999996,0.0004199502000119537
0.0,100.0,381,930,22193,-2.053744077682495,3552,355200,0.30562329292297363,0.0004940071376040578,0.001,-17.758780899999998,0.0004181721596978605
0.0,100.0,382,930,22236,-2.1080751419067383,3556,355888,-0.0006906986236572266,5.3772746468894184e-05,0.001,-17.756206589999998,0.00041541698738001287
0.0,100.0,382,930,22251,-2.1193559169769287,3560,356128,-2.2325682640075684,0.00013759649300482124,0.001,-17.73197484,0.0004119219083804637
0.0,100.0,382,930,22266,-2.05218505859375,3564,356368,0.6126308441162109,6.116656004451215e-05,0.001,-17.67637137,0.0004078769707120955
0.0,100.0,383,930,22293,-2.109635353088379,3568,356800,-1.7655422687530518,0.0001262322475668043,0.001,-17.50569535,0.0004027961113024503
0.01,99.9,384,930,22332,-2.126272678375244,3572,357424,2.8814539909362793,0.02775592729449272,0.001,-17.58280747,0.00040042836917564273
0.01,99.9,384,930,22351,-2.1140851974487305,3576,357728,-0.38709110021591187,0.0005853917682543397,0.001,-17.50687001,0.00040297687519341707
0.01,99.9,384,930,22366,-1.9865761995315552,3580,357968,1.4820375442504883,0.00020925968419760466,0.001,-17.54150347,0.0004064844688400626
0.01,99.9,385,930,22393,-2.1618950366973877,3584,358400,0.23472651839256287,0.00013728998601436615,0.001,-17.583964979999998,0.00040942535270005465
0.01,99.9,385,930,22432,-2.0778520107269287,3588,359024,0.1101040244102478,0.0006597033934667706,0.001,-17.57115407,0.0004108261491637677
0.01,99.9,386,930,22451,-2.0973691940307617,3592,359328,9.15986442565918,0.00024625007063150406,0.001,-17.71010891,0.0004223717551212758
0.01,99.9,386,930,22466,-2.0168960094451904,3596,359568,-2.0040488243103027,0.00029496950446628034,0.001,-17.643731929999998,0.000432428001658991
0.01,99.9,386,930,22493,-2.027970552444458,3600,360000,-2.2740366458892822,0.00012063376925652847,0.001,-17.64351043,0.0004245759919285774
0.01,99.9,387,930,22532,-1.9476946592330933,3604,360624,2.1324281692504883,6.120082980487496e-05,0.001,-17.54122559,0.00041513441829010844
0.01,99.9,387,930,22551,-2.1272058486938477,3608,360928,-4.6717448234558105,5.558182601816952e-05,0.001,-17.62079792,0.0004116866330150515
0.01,99.9,387,930,22566,-2.0384361743927,3612,361168,-1.6045117378234863,0.00014517101226374507,0.001,-17.819763070000004,0.0004077167541254312
0.01,99.9,388,930,22593,-2.044926643371582,3616,361600,-0.5836915969848633,5.338998744264245e-05,0.001,-17.827065100000002,0.00040419024298898876
0.01,99.9,389,930,22632,-1.9689011573791504,3620,362224,-1.0375676155090332,0.00010669243783922866,0.001,-17.786432100000003,0.00040508207166567445
0.01,99.9,389,930,22651,-1.9488916397094727,3624,362528,-2.2900519371032715,0.0004041665233671665,0.001,-17.80774807,0.0004067659901920706
0.01,99.9,389,930,22666,-1.9838151931762695,3628,362768,4.009738922119141,0.0003600328927859664,0.001,-17.74117466,0.00040664439438842237
0.01,99.9,390,930,22693,-1.995664358139038,3632,363200,-0.8515040874481201,6.693537579849362e-05,0.001,-17.73944374,0.00040990335401147604
0.01,99.9,391,930,22732,-2.0175957679748535,3636,363824,-1.3840763568878174,8.311583223985508e-05,0.001,-17.62915256,0.00040271066245622933
0.01,99.9,391,930,22751,-2.0217835903167725,3640,364128,-3.653937816619873,5.277290620142594e-05,0.001,-17.642162289999998,0.0003997678868472576
0.01,99.9,391,930,22766,-2.0377910137176514,3644,364368,1.2265881299972534,0.00014660946908406913,0.001,-17.50542394,0.00039672423736192286
0.01,99.9,392,930,22793,-2.015122890472412,3648,364800,12.268085479736328,0.0005951157072558999,0.001,-17.65698623,0.0004116393392905593
0.01,99.9,392,930,22832,-2.0297913551330566,3652,365424,-0.5128254890441895,0.0003839853161480278,0.001,-17.69723599,0.0004245692980475724
0.01,99.9,393,930,22851,-2.0293819904327393,3656,365728,-3.0519325733184814,8.235940913436934e-05,0.001,-17.725934229999996,0.00042252603452652693
0.01,99.9,393,930,22866,-2.010397434234619,3660,365968,-2.6686606407165527,5.9581201639957726e-05,0.001,-17.811094000000004,0.0004186458245385438
0.01,99.9,393,930,22893,-2.0390875339508057,3664,366400,-2.0946176052093506,6.589011172764003e-05,0.001,-17.823488610000005,0.0004154758353251964
0.01,99.9,394,930,22932,-1.9639214277267456,3668,367024,0.19008636474609375,0.00027888029580935836,0.001,-17.921569580000003,0.0004104271065443754
0.0,100.0,394,930,22951,-1.9631388187408447,3672,367328,3.004520893096924,8.990500646177679e-05,0.001,-17.8353452,0.000409251224482432
0.0,100.0,395,930,22966,-1.9053480625152588,3676,367568,2.477465867996216,7.151048339437693e-05,0.001,-17.867069739999998,0.0004109186411369592
0.0,100.0,395,930,22993,-1.9112796783447266,3680,368000,-2.210214614868164,5.603807949228212e-05,0.001,-17.84261742,0.0004098917997907847
0.0,100.0,396,930,23032,-1.9475560188293457,3684,368624,-1.3457748889923096,5.572623194893822e-05,0.001,-17.861517380000002,0.00040368232293985784
0.0,100.0,396,930,23051,-1.9493298530578613,3688,368928,-2.560335159301758,0.0003429647767916322,0.001,-17.824928200000002,0.0004014820442534983
0.0,100.0,396,929,23066,-1.99005925655365,3692,369168,7.0537896156311035,0.0006852560327388346,0.001,-17.561282090000002,0.0004001802299171686
0.0,100.0,397,930,23093,-1.906312108039856,3696,369600,1.9885272979736328,0.0003181237552780658,0.001,-17.62219005,0.00042417229269631207
0.0,100.0,398,930,23132,-1.9076749086380005,3700,370224,2.5451552867889404,0.00021264315000735223,0.001,-17.51293021,0.00042509540799073875
0.0,100.0,398,930,23151,-1.9098100662231445,3704,370528,-4.417327880859375,0.0003064747725147754,0.001,-17.6144313,0.00042474872316233814
0.0,100.0,398,930,23166,-1.944131851196289,3708,370768,-4.945311069488525,0.00020090449834242463,0.001,-17.514685209999996,0.00042075919918715954
0.0,100.0,399,930,23193,-1.9658019542694092,3712,371200,0.8494037985801697,0.00016161674284376204,0.001,-17.283604880000002,0.0004133294860366732
0.0,100.0,399,930,23232,-1.871025562286377,3716,371824,-0.7794463634490967,0.0003172688011545688,0.001,-17.23569318,0.0004097192722838372
0.0,100.0,400,930,23251,-1.8927419185638428,3720,372128,-0.47525691986083984,4.2046012822538614e-05,0.001,-17.304926780000002,0.000407918996643275
0.0,100.0,400,930,23266,-1.9415290355682373,3724,372368,-0.6880066394805908,0.00021215499145910144,0.001,-17.294462640000003,0.00040649340371601284
0.0,100.0,400,929,23293,-1.8766427040100098,3728,372800,1.558183193206787,0.00033650262048467994,0.001,-17.362520949999997,0.00040652189636603
0.0,100.0,401,929,23332,-1.8466687202453613,3732,373424,0.8400331735610962,8.630967931821942e-05,0.001,-17.35565387,0.00040747964521870017
0.0,100.0,401,929,23351,-1.8400373458862305,3736,373728,0.3965471386909485,0.021419860422611237,0.001,-17.48193794,0.00040745202568359673
0.0,100.0,402,929,23366,-1.8548425436019897,3740,373968,2.757402181625366,0.0005041536642238498,0.001,-17.52554724,0.00040723237907513976
0.0,100.0,402,930,23393,-1.8454134464263916,3744,374400,-0.3610825538635254,0.00044305005576461554,0.001,-17.59295604,0.00040967745007947087
0.0,100.0,403,930,23432,-1.9025027751922607,3748,375024,1.8046759366989136,0.000236824867897667,0.001,-17.51957985,0.0004243147268425673
0.0,100.0,403,930,23451,-1.9305579662322998,3752,375328,-0.9100215435028076,0.0001871129497885704,0.001,-17.52895925,0.00042596019920893013
0.0,100.0,403,929,23466,-1.9398908615112305,3756,375568,1.6256247758865356,0.00020144126028753817,0.001,-17.42179316,0.00042540160939097404
0.0,100.0,404,929,23493,-1.8824505805969238,3760,376000,-1.1221601963043213,0.0005316170281730592,0.001,-17.361726060000002,0.0004232949868310243
0.0,100.0,405,929,23532,-1.846561312675476,3764,376624,14.87710952758789,0.00037942605558782816,0.001,-17.31044527,0.0004257621767465025
0.0,100.0,405,929,23551,-1.8054776191711426,3768,376928,-2.3476953506469727,8.018314110813662e-05,0.001,-17.334086499999998,0.0004420223121996969
0.0,100.0,405,929,23566,-1.8663914203643799,3772,377168,-5.388664245605469,0.000522064627148211,0.001,-17.345661219999997,0.0004419675387907773
0.0,100.0,406,929,23593,-1.8178775310516357,3776,377600,-1.8162331581115723,0.00010876767191803083,0.001,-17.30280304,0.000442368327639997
0.0,100.0,406,929,23632,-1.813041090965271,3780,378224,0.02645161747932434,0.00036055114469490945,0.001,-17.244623230000002,0.000435146561358124
0.0,100.0,407,929,23651,-1.8482087850570679,3784,378528,-3.2642295360565186,0.00025927944807335734,0.001,-17.24727482,0.0004293397068977356
0.0,100.0,407,929,23666,-1.805896520614624,3788,378768,-2.160630226135254,6.4410429331474e-05,0.001,-17.24022289,0.00042365965782664716
0.0,100.0,407,929,23693,-1.8756507635116577,3792,379200,-2.1622326374053955,0.00113009347114712,0.001,-17.35047535,0.00041868374682962894
0.0,100.0,408,929,23732,-1.854546070098877,3796,379824,-5.236248970031738,0.00011437330977059901,0.001,-17.28500252,0.00041569757740944624
0.0,100.0,408,929,23751,-1.887925624847412,3800,380128,-4.130394458770752,0.0004064614768140018,0.001,-17.339042319999997,0.0004116462077945471
0.0,100.0,409,929,23766,-1.8237128257751465,3804,380368,-1.5051707029342651,0.00021227715478744358,0.001,-17.277162340000004,0.00040814370731823146
0.0,100.0,409,929,23793,-1.7899599075317383,3808,380800,-0.12157154083251953,0.00029449324938468635,0.001,-17.308998480000003,0.0004089773283340037
0.0,100.0,410,929,23832,-1.7715338468551636,3812,381424,-2.1651272773742676,0.0005986092146486044,0.001,-17.420499829999997,0.0004064360400661826
0.0,100.0,410,929,23851,-1.8099678754806519,3816,381728,2.0880308151245117,0.00036077515687793493,0.001,-17.48937798,0.00040315621299669147
0.0,100.0,410,929,23866,-1.749443531036377,3820,381968,2.4471211433410645,0.0002537987311370671,0.001,-17.4232405,0.0004030162817798555
0.0,100.0,411,929,23893,-1.7778043746948242,3824,382400,-3.377323627471924,0.0007908191764727235,0.001,-17.50259044,0.0004047393158543855
0.0,100.0,412,929,23932,-1.7802228927612305,3828,383024,2.9582481384277344,0.00020363480143714696,0.001,-17.500730230000002,0.00040610128780826926
0.0,100.0,412,929,23951,-1.780791163444519,3832,383328,2.532156467437744,0.0003847777843475342,0.001,-17.434686360000004,0.000411178742069751
0.0,100.0,412,929,23966,-1.678073763847351,3836,383568,-2.552882432937622,0.00011429069127188995,0.001,-17.333666219999998,0.0004136856005061418
0.0,100.0,413,929,23993,-1.6992638111114502,3840,384000,2.773411750793457,0.0002530797792132944,0.001,-17.371015130000004,0.00041261682054027915
0.0,100.0,414,929,24032,-1.7380386590957642,3844,384624,-0.37132272124290466,0.00035556545481085777,0.001,-17.342682670000002,0.00042676343582570553
0.0,100.0,414,928,24051,-1.715895175933838,3848,384928,0.977182149887085,0.00022062539937905967,0.001,-17.316543460000002,0.0004234651569277048
0.0,100.0,414,928,24066,-1.683478832244873,3852,385168,-2.633500576019287,6.433093221858144e-05,0.001,-17.35167562,0.00042236733133904636
0.0,100.0,414,929,24093,-1.7766499519348145,3856,385600,0.8699681162834167,0.00034228776348754764,0.001,-17.44097395,0.0004177727678325027
0.0,100.0,415,928,24132,-1.701827049255371,3860,386224,3.684751033782959,0.00021420637494884431,0.001,-17.36052316,0.00041531104943715036
0.0,100.0,416,928,24151,-1.6445918083190918,3864,386528,2.232508420944214,0.00015398976393043995,0.001,-17.47694434,0.00042248977115377784
0.0,100.0,416,928,24166,-1.7039828300476074,3868,386768,0.7943247556686401,0.00011546593304956332,0.001,-17.44751379,0.0004264168383087963
0.0,100.0,416,928,24193,-1.7082237005233765,3872,387200,-4.893833637237549,0.0003189849085174501,0.001,-17.392670529999997,0.00042381242383271456
0.0,100.0,417,928,24232,-1.7390477657318115,3876,387824,-0.3339751958847046,0.00013870336988475174,0.001,-17.377483220000002,0.0004146222781855613
0.0,100.0,417,928,24251,-1.716841220855713,3880,388128,-3.603081464767456,5.129939381731674e-05,0.001,-17.4123591,0.00041304933256469667
0.0,100.0,418,928,24266,-1.7152681350708008,3884,388368,-1.893742561340332,4.050412098877132e-05,0.001,-17.379967999999998,0.000410298554925248
0.0,100.0,418,928,24293,-1.7431615591049194,3888,388800,-2.2160990238189697,4.8730238631833345e-05,0.001,-17.37994241,0.0004038646584376693
0.0,100.0,419,928,24332,-1.719232201576233,3892,389424,-0.011663496494293213,9.855347889242694e-05,0.001,-17.40511686,0.00040679663652554154
0.0,100.0,419,928,24351,-1.6869561672210693,3896,389728,-2.248642921447754,5.502850763150491e-05,0.001,-17.383955450000002,0.0004068471025675535
0.0,100.0,420,928,24366,-1.6871497631072998,3900,389968,0.46517062187194824,0.00020979545661248267,0.001,-17.410176249999996,0.0004041297361254692
0.0,100.0,420,928,24393,-1.7246015071868896,3904,390400,0.05273604393005371,0.00022956285101827234,0.001,-17.53484058,0.00040303723653778434
0.0,100.0,421,928,24432,-1.6107152700424194,3908,391024,1.2556993961334229,7.103998359525576e-05,0.001,-17.57369354,0.00040537441964261234
0.0,100.0,421,928,24451,-1.6939129829406738,3912,391328,0.5303438305854797,5.864957711310126e-05,0.001,-17.44827102,0.0004057482292409986
0.0,100.0,421,928,24466,-1.6732311248779297,3916,391568,-1.3478490114212036,0.000130841726786457,0.001,-17.42022767,0.0004057010228279978
0.0,100.0,422,928,24493,-1.6273356676101685,3920,392000,1.217638611793518,0.00029733008705079556,0.001,-17.33646177,0.00040353048825636506
0.0,100.0,422,928,24532,-1.6550884246826172,3924,392624,-0.4533810019493103,0.00015267009439412504,0.001,-17.403595650000003,0.0004065321700181812
0.0,100.0,423,928,24551,-1.599599838256836,3928,392928,2.878671169281006,8.161735604517162e-05,0.001,-17.425188449999997,0.0004071506264153868
0.0,100.0,423,928,24566,-1.5419193506240845,3932,393168,0.45305848121643066,7.453306898241863e-05,0.001,-17.52564164,0.00040747399907559156
0.0,100.0,424,928,24593,-1.5711462497711182,3936,393600,-0.5244909524917603,4.4625008740695193e-05,0.001,-17.511953289999997,0.00040378820267505944
0.0,100.0,424,927,24632,-1.6633310317993164,3940,394224,-0.6120433807373047,3.933161497116089e-05,0.001,-17.47752745,0.00039870067848823965
0.0,100.0,425,927,24651,-1.5419143438339233,3944,394528,4.910595893859863,0.0007225141162052751,0.001,-17.47705101,0.0003987164527643472
0.01,99.99,425,927,24665,-1.603961706161499,3948,394752,3.867119550704956,0.0007362393080256879,0.001,-17.49588274,0.0004059275961481035
0.01,99.99,426,927,24693,-1.646583080291748,3952,395200,-1.191072702407837,9.826911264099181e-05,0.001,-17.54747118,0.00041617872193455696
0.02,99.9,426,927,24723,-1.647942304611206,3956,395680,-1.8482764959335327,6.251960439840332e-05,0.001,-17.509997079999998,0.00041383985080756247
0.03,99.9,427,927,24751,-1.5029287338256836,3960,396128,0.39970359206199646,0.00012501212768256664,0.001,-17.509028439999998,0.0004112071474082768
0.05,99.65,427,927,24759,-1.5834746360778809,3964,396256,3.0504603385925293,0.022373422980308533,0.001,-17.384800050000003,0.0004121040110476315
0.06,99.52,427,927,24789,-1.5696698427200317,3968,396736,3.928287982940674,0.00013164381380192935,0.001,-17.3912422,0.00041063461685553193
0.06,99.52,428,927,24823,-1.6563754081726074,3972,397280,-2.718996047973633,9.028856584336609e-05,0.001,-17.40667215,0.0004085605905856937
0.06,99.52,428,927,24851,-1.5511633157730103,3976,397728,-1.7087757587432861,6.041876622475684e-05,0.001,-17.45960788,0.00040546045056544244
0.06,99.52,428,927,24859,-1.5944147109985352,3980,397856,-4.389021396636963,5.5248994613066316e-05,0.001,-17.37680083,0.0004040310741402209
0.06,99.52,429,927,24889,-1.6057171821594238,3984,398336,3.088508129119873,0.00046296927030198276,0.001,-17.4763655,0.0003986645315308124
0.06,99.52,429,927,24923,-1.5898085832595825,3988,398880,-6.073792934417725,0.00019683751452248544,0.001,-17.44076003,0.00039768751594237983
0.06,99.52,430,927,24951,-1.6007806062698364,3992,399328,0.23813092708587646,5.274673458188772e-05,0.001,-17.367000649999998,0.00038610462797805667
0.06,99.52,430,927,24959,-1.5872645378112793,3996,399456,0.36301377415657043,6.188752740854397e-05,0.001,-17.30329202,0.0003848523192573339
0.06,99.52,431,927,24989,-1.5780963897705078,4000,399936,-1.764288067817688,0.00041180133121088147,0.001,-17.26741246,0.00038193073123693466
0.06,99.52,431,927,25023,-1.578505516052246,4004,400480,-3.612717628479004,5.47247109352611e-05,0.001,-17.10917404,0.0003807450120802969
0.06,99.52,432,927,25051,-1.459960699081421,4008,400928,0.22003644704818726,0.00026091551990248263,0.001,-17.063773969999996,0.0003749692114070058
0.06,99.52,432,927,25059,-1.5673861503601074,4012,401056,1.410994529724121,0.00018730154260993004,0.001,-17.04754015,0.00037310042534954846
0.06,99.52,432,927,25089,-1.4392750263214111,4016,401536,-5.370089530944824,0.0003357566019985825,0.001,-17.12930759,0.0003760785039048642
0.06,99.52,433,927,25123,-1.545243263244629,4020,402080,4.891905307769775,0.01683294214308262,0.001,-17.13583178,0.0003751255280803889
0.06,99.52,433,927,25151,-1.5857328176498413,4024,402528,-3.24639630317688,0.0001688866614131257,0.001,-17.16181974,0.00038021887303330004
0.06,99.52,434,927,25159,-1.5173516273498535,4028,402656,-1.9512741565704346,0.0004338676808401942,0.001,-17.1579648,0.000377887423383072
0.06,99.52,434,927,25189,-1.6090469360351562,4032,403136,3.80598783493042,0.00011639286822173744,0.001,-17.089262780000002,0.00037796166725456715
0.06,99.52,435,927,25223,-1.471447229385376,4036,403680,-0.5954724550247192,5.0636910600587726e-05,0.001,-17.036533939999998,0.00037940152105875313
0.06,99.52,435,927,25251,-1.566340446472168,4040,404128,-2.1919682025909424,0.00013828766532242298,0.001,-16.98389173,0.0003744683926925063
0.06,99.52,436,927,25259,-1.491852045059204,4044,404256,0.8369609117507935,0.0001701945293461904,0.001,-16.850242599999998,0.000373112503439188
0.05,99.53,436,927,25289,-1.559509515762329,4048,404736,-0.8248887062072754,5.5623851949349046e-05,0.001,-16.77098888,0.00037413372774608433
0.05,99.53,437,927,25323,-1.497103214263916,4052,405280,-0.7398333549499512,4.76498062198516e-05,0.001,-16.68818262,0.00037203679676167667
0.04,99.62,437,927,25351,-1.431647539138794,4056,405728,7.485835075378418,0.0003082527546212077,0.001,-16.58261755,0.00037296934169717133
0.03,99.62,437,927,25359,-1.4825763702392578,4060,405856,5.463854789733887,0.0001464508823119104,0.001,-16.56619461,0.00037770619383081794
0.01,99.87,438,926,25389,-1.5802700519561768,4064,406336,-1.893476963043213,0.0001624381693545729,0.001,-16.651030650000003,0.0003841211728285998
0.0,100.0,439,926,25423,-1.5211910009384155,4068,406880,-3.422844886779785,0.0003410666831769049,0.001,-16.61032256,0.00038292331737466156
0.0,100.0,439,926,25451,-1.4703458547592163,4072,407328,4.554945945739746,0.00027645903173834085,0.001,-16.72105689,0.00037738989340141416
0.0,100.0,439,926,25459,-1.4817036390304565,4076,407456,13.333873748779297,0.00027054036036133766,0.001,-16.71494375,0.0003831035865005106
0.0,100.0,440,926,25489,-1.423858642578125,4080,407936,1.082474708557129,9.40505342441611e-05,0.001,-16.711568399999997,0.000405772210797295
0.0,100.0,440,926,25523,-1.4418057203292847,4084,408480,2.312689781188965,8.459251694148406e-05,0.001,-16.66213708,0.0004098028875887394
0.0,100.0,441,926,25551,-1.5310910940170288,4088,408928,-2.354113817214966,0.00013737104018218815,0.001,-16.696125129999995,0.0004070052527822554
0.0,100.0,441,926,25559,-1.4894664287567139,4092,409056,-1.5451114177703857,0.0001794641138985753,0.001,-16.758436189999998,0.0004053150478284806
0.0,100.0,442,926,25589,-1.4771044254302979,4096,409536,-0.4004535675048828,6.929918890818954e-05,0.001,-16.84935896,0.000402348639909178
0.0,100.0,442,926,25623,-1.4788320064544678,4100,410080,-1.0765365362167358,0.0001006833917926997,0.001,-16.81810326,0.0003952310362365097
0.0,100.0,443,926,25651,-1.5458364486694336,4104,410528,0.7817357778549194,6.113492418080568e-05,0.001,-16.82142278,0.00038813811261206865
0.0,100.0,443,926,25659,-1.3842980861663818,4108,410656,-0.27229779958724976,4.8210917157121e-05,0.001,-16.80544924,0.00038668132037855685
0.0,100.0,443,926,25689,-1.3570138216018677,4112,411136,-0.25761160254478455,3.565723818610422e-05,0.001,-16.87449995,0.0003816041862592101
0.0,100.0,444,926,25723,-1.3686400651931763,4116,411680,0.39344048500061035,0.00024248599947895855,0.001,-16.89695067,0.0003786449960898608
0.0,100.0,444,926,25751,-1.4830803871154785,4120,412128,0.3588051199913025,0.00031616073101758957,0.001,-16.989004790000003,0.0003750802716240287
0.0,100.0,445,926,25759,-1.400850772857666,4124,412256,-1.090643286705017,0.0001661206770222634,0.001,-16.93214405,0.00037536403397098184
0.0,100.0,445,926,25789,-1.3546178340911865,4128,412736,1.9218378067016602,0.0004877938190475106,0.001,-16.867800900000002,0.00037689480814151466
0.0,100.0,446,926,25823,-1.3849056959152222,4132,413280,-0.4602435231208801,8.604623144492507e-05,0.001,-16.818820360000004,0.00038816864253021777
0.0,100.0,446,926,25851,-1.4032559394836426,4136,413728,-1.429961919784546,0.018447501584887505,0.001,-16.87935154,0.0003859958378598094
0.0,100.0,446,926,25859,-1.4312719106674194,4140,413856,-1.964124321937561,0.00023521538241766393,0.001,-16.91291456,0.0003835241368506104
0.0,100.0,447,926,25889,-1.4724370241165161,4144,414336,1.3221592903137207,0.00011407212150515988,0.001,-16.957972339999998,0.000376104871975258
0.0,100.0,447,926,25923,-1.316008448600769,4148,414880,-0.40660858154296875,6.883344030939043e-05,0.001,-17.01814148,0.00037915087887085974
0.0,100.0,448,926,25951,-1.31563401222229,4152,415328,2.498056411743164,9.800370753509924e-05,0.001,-16.99524182,0.00037780904676765203
0.0,100.0,448,926,25959,-1.394188404083252,4156,415456,-0.9224584102630615,0.00022180458472575992,0.001,-17.053488,0.0003769857285078615
0.0,100.0,449,926,25989,-1.4001679420471191,4160,415936,-2.7772974967956543,0.00015866797184571624,0.001,-17.056137250000003,0.0003664044779725373
0.0,100.0,449,926,26023,-1.3770993947982788,4164,416480,6.548552989959717,0.00021493574604392052,0.001,-17.06909742,0.00036502836155705154
0.0,100.0,450,926,26051,-1.3903554677963257,4168,416928,-5.602105617523193,0.0001092527891159989,0.001,-17.184822949999997,0.00036723248194903135
0.0,100.0,450,926,26059,-1.3623018264770508,4172,417056,3.4107956886291504,0.0001017240429064259,0.001,-17.058322840000002,0.00036475658998824656
0.0,100.0,450,926,26089,-1.4353389739990234,4176,417536,-2.2243142127990723,9.853655501501635e-05,0.001,-17.13096781,0.00036298768827691674
0.0,100.0,451,926,26123,-1.274278163909912,4180,418080,6.584492206573486,0.00015523900219704956,0.001,-17.210141359999998,0.00036526640178635716
0.0,100.0,451,926,26151,-1.364504337310791,4184,418528,1.6593475341796875,0.00028701333212666214,0.001,-17.2148792,0.0003833858936559409
0.0,100.0,451,926,26159,-1.2653319835662842,4188,418656,-0.23101161420345306,0.00014751027629245073,0.001,-17.270204289999995,0.00038476940244436264
0.0,100.0,452,926,26189,-1.3023638725280762,4192,419136,1.0600907802581787,6.803340511396527e-05,0.001,-17.2332867,0.00037988615804351866
0.0,100.0,453,926,26223,-1.3368065357208252,4196,419680,-2.307344675064087,5.216962381382473e-05,0.001,-17.201624700000004,0.00037069045356474817
0.0,100.0,453,926,26251,-1.2742894887924194,4200,420128,0.06089639663696289,0.0003172949654981494,0.001,-17.222496430000003,0.00036591856041923165
0.0,100.0,453,926,26259,-1.2460588216781616,4204,420256,-1.2713861465454102,0.015836060047149658,0.001,-17.15574522,0.00036563235335052013
0.0,100.0,454,926,26289,-1.3850812911987305,4208,420736,-0.08523537218570709,0.0001594565692357719,0.001,-17.16800098,0.00036350940354168415
0.0,100.0,454,925,26323,-1.275951623916626,4212,421280,1.5549495220184326,0.00013052759459242225,0.001,-17.08318569,0.0003617525799199939
0.0,100.0,455,925,26351,-1.284940242767334,4216,421728,-0.03338107466697693,9.704562398837879e-05,0.001,-17.015509909999995,0.000362465187208727
0.0,100.0,455,925,26359,-1.2081868648529053,4220,421856,2.896667242050171,7.986842683749273e-05,0.001,-16.98551055,0.0003622809599619359
0.0,100.0,456,925,26389,-1.2784372568130493,4224,422336,7.1611456871032715,0.00019108403648715466,0.001,-16.98165677,0.0003615577006712556
0.0,100.0,456,925,26423,-1.339176058769226,4228,422880,-1.258158564567566,3.408543852856383e-05,0.001,-16.968424870000003,0.0003690453013405204
0.0,100.0,457,925,26451,-1.2806041240692139,4232,423328,0.8008143901824951,4.533537503448315e-05,0.001,-16.997063630000003,0.00036510915379039943
0.0,100.0,457,925,26459,-1.3018465042114258,4236,423456,0.6987859010696411,4.600395914167166e-05,0.001,-16.931180069999996,0.0003644979151431471
0.0,100.0,457,925,26489,-1.2613561153411865,4240,423936,2.371974468231201,0.000300752988550812,0.001,-16.936155650000003,0.00036548206117004156
0.0,100.0,458,925,26523,-1.310967206954956,4244,424480,-2.924553871154785,0.0001556000206619501,0.001,-16.93028928,0.0003608468978200108
0.0,100.0,459,925,26551,-1.195253849029541,4248,424928,2.806736469268799,0.00019500177586451173,0.001,-16.911512130000002,0.00035865852260030806
0.0,100.0,459,925,26559,-1.3104586601257324,4252,425056,-2.39896821975708,0.00011179115244885907,0.001,-16.915373770000002,0.00035891274455934763
0.0,100.0,459,925,26589,-1.2183817625045776,4256,425536,9.351184844970703,0.000250831653829664,0.001,-16.892172310000003,0.00035972523619420826
0.0,100.0,460,925,26623,-1.1959786415100098,4260,426080,0.9614244103431702,0.00022369383077602834,0.001,-16.918267450000002,0.00037736110971309245
0.0,100.0,460,925,26651,-1.259049654006958,4264,426528,-1.9001935720443726,8.591411460656673e-05,0.001,-16.86299705,0.0003746675211004913
0.0,100.0,461,925,26659,-1.1845626831054688,4268,426656,-1.3648980855941772,0.0002968873013742268,0.001,-16.77083175,0.00037198589416220784
0.0,100.0,461,925,26689,-1.280178427696228,4272,427136,-2.8560972213745117,5.522600986296311e-05,0.001,-16.733344980000002,0.00036255072336643934
0.0,100.0,462,925,26723,-1.2139776945114136,4276,427680,0.6730644702911377,0.00014970029587857425,0.001,-16.70312912,0.0003534750430844724
0.0,100.0,462,925,26751,-1.229665756225586,4280,428128,-0.04503852128982544,5.169661744730547e-05,0.001,-16.73005487,0.000348278641467914
0.0,100.0,462,925,26759,-1.253896713256836,4284,428256,0.28714248538017273,0.014756214804947376,0.001,-16.67571814,0.0003467098285909742
0.0,100.0,463,925,26789,-1.2833614349365234,4288,428736,-1.8939152956008911,7.339315197896212e-05,0.001,-16.728660849999997,0.00034327953471802175
0.0,100.0,464,924,26823,-1.167232632637024,4292,429280,0.0026856660842895508,3.961116817663424e-05,0.001,-16.79898906,0.0003441127482801676
0.0,100.0,464,924,26851,-1.2250568866729736,4296,429728,-0.6959620714187622,4.14422174799256e-05,0.001,-16.762886800000004,0.0003440778236836195
0.0,100.0,464,924,26859,-1.1916851997375488,4300,429856,-0.9155728220939636,5.338978735380806e-05,0.001,-16.77625168,0.00034402500023134053
0.0,100.0,465,924,26889,-1.207599401473999,4304,430336,-0.9062641263008118,0.00033553296816535294,0.001,-16.823213569999997,0.0003427641640882939
0.0,100.0,465,924,26923,-1.2890305519104004,4308,430880,0.02931511402130127,6.488409417215735e-05,0.001,-16.800921340000002,0.00035013663000427186
0.0,100.0,466,924,26951,-1.187392234802246,4312,431328,-0.16099834442138672,5.649925151374191e-05,0.001,-16.877969080000003,0.00035589863546192646
0.0,100.0,466,924,26959,-1.1921589374542236,4316,431456,0.3933655023574829,4.2217598092975095e-05,0.001,-16.84204717,0.00035549531457945704
0.0,100.0,467,924,26989,-1.2330267429351807,4320,431936,-0.6456329822540283,4.7433455620193854e-05,0.001,-16.829570470000004,0.000353277224348858
0.0,100.0,467,924,27023,-1.1992748975753784,4324,432480,-0.39369696378707886,0.00013344635954126716,0.001,-16.924198699999998,0.00035005848621949553
0.0,100.0,468,924,27051,-1.1922581195831299,4328,432928,11.511037826538086,7.458147592842579e-05,0.001,-16.948224609999997,0.00035837525501847267
0.0,100.0,468,924,27059,-1.15317964553833,4332,433056,3.7216882705688477,6.351606862153858e-05,0.001,-16.96612567,0.0003666755510494113
0.0,100.0,469,924,27089,-1.1861190795898438,4336,433536,-2.608051300048828,0.0003864155733026564,0.001,-16.998265959999998,0.000375481293303892
0.0,100.0,469,924,27123,-1.0981593132019043,4340,434080,-2.2358474731445312,8.859099034452811e-05,0.001,-17.03050824,0.00036647068918682635
0.0,100.0,469,924,27151,-1.142992615699768,4344,434528,-1.8561313152313232,0.00011104537406936288,0.001,-17.111555929999998,0.0003601723292376846
0.0,100.0,470,924,27159,-1.1674916744232178,4348,434656,0.647866427898407,7.808532973285764e-05,0.001,-17.10316892,0.00035908480640500784
0.0,100.0,470,924,27189,-1.1695202589035034,4352,435136,-3.350463390350342,4.5833952754037455e-05,0.001,-17.138466940000004,0.0003547666419763118
0.0,100.0,471,924,27223,-1.1200945377349854,4356,435680,0.6055091023445129,3.971023761550896e-05,0.001,-17.10567432,0.00035012277658097446
0.0,100.0,471,924,27251,-1.1620137691497803,4360,436128,-1.0055866241455078,3.8407502870541066e-05,0.001,-17.073231290000003,0.00034857753780670464
0.0,100.0,471,924,27259,-1.185924768447876,4364,436256,-1.6262520551681519,3.267857027822174e-05,0.001,-17.04191828,0.0003480701125226915
0.0,100.0,472,924,27289,-1.1457207202911377,4368,436736,-0.6722573041915894,0.011456597596406937,0.001,-17.05723306,0.00034489171230234206
0.0,100.0,472,924,27323,-1.1951014995574951,4372,437280,-3.9370949268341064,0.0001855017035268247,0.001,-17.13528058,0.0003456337144598365
0.0,100.0,473,924,27351,-1.2092907428741455,4376,437728,1.1090575456619263,0.00013624865096062422,0.001,-17.106919630000004,0.0003454572579357773
0.0,100.0,473,924,27359,-1.1837191581726074,4380,437856,-1.1289604902267456,0.000381268939236179,0.001,-17.05088701,0.0003471629461273551
0.0,100.0,474,924,27389,-1.2276850938796997,4384,438336,4.209423065185547,0.014062512665987015,0.001,-17.12350858,0.0003449237847235054
0.0,100.0,474,924,27423,-1.0957541465759277,4388,438880,2.8518354892730713,5.952113133389503e-05,0.001,-17.08107169,0.00035019422648474574
0.0,100.0,475,924,27451,-1.0473812818527222,4392,439328,-6.912386894226074,0.00014899000234436244,0.001,-17.026601180000004,0.0003531805705279112
0.0,100.0,475,924,27459,-1.1122231483459473,4396,439456,-1.003267765045166,0.00042715860763564706,0.001,-17.068660769999997,0.0003511491813696921
0.0,100.0,475,924,27489,-1.1325677633285522,4400,439936,-2.7117044925689697,8.31920697237365e-05,0.001,-17.137390149999998,0.00035141350235790014
0.0,100.0,476,924,27523,-1.0831425189971924,4404,440480,-0.9654000401496887,5.0914350140374154e-05,0.001,-17.21558334,0.00034914829302579165
0.0,100.0,476,924,27551,-1.1328341960906982,4408,440928,0.819904088973999,0.0002621615712996572,0.001,-17.224802590000003,0.0003458800201769918
0.0,100.0,476,924,27559,-1.045809268951416,4412,441056,-1.3943934440612793,0.00010405044304206967,0.001,-17.241373460000002,0.0003445434267632663
0.0,100.0,477,924,27589,-1.132633924484253,4416,441536,2.0327272415161133,0.0004906912799924612,0.001,-17.25210572,0.0003434211830608547
0.0,100.0,478,924,27623,-1.0044288635253906,4420,442080,0.8812819123268127,0.00017056523938663304,0.001,-17.305288859999997,0.0003466826747171581
0.0,100.0,478,924,27651,-1.069115161895752,4424,442528,-1.8236503601074219,6.447377381846309e-05,0.001,-17.21671512,0.00034552018041722476
0.0,100.0,478,924,27659,-1.0422923564910889,4428,442656,-0.4649304449558258,7.308079511858523e-05,0.001,-17.19564309,0.0003447945637162775
0.0,100.0,479,924,27689,-0.9948142766952515,4432,443136,1.892628788948059,8.587801130488515e-05,0.001,-17.210650219999998,0.00034465218777768314
0.0,100.0,480,924,27723,-1.0515470504760742,4436,443680,2.6698522567749023,5.04302661283873e-05,0.001,-17.157887960000004,0.000341513950843364
0.0,100.0,480,924,27751,-1.0895931720733643,4440,444128,-5.224124908447266,0.0001480498758610338,0.001,-17.062330850000002,0.00033679502666927874
0.0,100.0,480,924,27759,-1.0640764236450195,4444,444256,0.7754819393157959,0.00013599629164673388,0.001,-17.059322359999996,0.0003335126384627074
0.0,100.0,481,924,27789,-1.0493147373199463,4448,444736,2.9421114921569824,6.794006185373291e-05,0.001,-17.07649326,0.00033917263499461114
0.0,100.0,481,924,27823,-1.0331833362579346,4452,445280,1.1701773405075073,4.969312794855796e-05,0.001,-17.149199779999996,0.000344124244293198
0.0,100.0,482,924,27851,-1.1295987367630005,4456,445728,0.2657577097415924,5.4363947128877044e-05,0.001,-17.16063752,0.00034375046379864216
0.0,100.0,482,924,27859,-1.05037522315979,4460,445856,1.108718991279602,0.00010997027129633352,0.001,-17.08329649,0.00034388541826047003
0.0,100.0,483,924,27889,-1.0851247310638428,4464,446336,-3.0562191009521484,0.00010417712474009022,0.001,-17.10159932,0.0003418952692300081
0.0,100.0,483,923,27923,-1.1254403591156006,4468,446880,-1.6985015869140625,0.00012587227683980018,0.001,-17.07343124,0.00033432309282943606
0.0,100.0,484,923,27951,-1.0433664321899414,4472,447328,4.058674335479736,0.0001512312883278355,0.001,-17.03882434,0.00033136250567622483
0.0,100.0,484,923,27959,-1.0774250030517578,4476,447456,4.5282135009765625,6.007253978168592e-05,0.001,-17.00078316,0.00033388816518709064
0.0,100.0,484,923,27989,-0.9751605987548828,4480,447936,4.275577545166016,0.013092625886201859,0.001,-16.99503762,0.00034684009733609855
0.0,100.0,485,923,28023,-0.9632052779197693,4484,448480,-0.31679996848106384,0.00012683738896157593,0.001,-16.98108037,0.000348305213265121
0.0,100.0,485,923,28051,-1.0347462892532349,4488,448928,1.6019253730773926,7.378117879852653e-05,0.001,-16.958832519999998,0.00034455148852430284
0.0,100.0,486,923,28059,-1.0697462558746338,4492,449056,-0.09029078483581543,4.717733827419579e-05,0.001,-16.89677345,0.000343478488503024
0.0,100.0,486,923,28089,-1.031543493270874,4496,449536,-3.4096412658691406,3.665568874566816e-05,0.001,-16.92526841,0.0003414740785956383
0.0,100.0,487,923,28123,-0.9457511305809021,4500,450080,0.4299328327178955,6.5583226387389e-05,0.001,-16.887131120000003,0.0003397389955352992
0.0,100.0,487,923,28151,-1.0303112268447876,4504,450528,-0.772635817527771,3.975174331571907e-05,0.001,-16.8405775,0.0003441350709181279
0.0,100.0,487,923,28159,-1.054866075515747,4508,450656,-0.8079758882522583,8.387220441363752e-05,0.001,-16.86472847,0.00034333652001805604
0.0,100.0,488,923,28189,-1.0312137603759766,4512,451136,-1.2124314308166504,3.45918488164898e-05,0.001,-16.86859841,0.0003410209028515965
0.0,100.0,489,923,28223,-1.0368521213531494,4516,451680,-2.5730791091918945,4.948320201947354e-05,0.001,-16.857229150000002,0.00033828156301751733
0.0,100.0,489,923,28251,-0.9948992133140564,4520,452128,2.6279659271240234,0.00013402746117208153,0.001,-16.82219011,0.00033634548890404403
0.0,100.0,489,923,28259,-1.0480690002441406,4524,452256,-0.851373016834259,5.8847963373409584e-05,0.001,-16.749406880000002,0.00033711912692524493
0.0,100.0,490,923,28289,-1.0529372692108154,4528,452736,0.43038079142570496,4.881459608441219e-05,0.001,-16.69804174,0.000342201063176617
0.0,100.0,490,923,28323,-0.976834774017334,4532,453280,-1.0237677097320557,8.456553769065067e-05,0.001,-16.67465768,0.00034169803257100284
0.0,100.0,491,923,28351,-0.9948946833610535,4536,453728,-0.25014862418174744,0.0003948475350625813,0.001,-16.73972376,0.0003356614906806499
0.0,100.0,491,923,28359,-0.9736717939376831,4540,453856,-2.995382308959961,0.00013758834393229336,0.001,-16.874814559999997,0.00033350754529237747
0.0,100.0,492,923,28389,-0.8588451147079468,4544,454336,-0.2601374685764313,5.0934562750626355e-05,0.001,-16.843534039999998,0.0003262930258642882
0.0,100.0,492,922,28423,-1.0298163890838623,4548,454880,9.611898422241211,0.00025599930086173117,0.001,-16.826811669999998,0.00033105420880019665
0.0,100.0,493,923,28451,-0.9935145974159241,4552,455328,2.3874523639678955,5.5293665354838595e-05,0.001,-16.781699180000004,0.00035355682484805584
0.0,100.0,493,923,28459,-0.9732128381729126,4556,455456,-1.191752552986145,0.00015510669618379325,0.001,-16.89846796,0.0003565861261449754
0.0,100.0,493,923,28489,-0.9332287907600403,4560,455936,-3.4735755920410156,4.260438072378747e-05,0.001,-16.952655619999998,0.00035421186476014555
0.0,100.0,494,923,28523,-1.04146146774292,4564,456480,-0.4707801938056946,7.269132765941322e-05,0.001,-16.922684090000004,0.00035171606577932835
0.0,100.0,495,923,28551,-0.8653974533081055,4568,456928,2.744765520095825,0.000141510579851456,0.001,-16.92569414,0.000349395937519148
0.0,100.0,495,923,28559,-0.8568911552429199,4572,457056,3.4881703853607178,0.00011782399087678641,0.001,-16.92620243,0.0003490705566946417
0.0,100.0,495,923,28589,-0.9844194650650024,4576,457536,-2.631169319152832,3.820317579084076e-05,0.001,-17.002829369999997,0.0003507619258016348
0.0,100.0,496,922,28623,-0.8663733005523682,4580,458080,-0.023362964391708374,4.991684545530006e-05,0.001,-16.99475741,0.00034583668457344174
0.0,100.0,496,922,28651,-0.9777540564537048,4584,458528,-2.6318745613098145,3.1448427762370557e-05,0.001,-16.92087761,0.0003408027405384928
0.0,100.0,496,922,28659,-0.8963398933410645,4588,458656,-3.811767578125,9.686160774435848e-05,0.001,-16.854261960000002,0.00033892886131070554
0.0,100.0,497,922,28689,-0.8662868738174438,4592,459136,1.178396224975586,4.692480433732271e-05,0.001,-16.927512249999996,0.0003385834861546755
0.0,100.0,497,923,28723,-0.9972586631774902,4596,459680,5.138050079345703,4.2321124055888504e-05,0.001,-16.81651183,0.000347093737218529
0.0,100.0,498,923,28751,-0.892509937286377,4600,460128,-2.7614190578460693,4.888160401606001e-05,0.001,-16.7318002,0.0003508889058139175
0.0,100.0,498,923,28759,-0.9591110944747925,4604,460256,-1.7900784015655518,4.0948245441541076e-05,0.001,-16.70673307,0.0003497184661682695
0.0,100.0,499,922,28789,-0.8915224075317383,4608,460736,2.5805776119232178,8.625693590147421e-05,0.001,-16.71010687,0.0003455915430095047
0.0,100.0,499,922,28823,-0.8568897247314453,4612,461280,0.08323800563812256,5.9303227317286655e-05,0.001,-16.66388783,0.0003444253234192729
0.0,100.0,500,922,28851,-0.8657765984535217,4616,461728,-4.3935441970825195,4.148871812503785e-05,0.001,-16.610344440000002,0.0003405011084396392
0.0,100.0,500,922,28859,-0.9575951099395752,4620,461856,-2.074794292449951,0.00019385192717891186,0.001,-16.65906235,0.000337971025146544
0.0,100.0,500,922,28889,-0.9383445978164673,4624,462336,-1.8222569227218628,4.7618999815313146e-05,0.001,-16.70733938,0.00033188716042786837
0.0,100.0,501,923,28923,-0.9231712818145752,4628,462880,-0.9787964820861816,5.9743542806245387e-05,0.001,-16.83452847,0.0003274229820817709
0.0,100.0,501,923,28951,-0.857035756111145,4632,463328,1.5167230367660522,0.00010475885937921703,0.001,-16.91616969,0.00032411739812232554
0.0,100.0,502,923,28959,-0.8366150856018066,4636,463456,0.35727041959762573,0.008183516561985016,0.001,-16.95495832,0.0003239236248191446
0.0,100.0,502,923,28989,-0.8199952244758606,4640,463936,-1.9511451721191406,0.0003141349880024791,0.001,-16.904080209999996,0.00032600064878351986
0.0,100.0,503,922,29023,-0.8896746039390564,4644,464480,1.1040610074996948,9.842556028161198e-05,0.001,-16.88171979,0.0003237751079723239
0.0,100.0,503,922,29051,-0.9491350650787354,4648,464928,-0.9701171517372131,0.00012556355795823038,0.001,-16.84473748,0.0003240395162720233
0.0,100.0,503,922,29059,-0.8680775165557861,4652,465056,0.3875424861907959,7.697776891291142e-05,0.001,-16.86602628,0.0003239842189941555
0.0,100.0,504,922,29089,-0.9530930519104004,4656,465536,-0.35826385021209717,0.00024738250067457557,0.001,-16.85587764,0.0003267622960265726
0.0,100.0,505,922,29123,-0.846254825592041,4660,466080,-0.4417385458946228,4.938868369208649e-05,0.001,-16.83614427,0.0003209881251677871
0.0,100.0,505,922,29151,-0.9031072854995728,4664,466528,-0.08477243781089783,3.6089259083382785e-05,0.001,-16.85241228,0.00031731624039821327
0.0,100.0,505,922,29159,-0.8237189054489136,4668,466656,1.3759450912475586,6.847367330919951e-05,0.001,-16.83699536,0.0003166907699778676
0.0,100.0,506,922,29189,-0.8343769311904907,4672,467136,0.5317742824554443,3.6854497011518106e-05,0.001,-16.87726213,0.00031612892053090036
0.0,100.0,506,922,29223,-0.741295337677002,4676,467680,1.9425201416015625,0.00015439072740264237,0.001,-16.817553840000002,0.0003124774666503072
0.0,100.0,507,922,29251,-0.8643086552619934,4680,468128,0.0689132809638977,0.00019166077254340053,0.001,-16.83272001,0.0003113628481514752
0.0,100.0,507,922,29259,-0.8166619539260864,4684,468256,0.9118667840957642,0.007709478959441185,0.001,-16.88624737,0.000311356910970062
0.0,100.0,507,922,29289,-0.894607663154602,4688,468736,0.2596453130245209,4.740241274703294e-05,0.001,-16.97678958,0.0003171740681864321
0.0,100.0,508,922,29323,-0.7960996627807617,4692,469280,-1.9792654514312744,5.9655380027834326e-05,0.001,-16.91160354,0.00031388693605549634
0.0,100.0,509,922,29351,-0.8063383102416992,4696,469728,-1.385615587234497,3.1144511012826115e-05,0.001,-16.87696516,0.0003117069136351347
0.0,100.0,509,922,29359,-0.9135280847549438,4700,469856,1.5974587202072144,4.3621759687084705e-05,0.001,-16.83455111,0.00031125478562898934
0.0,100.0,509,922,29389,-0.7959237098693848,4704,470336,-2.6512837409973145,3.7131459976080805e-05,0.001,-16.81324852,0.00030971859814599156
0.0,100.0,510,923,29423,-0.7166292667388916,4708,470880,7.427612781524658,0.00022658186207991093,0.001,-16.753622299999996,0.00030979866278357804
0.0,100.0,510,922,29451,-0.8207747936248779,4712,471328,-1.8917648792266846,5.7262506743427366e-05,0.001,-16.763376759999996,0.000318289443384856
0.0,100.0,510,922,29459,-0.868938684463501,4716,471456,-0.060378074645996094,5.191185846342705e-05,0.001,-16.839703209999996,0.000317673257086426
0.0,100.0,511,922,29489,-0.8129690289497375,4720,471936,-3.1983819007873535,0.0001766132772900164,0.001,-16.668624140000002,0.00031555601162835956
0.0,100.0,511,923,29523,-0.7996339797973633,4724,472480,-0.8136674761772156,0.00011241749598411843,0.001,-16.6826298,0.0003105535579379648
0.0,100.0,512,922,29551,-0.7338676452636719,4728,472928,5.7628583908081055,8.587113552493975e-05,0.001,-16.659299569999998,0.00030981580493971705
0.0,100.0,512,922,29559,-0.8528068661689758,4732,473056,-2.335594415664673,0.0001197751407744363,0.001,-16.56370797,0.00031062436755746603
0.0,100.0,513,922,29589,-0.777878999710083,4736,473536,2.9059131145477295,0.00020895896886941046,0.001,-16.566515430000003,0.0003118659951724112
0.0,100.0,513,922,29623,-0.7118380069732666,4740,474080,3.3842520713806152,6.054279219824821e-05,0.001,-16.50339344,0.0003163071523886174
0.0,100.0,514,922,29651,-0.7884008288383484,4744,474528,0.4507328271865845,2.8764903618139215e-05,0.001,-16.54362475,0.0003180509665980935
0.0,100.0,514,922,29659,-0.716139554977417,4748,474656,-0.16011089086532593,0.00013087918341625482,0.001,-16.56401027,0.00031822329037822783
0.0,100.0,514,922,29689,-0.7482640743255615,4752,475136,1.7486015558242798,8.257206354755908e-05,0.001,-16.55385202,0.0003225435793865472
0.0,100.0,515,922,29723,-0.6470671892166138,4756,475680,1.3191226720809937,8.53008241392672e-05,0.001,-16.4528854,0.00033159294980578125
0.0,100.0,515,922,29751,-0.8275811672210693,4760,476128,-3.334536075592041,9.160775516647846e-05,0.001,-16.45495441,0.0003317045920994133
0.0,100.0,516,922,29759,-0.7684263586997986,4764,476256,-2.3780746459960938,6.774161010980606e-05,0.001,-16.457934609999995,0.0003295906353741884
0.0,100.0,516,922,29789,-0.775282621383667,4768,476736,-1.7234675884246826,3.9429163734894246e-05,0.001,-16.512263709999996,0.00032760322210378945
0.0,100.0,517,922,29823,-0.8749383687973022,4772,477280,-4.272104740142822,2.7445425075711682e-05,0.001,-16.5485426,0.0003238881181459874
0.0,100.0,517,922,29851,-0.8247810006141663,4776,477728,4.821948051452637,3.943200863432139e-05,0.001,-16.5306286,0.00032353095593862236
0.0,100.0,517,922,29859,-0.8696783781051636,4780,477856,-0.16681340336799622,4.9908438086276874e-05,0.001,-16.42888752,0.0003263303660787642
0.0,100.0,518,922,29889,-0.7721930742263794,4784,478336,-4.159207344055176,6.464072066592053e-05,0.001,-16.38251409,0.0003301194519735873
0.0,100.0,519,922,29923,-0.6666429042816162,4788,478880,0.5179265737533569,6.294406921369955e-05,0.001,-16.320404110000002,0.0003210762806702405
0.0,100.0,519,922,29951,-0.78902268409729,4792,479328,-0.28262555599212646,4.3658212234731764e-05,0.001,-16.300301019999996,0.00031944471993483603
0.0,100.0,519,922,29959,-0.6988556385040283,4796,479456,3.7131686210632324,4.42061573266983e-05,0.001,-16.32428911,0.0003199447237420827
0.0,100.0,520,922,29989,-0.7406610250473022,4800,479936,-0.5722745060920715,2.5679699319880456e-05,0.001,-16.36018497,0.00032290429226122797
0.0,100.0,520,922,30023,-0.7189277410507202,4804,480480,6.097540378570557,8.560654532629997e-05,0.001,-16.41232514,0.00032470616861246526
0.0,100.0,521,922,30051,-0.7422841191291809,4808,480928,-1.207176685333252,0.0001708307390799746,0.001,-16.49676127,0.00033512304071336985
0.0,100.0,521,922,30059,-0.7576389312744141,4812,481056,-4.068542003631592,9.15878772502765e-05,0.001,-16.546621899999998,0.00033545494079589844
0.0,100.0,521,922,30089,-0.7472079992294312,4816,481536,-0.3683593273162842,3.677983477246016e-05,0.001,-16.55066369,0.00032908623688854277
0.0,100.0,522,922,30123,-0.6736583709716797,4820,482080,3.735746383666992,3.7404268368845806e-05,0.001,-16.70860762,0.00032678412389941514
0.0,100.0,522,922,30151,-0.6773821711540222,4824,482528,-1.4283004999160767,0.00010694206866901368,0.001,-16.74719279,0.00032842467771843076
0.0,100.0,522,922,30159,-0.7657858729362488,4828,482656,0.2719203233718872,5.121151480125263e-05,0.001,-16.727856870000004,0.0003286809951532632
0.0,100.0,523,922,30189,-0.6680358052253723,4832,483136,-0.8604315519332886,6.574469443876296e-05,0.001,-16.65792916,0.0003268579894211143
0.0,100.0,524,922,30223,-0.7481727600097656,4836,483680,4.7514801025390625,0.00014116633974481374,0.001,-16.620622259999994,0.0003269371809437871
0.0,100.0,524,922,30251,-0.6415554285049438,4840,484128,1.8504886627197266,6.74532784614712e-05,0.001,-16.63318627,0.00033615852589719
0.0,100.0,524,922,30259,-0.7955460548400879,4844,484256,-2.7524805068969727,3.6182464100420475e-05,0.001,-16.702388440000004,0.0003372565843164921
0.0,100.0,525,922,30289,-0.7145563364028931,4848,484736,-2.498211622238159,6.780499825254083e-05,0.001,-16.601701040000002,0.0003320169635117054
0.0,100.0,525,922,30323,-0.6727460622787476,4852,485280,1.5034314393997192,5.621134187094867e-05,0.001,-16.63699731,0.0003277679206803441
0.0,100.0,526,922,30351,-0.5917332172393799,4856,485728,5.626721382141113,0.0002049416652880609,0.001,-16.62365341,0.0003245569532737136
0.0,100.0,526,922,30359,-0.7324762940406799,4860,485856,8.521978378295898,0.00022065246594138443,0.001,-16.626417149999998,0.00032651747460477054
0.0,100.0,527,922,30389,-0.584092378616333,4864,486336,7.471199989318848,0.00016726931789889932,0.001,-16.619590020000004,0.0003422263835091144
0.0,100.0,527,922,30423,-0.648891806602478,4868,486880,-1.5863256454467773,5.597564086201601e-05,0.001,-16.53415169,0.00034390739165246487
0.0,100.0,528,922,30451,-0.6819108128547668,4872,487328,0.7543382048606873,0.00021495975670404732,0.001,-16.47492335,0.0003358321846462786
0.0,100.0,528,922,30459,-0.6928861141204834,4876,487456,0.6186603307723999,0.00018758309306576848,0.001,-16.53503882,0.0003354456857778132
0.01,99.89,528,922,30480,-0.6828188896179199,4880,487792,1.349424123764038,8.476276707369834e-05,0.001,-16.63343347,0.0003360997070558369
0.02,99.88,529,923,30523,-0.6656474471092224,4884,488480,-3.3844797611236572,4.7496399929514155e-05,0.001,-16.7590699,0.00032520233071409166
0.02,99.88,529,923,30551,-0.5687658786773682,4888,488928,0.04876294732093811,3.6476238165050745e-05,0.001,-16.713428060000002,0.0003141624329145998
0.02,99.88,529,923,30559,-0.6721368432044983,4892,489056,-4.249542236328125,3.719420783454552e-05,0.001,-16.79819999,0.0003127064264845103
0.02,99.88,530,923,30580,-0.6507099866867065,4896,489392,-2.5331859588623047,3.456347621977329e-05,0.001,-16.762977330000002,0.0003074775158893317
0.02,99.88,530,923,30623,-0.6456389427185059,4900,490080,-1.7865856885910034,3.435036342125386e-05,0.001,-16.73849391,0.00029908743454143405
0.02,99.88,531,923,30651,-0.6785373091697693,4904,490528,-0.38072311878204346,0.00010050291894003749,0.001,-16.66942831,0.00029586718301288784
0.02,99.88,531,923,30659,-0.5419865250587463,4908,490656,-0.10019248723983765,6.776013469789177e-05,0.001,-16.6212449,0.00029497971991077065
0.02,99.88,531,923,30680,-0.6231944561004639,4912,490992,2.8791069984436035,6.050434603821486e-05,0.001,-16.570436170000004,0.0002975792158395052
0.03,99.74,532,923,30722,-0.6424036026000977,4916,491664,0.31573110818862915,5.673059786204249e-05,0.001,-16.59004588,0.00030643653008155525
0.06,99.31,532,923,30743,-0.5525423288345337,4920,492000,5.22147274017334,0.00012744090054184198,0.001,-16.53796273,0.0003097951412200928
0.06,99.31,533,923,30758,-0.7123087644577026,4924,492240,-4.685785293579102,0.0002952328941319138,0.001,-16.488044850000005,0.0003138564061373472
0.06,99.31,533,923,30780,-0.6123143434524536,4928,492592,-0.8052660822868347,0.00018228948465548456,0.001,-16.42346458,0.0003125636139884591
0.06,99.31,534,923,30822,-0.5834300518035889,4932,493264,0.6418392658233643,8.809956489130855e-05,0.001,-16.45005879,0.00031501357443630695
0.06,99.31,534,923,30843,-0.7121588587760925,4936,493600,-0.9884965419769287,4.950210131937638e-05,0.001,-16.40680382,0.000314971839543432
0.06,99.31,534,923,30858,-0.6272113919258118,4940,493840,-0.8292678594589233,5.441831672214903e-05,0.001,-16.36305459,0.00031404770561493933
0.06,99.31,535,923,30880,-0.6340901851654053,4944,494192,-3.2809882164001465,4.475157766137272e-05,0.001,-16.206901030000004,0.00030996298301033676
0.06,99.31,535,923,30922,-0.5879510641098022,4948,494864,1.117377519607544,0.0001293953973799944,0.001,-16.29441839,0.00030340789817273617
0.06,99.31,536,923,30943,-0.5783151984214783,4952,495200,-0.31612488627433777,7.752944657113403e-05,0.001,-16.26873062,0.0003016963310074061
0.06,99.31,536,923,30958,-0.6014053821563721,4956,495440,1.3213438987731934,5.5876247643027455e-05,0.001,-16.3137078,0.0002998190466314554
0.06,99.31,536,923,30980,-0.5887770056724548,4960,495792,1.896854043006897,3.5532735637389123e-05,0.001,-16.34087942,0.00030295629403553903
0.06,99.31,537,923,31022,-0.5877820253372192,4964,496464,-1.0162080526351929,2.8002734325127676e-05,0.001,-16.414711190000002,0.0003039413713850081
0.06,99.31,537,923,31043,-0.5923960208892822,4968,496800,0.7082440257072449,5.5304473789874464e-05,0.001,-16.500631799999997,0.00030295024043880403
0.06,99.31,538,923,31058,-0.5555972456932068,4972,497040,0.8451831340789795,3.7593315937556326e-05,0.001,-16.428547199999997,0.0003039057191926986
0.06,99.31,538,923,31080,-0.6086372137069702,4976,497392,-2.5694921016693115,3.940612805308774e-05,0.001,-16.486196040000003,0.0003081650356762111
0.05,99.42,538,924,31122,-0.5192837715148926,4980,498064,0.6193498373031616,5.667242294293828e-05,0.001,-16.50123864,0.00030299415811896324
0.04,99.43,539,924,31143,-0.6538950204849243,4984,498400,-2.401592493057251,4.861403431277722e-05,0.001,-16.38259202,0.0002995721297338605
0.04,99.43,539,924,31158,-0.5958313941955566,4988,498640,3.338761806488037,5.718238389817998e-05,0.001,-16.396681069999996,0.0002991248038597405
0.04,99.43,539,924,31180,-0.5418000817298889,4992,498992,-1.5372943878173828,9.624140511732548e-05,0.001,-16.35452419,0.0003015174297615886
0.04,99.43,540,924,31222,-0.5728633403778076,4996,499664,-0.9467458724975586,5.087546378490515e-05,0.001,-16.40212957,0.000307408015942201
0.04,99.43,541,924,31243,-0.5546051263809204,5000,500000,-2.1165239810943604,3.3758318750187755e-05,0.001,-16.51738659,0.00030749422148801386
0.04,99.43,541,924,31258,-0.5679316520690918,5004,500240,-3.1504712104797363,3.782230487558991e-05,0.001,-16.560840910000003,0.00030606036307290196
0.04,99.43,541,924,31280,-0.5986067652702332,5008,500592,-4.7005815505981445,3.39491234626621e-05,0.001,-16.53132016,0.0003025116748176515
0.04,99.43,542,924,31322,-0.5872493386268616,5012,501264,2.6173386573791504,6.947116344235837e-05,0.001,-16.52189126,0.00029978217207826674
0.03,99.57,542,924,31343,-0.7105847597122192,5016,501600,-0.8360271453857422,0.00010833466512849554,0.001,-16.484565460000002,0.0003049090155400336
0.0,100.0,543,924,31358,-0.5755311250686646,5020,501840,-2.0306496620178223,0.00010467709216754884,0.001,-16.46590844,0.0003057840804103762
0.0,100.0,543,924,31380,-0.5698227286338806,5024,502192,-0.16412821412086487,4.555858322419226e-05,0.001,-16.488492539999996,0.0003053320979233831
0.0,100.0,543,924,31422,-0.5205785036087036,5028,502864,0.6549038290977478,5.685304131475277e-05,0.001,-16.51853093,0.0002999406133312732
0.0,100.0,544,924,31443,-0.5030925273895264,5032,503200,0.044190406799316406,4.82893010484986e-05,0.001,-16.588289590000002,0.00029944872949272394
0.0,100.0,544,924,31458,-0.46406763792037964,5036,503440,0.45290160179138184,6.673039024462923e-05,0.001,-16.557253080000002,0.00029977274243719876
0.0,100.0,544,924,31480,-0.5675225257873535,5040,503792,-1.232702612876892,5.7740664487937465e-05,0.001,-16.6292717,0.000299627281492576
0.0,100.0,545,924,31522,-0.5553602576255798,5044,504464,-0.8143210411071777,3.8345322536770254e-05,0.001,-16.6968342,0.0002980859426315874
0.0,100.0,545,924,31543,-0.5111743211746216,5048,504800,-1.8953932523727417,3.043860851903446e-05,0.001,-16.72156264,0.0002977620461024344
0.0,100.0,546,924,31558,-0.48680710792541504,5052,505040,0.6728337407112122,2.918077188951429e-05,0.001,-16.6861366,0.0002972997899632901
0.0,100.0,546,924,31580,-0.519031286239624,5056,505392,-0.8718400597572327,3.5814249713439494e-05,0.001,-16.669001270000003,0.00029736701981164515
0.0,100.0,547,924,31622,-0.48336103558540344,5060,506064,0.4753250777721405,4.8527217586524785e-05,0.001,-16.61753608,0.0002959843259304762
0.0,100.0,547,924,31643,-0.4966367483139038,5064,506400,0.3976304531097412,4.795956192538142e-05,0.001,-16.494739539999998,0.00029685074696317315
0.0,100.0,547,924,31658,-0.49641454219818115,5068,506640,1.731540560722351,3.717556319315918e-05,0.001,-16.42275161,0.00029892800375819206
0.0,100.0,548,924,31680,-0.475195974111557,5072,506992,-0.37514325976371765,3.419647691771388e-05,0.001,-16.435399789999998,0.0003019185387529433
0.0,100.0,548,925,31722,-0.4953855276107788,5076,507664,-3.3409719467163086,3.2352516427636147e-05,0.001,-16.338782450000004,0.0003041219897568226
0.01,99.95,549,925,31743,-0.5011608600616455,5080,508000,1.7732573747634888,3.3641357731539756e-05,0.001,-16.251333289999998,0.00030263487133197486
0.01,99.95,549,925,31758,-0.647132933139801,5084,508240,0.11727380752563477,2.8186794224893674e-05,0.001,-16.26241091,0.0003015585243701935
0.01,99.95,549,925,31780,-0.47417163848876953,5088,508592,-0.7615609765052795,0.00011089024337707087,0.001,-16.34752425,0.0003015401307493448
0.01,99.95,550,925,31822,-0.4234752953052521,5092,509264,0.7460861802101135,4.314478428568691e-05,0.001,-16.3475886,0.0002995015529450029
0.02,99.76,550,925,31838,-0.5575358271598816,5096,509520,-1.619608759880066,0.0003895603585988283,0.001,-16.362400190000002,0.0002972765651065856
0.02,99.76,550,925,31858,-0.4596737325191498,5100,509840,1.5033527612686157,0.00017523612768854946,0.001,-16.2669205,0.0003029337676707655
0.02,99.76,550,926,31880,-0.554633617401123,5104,510192,0.814313530921936,0.0001773674739524722,0.001,-16.27261382,0.00031481595942750573
0.02,99.76,551,926,31922,-0.631582498550415,5108,510864,-5.205231666564941,0.00011261181498412043,0.001,-16.276056060000002,0.00031014246633276343
0.02,99.76,551,926,31938,-0.5935714244842529,5112,511120,-4.838836669921875,0.00018618411559145898,0.001,-16.251638840000002,0.00030670056003145874
0.02,99.76,552,926,31958,-0.415274977684021,5116,511440,-0.7970070838928223,5.861283352714963e-05,0.001,-16.2022059,0.0002991427609231323
0.02,99.76,552,926,31980,-0.4693472385406494,5120,511792,-2.793032646179199,0.00023758289171382785,0.001,-16.250647769999997,0.0002933512150775641
0.02,99.76,553,926,32022,-0.3790596127510071,5124,512464,1.4275908470153809,3.6801422538701445e-05,0.001,-16.194809690000003,0.00028806080808863044
0.02,99.76,553,926,32038,-0.4824821949005127,5128,512720,1.1082251071929932,3.10413415718358e-05,0.001,-16.1908876,0.0002891843905672431
0.02,99.76,553,926,32058,-0.6088694334030151,5132,513040,-5.844906330108643,5.652912659570575e-05,0.001,-16.12983194,0.000292956450721249
0.02,99.76,554,926,32080,-0.3236962556838989,5136,513392,1.500239372253418,0.00014497755910269916,0.001,-16.21965199,0.00029292545514181256
0.02,99.76,555,926,32122,-0.5138188600540161,5140,514064,0.5991417169570923,5.150280776433647e-05,0.001,-16.23045641,0.0002885312424041331
0.02,99.76,555,926,32138,-0.43702423572540283,5144,514320,2.913947582244873,7.224541332107037e-05,0.001,-16.21414871,0.00029091653414070606
0.02,99.76,555,926,32158,-0.4549936354160309,5148,514640,3.5768966674804688,4.8475823859917e-05,0.001,-16.25753262,0.000297831604257226
0.02,99.76,555,926,32180,-0.37486374378204346,5152,514992,-0.49353528022766113,0.0001403289643349126,0.001,-16.22138101,0.00030289418646134436
0.02,99.76,556,926,32222,-0.5382492542266846,5156,515664,-1.0108333826065063,3.785750232054852e-05,0.001,-16.239978300000004,0.0003070499806199223
0.02,99.76,556,926,32238,-0.40371376276016235,5160,515920,-0.768864095211029,2.7425383450463414e-05,0.001,-16.31272801,0.0003067812940571457
0.03,99.74,557,926,32258,-0.3884846568107605,5164,516240,-2.0617446899414062,2.252323793072719e-05,0.001,-16.406420420000003,0.0003063439216930419
0.04,99.64,557,926,32280,-0.4334055781364441,5168,516592,-1.389064908027649,2.3154860173235647e-05,0.001,-16.40557592,0.000305418623611331
0.05,99.44,558,926,32322,-0.57039475440979,5172,517264,4.3268961906433105,0.00024314166512340307,0.001,-16.38846405,0.00030433875508606434
0.05,99.44,558,926,32338,-0.32938477396965027,5176,517520,3.9220142364501953,9.265968401450664e-05,0.001,-16.375090379999996,0.0003085926582571119
0.04,99.49,559,926,32358,-0.43245598673820496,5180,517840,0.3936147689819336,7.876526797190309e-05,0.001,-16.4053347,0.00031686265720054507
0.04,99.49,559,926,32380,-0.43546319007873535,5184,518192,-0.5082409381866455,7.447480311384425e-05,0.001,-16.36639725,0.00031972237047739327
0.04,99.49,560,926,32422,-0.5082179307937622,5188,518864,0.6497271060943604,3.819195262622088e-05,0.001,-16.36536011,0.00030782079556956887
0.04,99.49,560,926,32438,-0.4276965856552124,5192,519120,1.4157558679580688,3.2471714803250507e-05,0.001,-16.35767177,0.0003064952907152474
0.03,99.68,560,926,32458,-0.4953959286212921,5196,519440,-2.0395238399505615,6.363208376569673e-05,0.001,-16.36520203,0.00030513564706780016
0.03,99.68,561,926,32480,-0.4626300632953644,5200,519792,-4.654497146606445,8.929541218094528e-05,0.001,-16.45532284,0.0003014449612237513
0.03,99.68,561,926,32522,-0.4188964366912842,5204,520464,0.18916594982147217,4.0506765799364075e-05,0.001,-16.33136624,0.0003050820960197598
0.03,99.68,562,926,32538,-0.43574050068855286,5208,520720,-0.024806499481201172,2.7983322070213035e-05,0.001,-16.368753150000003,0.00030573189724236727
0.03,99.68,562,926,32558,-0.39693284034729004,5212,521040,0.8688192963600159,2.5849394660326652e-05,0.001,-16.426824569999997,0.0003061715979129076
0.03,99.68,562,926,32580,-0.3656933903694153,5216,521392,-1.7906540632247925,6.910406955284998e-05,0.001,-16.45918042,0.00030850671464577317
0.03,99.68,563,926,32622,-0.4170790910720825,5220,522064,-2.1009817123413086,2.7451165806269273e-05,0.001,-16.45682702,0.0003011337830685079
0.03,99.68,563,926,32638,-0.3431302011013031,5224,522320,-2.0604918003082275,6.665106047876179e-05,0.001,-16.42781676,0.00029699064907617867
0.03,99.68,564,926,32658,-0.42661070823669434,5228,522640,-2.732776641845703,3.772781929001212e-05,0.001,-16.386965520000004,0.0002963885199278593
0.03,99.68,564,926,32680,-0.4024296998977661,5232,522992,-2.077615976333618,7.80284171923995e-05,0.001,-16.48693109,0.0002961802820209414
0.03,99.68,565,926,32722,-0.3730964660644531,5236,523664,0.9296233057975769,5.210377639741637e-05,0.001,-16.44022901,0.0002912285563070327
0.03,99.68,565,926,32738,-0.3563571572303772,5240,523920,0.7839636206626892,3.35590448230505e-05,0.001,-16.3892073,0.00029010974685661495
0.03,99.68,565,926,32758,-0.35264551639556885,5244,524240,-0.6947475671768188,3.091059988946654e-05,0.001,-16.383669719999997,0.0002886966394726187
0.03,99.68,566,926,32780,-0.3501037359237671,5248,524592,-1.8851083517074585,8.75327386893332e-05,0.001,-16.340069670000002,0.0002881231775972992
0.03,99.68,566,926,32822,-0.39824509620666504,5252,525264,-2.4021410942077637,3.359661059221253e-05,0.001,-16.34126251,0.0002850628807209432
0.04,99.67,566,926,32838,-0.5220279097557068,5256,525520,-0.9983623027801514,5.3257925173966214e-05,0.001,-16.35612669,0.0002849498123396188
0.06,99.56,567,927,32858,-0.45843297243118286,5260,525840,0.5315048694610596,3.903043034370057e-05,0.001,-16.36285826,0.00028760512941516936
0.05,99.58,567,927,32880,-0.39395761489868164,5264,526192,2.2850310802459717,3.578521136660129e-05,0.001,-16.26246031,0.000288759998511523
0.05,99.64,568,927,32920,-0.3465437889099121,5268,526832,-0.4674804210662842,4.207275196677074e-05,0.001,-16.29043506,0.000286009133560583
0.06,99.63,568,927,32927,-0.36255866289138794,5272,526944,-1.383349895477295,2.5491164706181735e-05,0.001,-16.3196461,0.0002859594824258238
0.06,99.63,568,927,32958,-0.3290087580680847,5276,527440,-0.25170400738716125,3.631348954513669e-05,0.001,-16.29757365,0.00028359322459436953
0.06,99.63,569,927,32980,-0.33621710538864136,5280,527792,-3.4013586044311523,5.648544174619019e-05,0.001,-16.349880669999997,0.0002808152639772743
0.06,99.63,569,927,33020,-0.39373284578323364,5284,528432,-3.3606433868408203,0.00015458505367860198,0.001,-16.292191300000002,0.00028539253980852664
0.06,99.63,569,927,33027,-0.38358280062675476,5288,528544,-1.6596521139144897,0.00015385361621156335,0.001,-16.251226840000005,0.00028546524117700756
0.06,99.63,570,927,33058,-0.2660689949989319,5292,529040,3.6918675899505615,3.776150697376579e-05,0.001,-16.264502150000002,0.000285820453427732
0.06,99.63,570,927,33080,-0.3580271899700165,5296,529392,-0.39853009581565857,2.624527769512497e-05,0.001,-16.30714396,0.0002869692107196897
0.06,99.63,571,927,33120,-0.3127017021179199,5300,530032,3.6746504306793213,8.344971138285473e-05,0.001,-16.20301837,0.00028904652572236955
0.06,99.63,571,927,33127,-0.3592129349708557,5304,530144,4.022371292114258,5.8849102060776204e-05,0.001,-16.23828963,0.0002901299449149519
0.07,99.42,572,927,33158,-0.38602858781814575,5308,530640,0.3704836368560791,3.850916255032644e-05,0.001,-16.218568579999996,0.0002908502356149256
0.07,99.42,572,927,33180,-0.32757964730262756,5312,530992,0.0679527223110199,4.0804228774504736e-05,0.001,-16.109551179999997,0.0002879770181607455
0.07,99.42,573,927,33220,-0.2219923436641693,5316,531632,3.1582961082458496,3.4546133974799886e-05,0.001,-16.09069177,0.00028683349955827
0.07,99.42,573,927,33227,-0.30992913246154785,5320,531744,0.7382112741470337,4.8290647100657225e-05,0.001,-16.10305036,0.0002883780107367784
0.07,99.42,573,927,33258,-0.3051287531852722,5324,532240,2.5680348873138428,3.889350045938045e-05,0.001,-16.119048969999998,0.0002892425691243261
0.07,99.42,574,927,33280,-0.3378864824771881,5328,532592,0.5115264058113098,3.7213758332654834e-05,0.001,-16.145870570000003,0.0002894663775805384
0.07,99.42,575,927,33320,-0.36511123180389404,5332,533232,2.5757768154144287,5.692416016245261e-05,0.001,-16.10314941,0.0002839620865415782
0.07,99.42,575,927,33327,-0.23338797688484192,5336,533344,0.12320655584335327,7.400613685604185e-05,0.001,-16.05184376,0.0002844499540515244
0.07,99.42,575,927,33358,-0.28624075651168823,5340,533840,-0.5046054124832153,5.454179336084053e-05,0.001,-16.04529108,0.0002845725975930691
0.07,99.42,576,927,33380,-0.3095248341560364,5344,534192,0.48381420969963074,3.9613558328710496e-05,0.001,-16.00492853,0.0002829923469107598
0.07,99.42,576,927,33420,-0.2729374170303345,5348,534832,2.0867114067077637,9.666517871664837e-05,0.001,-15.97133587,0.0002826549462042749
0.07,99.42,576,927,33427,-0.3504149317741394,5352,534944,-1.2158399820327759,7.472719880752265e-05,0.001,-16.011286809999998,0.00028380047297105193
0.06,99.43,577,927,33458,-0.2607790231704712,5356,535440,-1.3321685791015625,0.00017726460646372288,0.001,-16.00513056,0.0002931655035354197
0.04,99.54,577,927,33480,-0.2984026372432709,5360,535792,-3.1580617427825928,9.85928054433316e-05,0.001,-15.982157289999998,0.0002945394953712821
0.04,99.54,578,927,33520,-0.33273839950561523,5364,536432,0.646185040473938,4.173608249402605e-05,0.001,-16.025264909999997,0.0002893736236728728
0.03,99.58,578,927,33527,-0.313720166683197,5368,536544,-1.4054837226867676,3.290930908406153e-05,0.001,-15.99381061,0.0002888684975914657
0.01,99.79,579,927,33558,-0.30054694414138794,5372,537040,1.0829846858978271,3.7648693250957876e-05,0.001,-16.053879730000002,0.00029088740120641887
0.01,99.79,579,927,33580,-0.22405263781547546,5376,537392,0.3647110164165497,0.00013955826580058783,0.001,-16.07575291,0.0002902810520026833
0.01,99.79,580,927,33620,-0.23422569036483765,5380,538032,-1.2970038652420044,8.468740998068824e-05,0.001,-16.04192819,0.0002914005017373711
0.01,99.79,580,927,33627,-0.37352192401885986,5384,538144,-2.118062973022461,3.8559399399673566e-05,0.001,-16.16007417,0.00029238706338219345
0.01,99.79,581,927,33658,-0.2832257151603699,5388,538640,-3.207237958908081,2.94442488666391e-05,0.001,-16.097339050000002,0.0002985926403198391
0.01,99.79,581,927,33680,-0.2624589204788208,5392,538992,1.3256474733352661,0.00016283843433484435,0.001,-16.114517949999996,0.0003012759843841195
0.01,99.79,581,927,33720,-0.23268814384937286,5396,539632,0.5584474802017212,5.937822425039485e-05,0.001,-16.02047013,0.0003130277618765831
0.01,99.79,581,927,33727,-0.24298512935638428,5400,539744,-1.1826833486557007,9.67919040704146e-05,0.001,-16.13074442,0.00031353687518276274
0.01,99.79,582,927,33758,-0.20285287499427795,5404,540240,4.468324661254883,8.145542960846797e-05,0.001,-16.27295673,0.00030595241696573794
0.0,100.0,582,928,33780,-0.28636807203292847,5408,540592,-2.92179799079895,2.9988637834321707e-05,0.001,-16.25094822,0.0003071448882110417
0.0,100.0,582,928,33820,-0.24314561486244202,5412,541232,-1.549300193786621,3.200536593794823e-05,0.001,-16.33699843,0.0002970897767227143
0.0,100.0,582,928,33827,-0.24492745101451874,5416,541344,-0.8869144320487976,4.75291017210111e-05,0.001,-16.456145839999998,0.0002957481483463198
0.0,100.0,583,928,33858,-0.3644002676010132,5420,541840,-0.9001057744026184,4.5914559450466186e-05,0.001,-16.41597049,0.00029400771018117666
0.0,100.0,583,928,33880,-0.36909592151641846,5424,542192,-5.064981460571289,5.21251859026961e-05,0.001,-16.418329590000003,0.0002964484738186002
0.0,100.0,584,928,33920,-0.20457381010055542,5428,542832,-0.33187878131866455,3.417955304030329e-05,0.001,-16.395520339999997,0.0002889781608246267
0.0,100.0,584,928,33927,-0.27689266204833984,5432,542944,0.2759252190589905,3.536694202921353e-05,0.001,-16.35505617,0.00028938494506292045
0.01,99.74,585,928,33954,-0.2232872098684311,5436,543376,-0.4239412546157837,3.374234074726701e-05,0.001,-16.33569196,0.0002894244098570198
0.01,99.74,585,928,33978,-0.2564619481563568,5440,543760,-0.10894525051116943,3.1864365155342966e-05,0.001,-16.35809826,0.0002900914987549186
0.01,99.74,586,928,34020,-0.20186761021614075,5444,544432,-1.5062569379806519,3.9509810449089855e-05,0.001,-16.32070172,0.0002880327810999006
0.01,99.74,586,928,34027,-0.23231728374958038,5448,544544,1.3550776243209839,3.907275095116347e-05,0.001,-16.35656466,0.00028752422076649964
0.01,99.74,586,928,34054,-0.18513531982898712,5452,544976,2.040339946746826,4.1521983803249896e-05,0.001,-16.26831768,0.0002859024971257895
0.01,99.74,587,928,34078,-0.1521160900592804,5456,545360,2.2728328704833984,5.247951776254922e-05,0.001,-16.31945892,0.0002860784297809005
0.01,99.74,588,928,34120,-0.1453191339969635,5460,546032,0.2734006643295288,5.914875873713754e-05,0.001,-16.28592141,0.0002829310833476484
0.01,99.74,588,928,34127,-0.21474343538284302,5464,546144,3.7318859100341797,7.952873420435935e-05,0.001,-16.32919818,0.00028239519451744854
0.01,99.74,588,928,34154,-0.2407396137714386,5468,546576,-2.9514331817626953,0.00014379224739968777,0.001,-16.40449505,0.0002846170973498374
0.01,99.74,589,928,34178,-0.21245655417442322,5472,546960,1.2847909927368164,5.5828662880230695e-05,0.001,-16.33680632,0.00028025798383168876
0.02,99.64,589,928,34210,-0.2074822634458542,5476,547472,-2.396963119506836,2.9720944439759478e-05,0.001,-16.39692726,0.00028109687264077365
0.06,99.24,589,928,34220,-0.26346611976623535,5480,547632,-0.4895924925804138,2.985312312375754e-05,0.001,-16.40079832,0.00028136480250395834
0.08,98.94,590,928,34252,-0.18262676894664764,5484,548144,-1.2719485759735107,0.005965252406895161,0.001,-16.28108323,0.0002831065212376416
0.08,98.94,590,928,34278,-0.19597876071929932,5488,548560,0.7362558245658875,0.00016022456111386418,0.001,-16.37334942,0.00028019919409416616
0.08,98.94,591,928,34310,-0.1886930763721466,5492,549072,3.0829808712005615,7.081821968313307e-05,0.001,-16.308582150000003,0.00027776529896073043
0.08,98.94,591,928,34320,-0.127622589468956,5496,549232,1.9529142379760742,0.004923033062368631,0.001,-16.33839462,0.00027933286037296057
0.09,98.87,592,928,34347,-0.20977437496185303,5500,549664,4.359532356262207,7.12311448296532e-05,0.001,-16.26793374,0.0002867831790354103
0.11,98.45,592,928,34374,-0.28842252492904663,5504,550096,5.948897361755371,5.53455320186913e-05,0.001,-16.12573144,0.0003016862610820681
0.13,97.89,592,928,34392,-0.2006458044052124,5508,550384,-0.878156840801239,3.729535092134029e-05,0.001,-16.111081809999998,0.000314320350298658
0.13,97.89,593,928,34419,-0.19318217039108276,5512,550816,0.21468034386634827,9.47327571338974e-05,0.001,-16.168257869999998,0.00031501089688390493
0.15,97.7,593,928,34447,-0.103294238448143,5516,551264,-3.0957634449005127,0.00012616819003596902,0.001,-16.067510749999997,0.000309508090140298
0.15,97.7,594,928,34474,-0.1817888766527176,5520,551696,-0.6412357091903687,3.334234861540608e-05,0.001,-16.05495897,0.0003016977570950985
0.16,97.42,594,928,34491,-0.1018446832895279,5524,551968,-1.8802241086959839,2.6471898308955133e-05,0.001,-16.05920537,0.00030067007173784077
0.16,97.42,594,928,34519,-0.20530053973197937,5528,552416,-5.327003479003906,3.546563311829232e-05,0.001,-16.03444334,0.0002995027170982212
0.16,97.42,595,928,34547,-0.21997635066509247,5532,552864,0.5652047395706177,3.9029015169944614e-05,0.001,-15.994302920000003,0.00029320575413294137
0.15,97.68,595,928,34574,-0.23129703104496002,5536,553296,-0.3083515167236328,4.159834861638956e-05,0.001,-16.05643159,0.00029320435714907944
0.17,97.45,596,928,34590,-0.17618924379348755,5540,553552,-1.7774461507797241,3.497157740639523e-05,0.001,-16.03969092,0.0002934152726083994
0.17,97.45,596,928,34619,-0.17449036240577698,5544,554016,-2.777433395385742,2.9682320018764585e-05,0.001,-16.135263060000003,0.00029092124896124005
0.17,97.45,597,928,34647,-0.1897638738155365,5548,554464,1.7577629089355469,7.291734800674021e-05,0.001,-16.05495837,0.0002907786692958325
0.18,97.41,597,928,34670,-0.17953556776046753,5552,554832,0.7988072037696838,3.906963320332579e-05,0.001,-16.051474959999997,0.000291387434117496
0.19,97.3,597,928,34690,-0.10734086483716965,5556,555152,-3.076470375061035,5.196658457862213e-05,0.001,-16.033403329999995,0.00029147666646167636
0.2,97.17,598,928,34707,-0.1597919464111328,5560,555424,2.1743154525756836,3.574862421373837e-05,0.001,-15.985329679999998,0.0002890247560571879
0.2,97.17,598,928,34747,-0.176071435213089,5564,556064,1.0200756788253784,4.865930532105267e-05,0.001,-15.913364989999998,0.00029200807330198586
0.2,97.17,599,928,34770,-0.22633111476898193,5568,556432,-2.6361799240112305,3.2618710974929854e-05,0.001,-15.836232219999998,0.0002958409604616463
0.2,97.17,599,928,34790,-0.1323346197605133,5572,556752,1.51664137840271,5.185224654269405e-05,0.001,-15.848268459999996,0.0002967332839034498
0.19,97.27,599,928,34807,-0.20851972699165344,5576,557024,1.7540260553359985,7.70940532675013e-05,0.001,-15.777574360000001,0.000300622166832909
0.15,97.67,600,928,34847,-0.14279472827911377,5580,557664,-0.5459946393966675,6.9212524977047e-05,0.001,-15.810007629999998,0.00030025228625163436
0.13,97.97,601,928,34870,-0.1114676296710968,5584,558032,1.8483186960220337,7.327091589104384e-05,0.001,-15.84788456,0.0002985658938996494
0.15,97.83,601,928,34885,-0.12439829111099243,5588,558272,0.8949136137962341,5.039440293330699e-05,0.001,-15.806399109999997,0.00029942559194751084
0.16,97.8,601,928,34907,-0.18516412377357483,5592,558624,-2.689034938812256,3.807032771874219e-05,0.001,-15.864478029999997,0.00030004529980942607
0.16,97.8,602,928,34947,-0.14813344180583954,5596,559264,0.07792164385318756,4.156291834078729e-05,0.001,-15.973711540000002,0.0002975871611852199
0.15,97.87,602,928,34970,-0.1240372285246849,5600,559632,-2.329747200012207,9.874483657767996e-05,0.001,-16.01375389,0.0002970991190522909
0.13,98.29,603,928,34985,-0.16271661221981049,5604,559872,2.878265380859375,6.149755790829659e-05,0.001,-16.02187378,0.0002971033682115376
0.11,98.85,603,928,35007,-0.08262185752391815,5608,560224,-2.6411545276641846,4.494772292673588e-05,0.001,-16.08886886,0.0002987382176797837
0.11,98.85,604,928,35047,-0.12020788341760635,5612,560864,-0.9019821882247925,3.4406210033921525e-05,0.001,-15.994731849999999,0.0002908596652559936
0.09,99.04,604,928,35070,-0.1792396903038025,5616,561232,-2.4534289836883545,4.876220191363245e-05,0.001,-15.999686290000001,0.0002895091602113098
0.09,99.04,604,928,35085,-0.10225319117307663,5620,561472,-3.0677170753479004,5.6838340242393315e-05,0.001,-16.063681480000003,0.0002865950809791684
0.08,99.32,605,928,35107,-0.12544657289981842,5624,561824,2.21349835395813,3.322403063066304e-05,0.001,-16.18222529,0.00028344124439172447
0.08,99.32,605,928,35147,-0.22008554637432098,5628,562464,-1.4529063701629639,0.0001340188755420968,0.001,-16.1917965,0.000289037125185132
0.08,99.32,606,928,35170,-0.17579342424869537,5632,562832,-0.541998028755188,4.7548524889862165e-05,0.001,-16.288816120000003,0.00028659423696808517
0.08,99.32,606,928,35185,-0.1559925079345703,5636,563072,-0.974135160446167,3.0156579668982886e-05,0.001,-16.27515504,0.0002858139050658792
0.07,99.35,606,928,35207,-0.09484019875526428,5640,563424,-0.17214465141296387,4.0157050534617156e-05,0.001,-16.23043566,0.00028429972007870674
0.06,99.55,607,928,35247,-0.15482380986213684,5644,564064,1.0131855010986328,3.330117033328861e-05,0.001,-16.268503170000002,0.000282151042483747
0.06,99.55,608,928,35270,-0.11511898040771484,5648,564432,0.692162036895752,3.6749046557815745e-05,0.001,-16.290880279999996,0.0002823426912073046
0.05,99.59,608,928,35285,-0.014608077704906464,5652,564672,0.5961031317710876,4.04536840505898e-05,0.001,-16.40472414,0.000281487446045503
0.04,99.7,608,927,35307,-0.1587482988834381,5656,565024,-0.7395133972167969,3.261728124925867e-05,0.001,-16.448715,0.00027987550129182637
0.03,99.83,609,928,35347,-0.06214509531855583,5660,565664,-2.643899440765381,3.081232716795057e-05,0.001,-16.502602349999997,0.000279717001831159
0.03,99.83,609,928,35370,-0.05936573073267937,5664,566032,0.23699021339416504,4.283094312995672e-05,0.001,-16.539684989999998,0.0002787545963656157
0.04,99.76,610,927,35379,-0.1498614251613617,5668,566176,2.061854362487793,3.426268449402414e-05,0.001,-16.53141402,0.00028004718478769064
0.04,99.76,610,928,35407,-0.10989804565906525,5672,566624,6.880794525146484,6.339212995953858e-05,0.001,-16.60057103,0.000286433583823964
0.04,99.76,611,927,35447,-0.025432007387280464,5676,567264,2.091404914855957,5.8841807913267985e-05,0.001,-16.648800929999997,0.0003041727759409696
0.04,99.76,611,927,35470,-0.046455711126327515,5680,567632,0.715416431427002,4.086252738488838e-05,0.001,-16.71987353,0.0003010120417457074
0.04,99.76,611,927,35479,-0.063056081533432,5684,567776,1.8317060470581055,7.808449299773201e-05,0.001,-16.77097364,0.0002997181436512619
0.02,99.9,612,927,35507,-0.0959208682179451,5688,568224,-0.5270074009895325,8.158307173289359e-05,0.001,-16.83454382,0.0002996195398736745
0.01,99.93,613,927,35547,0.0004287809133529663,5692,568864,2.7409045696258545,0.00011695739522110671,0.001,-16.790653350000003,0.0002976581163238734
0.03,99.87,613,927,35570,-0.046204615384340286,5696,569232,-1.654026985168457,6.709706940455362e-05,0.001,-16.67374649,0.0002975829120259732
0.03,99.87,613,927,35579,-0.10510734468698502,5700,569376,-3.417754650115967,9.998060704674572e-05,0.001,-16.6289156,0.0002964897430501878
0.03,99.87,614,927,35607,-0.12840023636817932,5704,569824,-1.1807821989059448,0.0027915399987250566,0.001,-16.699785660000003,0.00028808056958951056
0.03,99.87,614,927,35647,0.024247871711850166,5708,570464,0.2818506360054016,6.355532968882471e-05,0.001,-16.63689583,0.0002837365900631994
0.03,99.87,615,927,35670,-0.12471510469913483,5712,570832,0.7903764247894287,7.060428470140323e-05,0.001,-16.627127220000002,0.0002860034292098135
0.03,99.87,615,927,35679,-0.04372943937778473,5716,570976,2.5843610763549805,8.629233343526721e-05,0.001,-16.621053500000002,0.0002872038458008319
0.03,99.87,615,927,35707,-0.09720021486282349,5720,571424,-0.14287716150283813,5.682083428837359e-05,0.001,-16.623671660000003,0.00028347072657197714
0.03,99.87,616,927,35747,-0.11139000952243805,5724,572064,-4.331414699554443,4.420874756760895e-05,0.001,-16.568633029999997,0.0002773830492515117
0.03,99.87,616,927,35770,-0.0029592718929052353,5728,572432,1.5378124713897705,3.743252455024049e-05,0.001,-16.54304964,0.0002724170044530183
0.03,99.87,617,927,35779,-0.03547235578298569,5732,572576,2.9262497425079346,0.002278874395415187,0.001,-16.43807142,0.0002725682279560715
0.03,99.87,617,927,35807,-0.06812003254890442,5736,573024,1.8758747577667236,0.00016513746231794357,0.001,-16.4803293,0.00027616569423116744
0.03,99.87,618,928,35847,-0.07776099443435669,5740,573664,0.5493314266204834,0.00011602406448218971,0.001,-16.51183065,0.00027925081667490304
0.03,99.87,618,928,35870,-0.10106175392866135,5744,574032,-3.491629123687744,4.0957478631753474e-05,0.001,-16.479198670000002,0.00028115345048718154
0.03,99.87,618,928,35879,-0.012365143746137619,5748,574176,-1.1992437839508057,5.861226964043453e-05,0.001,-16.54889394,0.0002803317620418966
0.03,99.87,618,928,35907,-0.04352957755327225,5752,574624,-1.4415204524993896,3.2032148737926036e-05,0.001,-16.55399216,0.0002775870671030134
0.03,99.87,619,929,35947,0.005265900865197182,5756,575264,2.39021635055542,5.8990364777855575e-05,0.001,-16.501057089999996,0.0002732261491473764
0.03,99.87,619,929,35970,-0.021000375971198082,5760,575632,0.11979803442955017,4.14276983065065e-05,0.001,-16.509112290000004,0.0002724899968598038
0.03,99.87,619,929,35979,0.0034032240509986877,5764,575776,0.19575107097625732,0.0012897562701255083,0.001,-16.50000355,0.0002724993391893804
0.02,99.94,620,929,36007,-0.04741409048438072,5768,576224,2.1927971839904785,5.818244972033426e-05,0.001,-16.51701096,0.0002682017220649868
0.02,99.94,620,929,36047,0.021305983886122704,5772,576864,-1.0185036659240723,3.4086093364749104e-05,0.001,-16.54269619,0.00027144033811055124
0.02,99.94,620,929,36070,0.024670226499438286,5776,577232,-5.001763343811035,5.0987189752049744e-05,0.001,-16.42225161,0.00026746559888124466
0.02,99.94,621,929,36079,-0.02139219269156456,5780,577376,-1.8451331853866577,3.314951391075738e-05,0.001,-16.32007284,0.0002651592658367008
0.02,99.94,621,929,36107,-0.009800387546420097,5784,577824,-2.7338948249816895,7.236661622300744e-05,0.001,-16.286478300000002,0.00026353122666478157
0.02,99.94,621,930,36147,0.003478720784187317,5788,578464,0.6109618544578552,3.656826447695494e-05,0.001,-16.123877970000002,0.0002601174346636981
0.02,99.94,622,930,36170,0.08324716985225677,5792,578832,-0.5514273047447205,8.887951844371855e-05,0.001,-16.217156170000003,0.0002603976463433355
0.0,100.0,622,930,36179,0.08944711089134216,5796,578976,0.0021479129791259766,6.855064566479996e-05,0.001,-16.29797593,0.00026025614351965487
0.0,100.0,622,930,36207,0.0010310467332601547,5800,579424,-1.1833817958831787,3.644321986939758e-05,0.001,-16.30020194,0.0002605936606414616
0.0,100.0,623,930,36247,-0.10405676066875458,5804,580064,-4.465738773345947,8.272583363577724e-05,0.001,-16.30042746,0.0002619201550260186
0.01,99.91,623,930,36269,0.0693075880408287,5808,580416,0.96675044298172,4.00300050387159e-05,0.001,-16.339372039999997,0.00026008221902884543
0.03,99.75,623,930,36278,-0.022634906694293022,5812,580560,3.1097850799560547,4.425952647579834e-05,0.001,-16.378354359999996,0.0002615360135678202
0.03,99.75,624,930,36307,0.03246258944272995,5816,581024,-2.3557939529418945,4.709092900156975e-05,0.001,-16.393761049999995,0.0002661295293364674
0.03,99.75,625,930,36347,0.009206278249621391,5820,581664,0.9385566711425781,5.35645849595312e-05,0.001,-16.27762002,0.00026224381872452796
0.03,99.75,625,930,36369,0.01085644494742155,5824,582016,0.03863781690597534,7.035840826574713e-05,0.001,-16.241144219999995,0.0002633415278978646
0.03,99.75,625,930,36378,0.004175128415226936,5828,582160,-0.6467931270599365,8.28067131806165e-05,0.001,-16.281603299999993,0.00026375247398391366
0.03,99.75,626,930,36407,0.009222084656357765,5832,582624,0.8972396850585938,3.467398346401751e-05,0.001,-16.2973066,0.0002668528468348086
0.03,99.75,626,930,36447,0.07069645822048187,5836,583264,-1.1996581554412842,3.54295116267167e-05,0.001,-16.33653403,0.00027227518148720264
0.03,99.75,627,930,36469,0.09397944808006287,5840,583616,2.365212917327881,3.859997013933025e-05,0.001,-16.29738984,0.0002711906563490629
0.03,99.75,627,930,36478,-0.022525891661643982,5844,583760,-1.3080580234527588,3.6779692891286686e-05,0.001,-16.32783621,0.00027202654746361077
0.03,99.75,627,930,36507,0.015290132723748684,5848,584224,5.27683687210083,0.002775788540020585,0.001,-16.285001559999998,0.0002751682768575847
0.03,99.75,628,931,36547,0.10875795781612396,5852,584864,4.853442668914795,5.901836993871257e-05,0.001,-16.19652404,0.00028477024170570076
0.04,99.57,628,931,36560,0.018861543387174606,5856,585072,-0.02826482057571411,5.559336568694562e-05,0.001,-16.20718606,0.0002895790385082364
0.05,99.39,628,931,36574,-0.03154519945383072,5860,585296,-1.1185650825500488,3.553126225597225e-05,0.001,-16.265574570000002,0.0002936683304142207
0.05,99.39,628,931,36607,-0.01684790477156639,5864,585824,-2.767824649810791,6.157688039820641e-05,0.001,-16.32966691,0.00028664100682362914
0.05,99.39,629,931,36647,-0.042004551738500595,5868,586464,-0.3562391400337219,3.1138381018536165e-05,0.001,-16.323009589999998,0.0002805871772579849
0.05,99.39,629,931,36660,-0.0340631902217865,5872,586672,-0.9490261077880859,4.555748455459252e-05,0.001,-16.22600924,0.00027954153483733535
0.07,99.13,629,931,36670,-0.007909545674920082,5876,586832,-4.55695104598999,2.573368328739889e-05,0.001,-16.27912852,0.0002788527053780854
0.08,99.0,630,931,36694,0.06460030376911163,5880,587216,0.8451933264732361,3.2969022868201137e-05,0.001,-16.21294256,0.0002754000888671726
0.08,99.0,630,932,36747,0.13359424471855164,5884,588064,-1.3095788955688477,4.2818719521164894e-05,0.001,-16.296642199999997,0.00027130034868605435
0.08,99.0,631,932,36760,0.01681698113679886,5888,588272,-2.6297056674957275,4.232191349728964e-05,0.001,-16.40615354,0.0002698437310755253
0.08,99.0,631,932,36770,0.10778098553419113,5892,588432,2.6581544876098633,4.0632308810018e-05,0.001,-16.36018369,0.00026881220401264727
0.08,99.0,631,932,36794,0.04296894371509552,5896,588816,-0.928341805934906,3.8489575672429055e-05,0.001,-16.26948284,0.00026972100022248924
0.09,98.87,632,932,36845,0.12069780379533768,5900,589632,-0.022837162017822266,3.297267176094465e-05,0.001,-16.327765239999998,0.0002661513863131404
0.09,98.87,632,932,36860,0.02893739566206932,5904,589872,1.5071518421173096,4.314430043450557e-05,0.001,-16.31649004,0.00026832352159544826
0.08,98.96,633,932,36870,-0.0029471032321453094,5908,590032,-1.30234956741333,3.31360351992771e-05,0.001,-16.236004310000002,0.0002697585441637784
0.06,99.12,633,932,36894,-0.009100446477532387,5912,590416,-1.2564436197280884,2.685429535631556e-05,0.001,-16.162207860000002,0.0002685185754671693
0.06,99.12,634,931,36945,0.031139448285102844,5916,591232,-3.3111133575439453,8.424675615970045e-05,0.001,-16.17251479,0.00026833656011149287
0.06,99.12,634,931,36960,0.08261273801326752,5920,591472,2.691901206970215,5.2520194003591314e-05,0.001,-16.16671062,0.00026725573115982115
0.06,99.12,634,931,36970,0.07427028566598892,5924,591632,1.5986820459365845,0.00010908584226854146,0.001,-16.150043340000003,0.0002675883297342807
0.06,99.12,635,931,36994,0.20358657836914062,5928,592016,1.87716543674469,6.191215652506799e-05,0.001,-16.167805089999998,0.00026946235448122025
0.06,99.12,636,932,37045,0.10289792716503143,5932,592832,0.2450796365737915,0.0026670549996197224,0.001,-16.195177049999998,0.0002703209756873548
0.06,99.12,636,932,37060,0.1582270711660385,5936,593072,1.8665165901184082,7.616190850967541e-05,0.001,-16.19354704,0.0002714488946367055
0.06,99.12,636,932,37070,0.1457112729549408,5940,593232,0.42716169357299805,5.5973592679947615e-05,0.001,-16.309347090000003,0.0002719619369599968
0.06,99.12,636,932,37094,0.11834480613470078,5944,593616,1.1819839477539062,3.9275881135836244e-05,0.001,-16.28491177,0.00026861566584557295
0.06,99.12,637,932,37145,0.11945852637290955,5948,594432,-0.19848352670669556,4.9493537517264485e-05,0.001,-16.36598432,0.0002703274367377162
0.06,99.12,637,932,37160,-0.05758115276694298,5952,594672,-2.6813840866088867,0.00011024568811990321,0.001,-16.41320111,0.00026782421628013253
0.05,99.3,637,932,37170,0.1329788863658905,5956,594832,0.9565057158470154,7.976616325322539e-05,0.001,-16.434262259999997,0.000266014103544876
0.04,99.48,638,932,37194,0.06180895119905472,5960,595216,-1.8146741390228271,5.019610034651123e-05,0.001,-16.29464744,0.00026737916050478816
0.04,99.48,639,932,37245,0.040585123002529144,5964,596032,-1.4551076889038086,8.790009451331571e-05,0.001,-16.25080258,0.000265160808339715
0.04,99.48,639,932,37260,0.22865928709506989,5968,596272,6.46677303314209,5.1402261306066066e-05,0.001,-16.281037650000002,0.00026759851607494056
0.04,99.48,639,932,37270,0.12028228491544724,5972,596432,5.53772497177124,3.0494638849631883e-05,0.001,-16.39116185,0.0002727133105508983
0.02,99.74,639,932,37294,0.18596652150154114,5976,596816,-2.006437063217163,4.2089242924703285e-05,0.001,-16.38080497,0.00028094224398955703
0.01,99.87,640,932,37345,0.14985820651054382,5980,597632,4.4491682052612305,4.014658770756796e-05,0.001,-16.494957130000003,0.0002759387716650963
0.02,99.77,640,932,37356,0.12205653637647629,5984,597808,0.24595215916633606,0.0010505360551178455,0.001,-16.476763249999998,0.00027679771301336586
0.02,99.77,641,932,37370,0.050238851457834244,5988,598032,-0.059023380279541016,5.165850598132238e-05,0.001,-16.47895269,0.0002777859626803547
0.02,99.77,641,932,37394,0.026388663798570633,5992,598416,-3.643983840942383,4.315192927606404e-05,0.001,-16.47671756,0.0002764484379440546
0.03,99.62,642,932,37445,0.10942266881465912,5996,599232,2.063248872756958,6.816739187343046e-05,0.001,-16.418213899999998,0.0002758172049652785
0.03,99.61,642,932,37451,0.18418121337890625,6000,599328,-0.2704554498195648,3.7849738873774186e-05,0.001,-16.39634237,0.0002756234316620976
0.03,99.61,642,932,37470,0.15055406093597412,6004,599632,-0.31216666102409363,3.503138214000501e-05,0.001,-16.4185873,0.0002747400722000748
0.03,99.61,643,932,37494,0.10579226911067963,6008,600016,0.6637739539146423,3.8380323530873284e-05,0.001,-16.47562069,0.00027673409203998744
0.03,99.61,644,932,37545,0.06444382667541504,6012,600832,-0.3887985348701477,4.404610808705911e-05,0.001,-16.633977790000003,0.00027539851726032794
0.03,99.61,644,932,37551,0.22557668387889862,6016,600928,2.438784599304199,5.4236403229879215e-05,0.001,-16.64023929,0.0002748986298684031
0.03,99.61,644,932,37570,0.1321786493062973,6020,601232,2.1618058681488037,6.811077037127689e-05,0.001,-16.64214416,0.0002745918172877282
0.03,99.61,644,932,37594,0.19005551934242249,6024,601616,0.34266138076782227,4.5530272473115474e-05,0.001,-16.68819068,0.0002761893847491592
0.03,99.61,645,932,37645,0.12868069112300873,6028,602432,-0.921912670135498,4.487299520405941e-05,0.001,-16.665223909999998,0.00027684023370966315
0.03,99.61,645,932,37651,0.20709669589996338,6032,602528,1.073939561843872,7.974686013767496e-05,0.001,-16.6260613,0.00027639203472062945
0.03,99.61,646,932,37670,0.08601360023021698,6036,602832,-0.8063493371009827,0.0015431329375132918,0.001,-16.52693268,0.0002749796549323946
0.03,99.61,646,932,37694,0.0896473079919815,6040,603216,-3.0799849033355713,5.869714732398279e-05,0.001,-16.39099773,0.00027263190713711083
0.03,99.61,647,933,37745,0.09606581181287766,6044,604032,0.8785932064056396,4.238327528582886e-05,0.001,-16.37898152,0.0002695006551221013
0.03,99.61,647,933,37751,0.1541627049446106,6048,604128,-0.7830014824867249,4.7087982238736004e-05,0.001,-16.37589559,0.00026947984588332474
0.03,99.61,647,933,37770,0.19437772035598755,6052,604432,-4.345963001251221,0.0012273200554773211,0.001,-16.38639689,0.0002684806822799146
0.03,99.61,648,933,37794,0.168545663356781,6056,604816,3.0312771797180176,4.887528484687209e-05,0.001,-16.4139144,0.000267130380962044
0.03,99.61,649,933,37845,0.1271037459373474,6060,605632,1.2618019580841064,3.184031447744928e-05,0.001,-16.46943624,0.0002666297659743577
0.03,99.61,649,933,37851,0.2412591129541397,6064,605728,0.8538844585418701,3.554119393811561e-05,0.001,-16.43772831,0.00026682461611926556
0.03,99.61,649,933,37870,0.12296636402606964,6068,606032,-3.3069159984588623,7.696787361055613e-05,0.001,-16.40144202,0.0002661615435499698
0.03,99.61,649,933,37894,0.12812930345535278,6072,606416,1.8286004066467285,5.5730404710629955e-05,0.001,-16.372312100000002,0.000262539106188342
0.03,99.61,650,933,37945,0.19803056120872498,6076,607232,-0.30896300077438354,5.298515679896809e-05,0.001,-16.34657231,0.0002669816603884101
0.03,99.61,650,933,37951,0.2421719878911972,6080,607328,3.682251453399658,6.240828224690631e-05,0.001,-16.257758629999998,0.0002666015352588147
0.02,99.71,651,933,37970,0.3096441328525543,6084,607632,3.2919726371765137,0.000125828679301776,0.001,-16.22101754,0.0002672751434147358
0.02,99.71,651,933,37994,0.13312795758247375,6088,608016,1.3146651983261108,5.427609721664339e-05,0.001,-16.21024105,0.0002731425338424742
0.02,99.71,652,932,38045,0.16828981041908264,6092,608832,3.3004274368286133,7.258313416969031e-05,0.001,-16.24548303,0.00028266088338568807
0.01,99.86,652,932,38051,0.15126456320285797,6096,608928,3.0371057987213135,6.185336678754538e-05,0.001,-16.33329414,0.0002844610717147589
0.0,100.0,653,932,38070,0.1614847481250763,6100,609232,0.4506038427352905,3.333028143970296e-05,0.001,-16.306107689999997,0.0002863238041754812
0.0,100.0,653,932,38094,0.15637357532978058,6104,609616,-0.49989670515060425,4.4250111386645585e-05,0.001,-16.296828759999997,0.0002840295201167464
0.0,100.0,654,932,38145,0.28514397144317627,6108,610432,-1.7890671491622925,5.444519774755463e-05,0.001,-16.295265840000003,0.0002775553148239851
0.0,100.0,654,932,38151,0.1794181913137436,6112,610528,3.0029118061065674,5.835869160364382e-05,0.001,-16.25397003,0.0002772063890006393
0.0,100.0,654,932,38170,0.1785924732685089,6116,610832,-0.24077904224395752,4.476743924897164e-05,0.001,-16.184214060000002,0.0002771723084151745
0.0,100.0,655,932,38194,0.1466066539287567,6120,611216,-2.1946911811828613,3.859382923110388e-05,0.001,-16.150625209999998,0.00027744867838919163
0.0,100.0,656,932,38245,0.13580358028411865,6124,612032,-1.6231642961502075,4.4099841034039855e-05,0.001,-16.15909379,0.00027750927256420255
0.0,100.0,656,932,38251,0.17473956942558289,6128,612128,1.8011835813522339,5.570741632254794e-05,0.001,-16.16420158,0.00027830860926769674
0.0,100.0,656,932,38270,0.19384539127349854,6132,612432,-0.996300458908081,4.1962703107856214e-05,0.001,-16.227881869999997,0.0002805960248224437
0.0,100.0,656,932,38294,0.27491140365600586,6136,612816,-1.4338161945343018,2.7355032216291875e-05,0.001,-16.3169731,0.00027805365971289575
0.01,99.86,657,932,38345,0.19199103116989136,6140,613632,-0.9294936656951904,3.574107540771365e-05,0.001,-16.28466822,0.0002681216865312308
0.01,99.86,658,932,38351,0.14510466158390045,6144,613728,-2.1210238933563232,4.098017598153092e-05,0.001,-16.309799119999997,0.00026738550513982773
0.01,99.86,658,932,38370,0.1977517455816269,6148,614032,1.8829281330108643,4.550033918349072e-05,0.001,-16.24078957,0.000268287694780156
0.01,99.86,658,932,38394,0.17813459038734436,6152,614416,-0.2550773620605469,6.651174044236541e-05,0.001,-16.21834658,0.00026904355036094785
0.01,99.86,659,932,38445,0.20877309143543243,6156,615232,-0.5618233680725098,6.128573295427486e-05,0.001,-16.151598229999998,0.00027182712801732123
0.01,99.86,659,932,38451,0.21260961890220642,6160,615328,-1.7508080005645752,4.3868574721273035e-05,0.001,-16.12868262,0.0002718325413297862
0.01,99.86,660,932,38470,0.15608477592468262,6164,615632,1.1296395063400269,5.5028864153428e-05,0.001,-16.12251593,0.0002678880700841546
0.01,99.86,660,932,38494,0.12777821719646454,6168,616016,-2.041752576828003,5.450714161270298e-05,0.001,-16.159591799999998,0.000265128182945773
0.01,99.86,661,932,38545,0.20319566130638123,6172,616832,-0.31273970007896423,2.8999331334489398e-05,0.001,-16.127440710000002,0.00026631998480297625
0.01,99.86,661,932,38551,0.24316911399364471,6176,616928,0.4177749454975128,2.2434011043515056e-05,0.001,-16.170259970000004,0.0002670282556209713
0.01,99.86,661,932,38570,0.20618629455566406,6180,617232,-1.277542233467102,3.631290383054875e-05,0.001,-16.255941300000003,0.00026792666176334023
0.01,99.86,662,932,38594,0.2099742293357849,6184,617616,-0.9363192319869995,3.043326796614565e-05,0.001,-16.29361641,0.0002652685216162354
0.01,99.86,663,932,38645,0.18744194507598877,6188,618432,-0.9719753265380859,3.651405495475046e-05,0.001,-16.22293094,0.0002653909905347973
0.01,99.86,663,932,38651,0.16747981309890747,6192,618528,1.1535489559173584,4.949706271872856e-05,0.001,-16.230266389999997,0.00026529436581768095
0.01,99.86,663,932,38670,0.2680387496948242,6196,618832,0.4086228609085083,8.859312947606668e-05,0.001,-16.232148690000002,0.000264217727817595
0.01,99.86,663,932,38694,0.2197742462158203,6200,619216,-0.5020114779472351,5.433380283648148e-05,0.001,-16.22906782,0.00026330939726904035
0.01,99.86,664,932,38745,0.2442004382610321,6204,620032,1.8082242012023926,2.7595277060754597e-05,0.001,-16.22937603,0.00026606000028550625
0.01,99.86,664,932,38751,0.19576117396354675,6208,620128,0.39170026779174805,4.171735781710595e-05,0.001,-16.12092716,0.0002671507536433637
0.01,99.86,665,932,38770,0.2874963879585266,6212,620432,4.763138294219971,6.423777813324705e-05,0.001,-16.07936541,0.00026845073443837464
0.01,99.86,665,932,38794,0.1515895128250122,6216,620816,0.5220207571983337,4.09594395023305e-05,0.001,-16.10996031,0.00027169621898792684
0.02,99.62,666,932,38845,0.14037033915519714,6220,621632,0.8403087854385376,7.480059139197692e-05,0.001,-16.14835979,0.0002677583252079785
0.02,99.62,666,932,38851,0.2960464358329773,6224,621728,0.6356794834136963,6.236598710529506e-05,0.001,-16.078430259999998,0.00026724531198851764
0.02,99.62,666,932,38870,0.16501744091510773,6228,622032,5.018885135650635,5.1722792704822496e-05,0.001,-16.030592210000002,0.00026970403268933296
0.02,99.62,667,932,38894,0.338360995054245,6232,622416,-0.6319866180419922,8.361029904335737e-05,0.001,-15.951273879999999,0.0002768774575088173
0.01,99.76,668,932,38945,0.2706298530101776,6236,623232,-0.45263350009918213,5.5917476856848225e-05,0.001,-15.917401670000002,0.0002713549183681607
0.01,99.76,668,932,38951,0.19892075657844543,6240,623328,-2.9519155025482178,3.501005267025903e-05,0.001,-15.973547029999997,0.00027108643553219736
0.01,99.76,668,932,38970,0.2732528746128082,6244,623632,2.611111879348755,5.185139525565319e-05,0.001,-15.99184785,0.00026755742146633565
0.01,99.76,668,932,38994,0.33560502529144287,6248,624016,-0.08483076095581055,5.7761732023209333e-05,0.001,-16.078804390000002,0.00026712476392276585
0.01,99.76,669,932,39045,0.2747425138950348,6252,624832,1.6319799423217773,2.592565942904912e-05,0.001,-16.050739769999996,0.00026489669107832015
0.01,99.76,669,932,39051,0.24934810400009155,6256,624928,1.4494929313659668,2.648490044521168e-05,0.001,-15.97843783,0.0002649949456099421
0.01,99.76,670,932,39070,0.31366783380508423,6260,625232,-1.7914378643035889,8.354109013453126e-05,0.001,-16.00002109,0.00026360360789112747
0.01,99.76,670,932,39094,0.16922511160373688,6264,625616,-1.63775634765625,6.184347876114771e-05,0.001,-15.9866914,0.00026045599952340126
0.01,99.76,671,932,39145,0.23766174912452698,6268,626432,-2.7260494232177734,2.7577232685871422e-05,0.001,-15.934520840000003,0.0002611135714687407
0.01,99.76,671,932,39151,0.22734370827674866,6272,626528,-0.45819878578186035,2.415169365121983e-05,0.001,-15.927035990000004,0.0002609213988762349
0.01,99.76,672,932,39170,0.2584782540798187,6276,626832,4.0866875648498535,3.7395049730548635e-05,0.001,-15.906787779999997,0.00026167897158302367
0.02,99.56,672,932,39194,0.3098348379135132,6280,627216,2.249804973602295,2.7041553039452992e-05,0.001,-15.906230330000001,0.00026384982629679143
0.03,99.5,673,932,39245,0.3490324318408966,6284,628032,-0.022149890661239624,3.0736191547475755e-05,0.001,-15.840444999999999,0.00026726696523837745
0.05,99.43,673,932,39247,0.2639336585998535,6288,628064,-1.9984761476516724,3.096751242992468e-05,0.001,-15.818969339999999,0.00026721294852904975
0.07,99.2,673,932,39262,0.2629455327987671,6292,628304,-1.506412386894226,6.290801684372127e-05,0.001,-15.78477564,0.0002648206427693367
0.08,99.16,674,932,39294,0.31392258405685425,6296,628816,0.7189102172851562,5.6028555263765156e-05,0.001,-15.789035880000002,0.00026262877508997917
0.08,99.16,675,932,39345,0.3607707619667053,6300,629632,2.909794807434082,5.489385512191802e-05,0.001,-15.87071733,0.0002677902521099895
0.08,99.16,675,932,39347,0.31590649485588074,6304,629664,4.418502330780029,5.036519723944366e-05,0.001,-15.81057323,0.00026834552409127355
0.09,99.01,675,932,39358,0.2619212865829468,6308,629840,0.0821223258972168,6.237119669094682e-05,0.001,-15.96904581,0.00027128146030008793
0.09,99.01,676,932,39394,0.28518587350845337,6312,630416,-2.095595121383667,3.3185369829880074e-05,0.001,-16.054559080000004,0.0002697245799936354
0.1,98.73,676,932,39419,0.36558330059051514,6316,630816,0.48514121770858765,6.245088297873735e-05,0.001,-16.031408380000002,0.0002668154484126717
0.09,98.97,676,932,39447,0.3256203830242157,6320,631264,-1.0079588890075684,8.340211934410036e-05,0.001,-16.12115563,0.0002626560744829476
0.09,98.97,677,932,39458,0.2508912682533264,6324,631440,1.6029624938964844,7.289634231710806e-05,0.001,-16.12741447,0.00026188892661593854
0.1,98.62,677,932,39484,0.29235151410102844,6328,631856,1.9578211307525635,4.438785254023969e-05,0.001,-16.129015159999998,0.000263742171227932
0.11,98.55,678,932,39517,0.225444495677948,6332,632384,-1.4949455261230469,4.469581108423881e-05,0.001,-16.19618732,0.00026313692796975374
0.11,98.55,678,932,39547,0.1432882845401764,6336,632864,-2.6259095668792725,3.4507156669860706e-05,0.001,-16.13772862,0.0002597173734102398
0.11,98.55,678,932,39558,0.3523145318031311,6340,633040,0.9644155502319336,4.115059709874913e-05,0.001,-16.147208529999997,0.00025858840672299266
0.11,98.55,679,932,39584,0.27094408869743347,6344,633456,1.7817350625991821,2.549478449509479e-05,0.001,-16.16600897,0.0002594745019450784
0.12,98.27,679,932,39617,0.3061109185218811,6348,633984,-1.189225673675537,3.385265154065564e-05,0.001,-16.140893260000002,0.0002611950330901891
0.14,97.7,680,932,39645,0.32612884044647217,6352,634432,0.1655128002166748,3.6090361390961334e-05,0.001,-16.121124469999998,0.00026283247279934585
0.14,97.7,680,932,39655,0.2916002869606018,6356,634592,-0.28703773021698,6.0197020502528176e-05,0.001,-16.1991411,0.0002626886125653982
0.14,97.7,681,932,39684,0.2965032458305359,6360,635056,-0.038891375064849854,4.415200965013355e-05,0.001,-16.15515547,0.0002605149056762457
0.14,97.7,681,932,39717,0.3262866735458374,6364,635584,-0.07555437088012695,2.2619795345235616e-05,0.001,-16.28405529,0.0002602908934932202
0.14,97.7,682,932,39745,0.2830069661140442,6368,636032,-3.789215087890625,3.949928577640094e-05,0.001,-16.37339902,0.0002596017438918352
0.14,97.7,682,932,39755,0.34126994013786316,6372,636192,0.1406099796295166,0.00011162571900058538,0.001,-16.34563948,0.00025818278663791716
0.14,97.7,682,932,39784,0.359016090631485,6376,636656,7.350976943969727,4.445674130693078e-05,0.001,-16.284383520000002,0.0002609084767755121
0.13,97.9,683,932,39817,0.20488832890987396,6380,637184,-0.32816576957702637,3.5472716263029724e-05,0.001,-16.21959833,0.000271363474894315
0.13,97.9,683,932,39845,0.2774965465068817,6384,637632,1.5218342542648315,2.530049459892325e-05,0.001,-16.247081960000003,0.00027334943297319114
0.1,98.03,684,932,39855,0.23202595114707947,6388,637792,-3.4137158393859863,3.115268918918446e-05,0.001,-16.34901441,0.0002735815360210836
0.09,98.06,684,932,39864,0.34702932834625244,6392,637936,-0.8791415691375732,0.0012440469581633806,0.001,-16.25568499,0.0002727049868553877
0.08,98.1,685,932,39917,0.29671359062194824,6396,638784,-0.849628746509552,0.00016229886387009174,0.001,-16.243198229999997,0.0002671179245226085
0.08,98.1,685,932,39945,0.3276869058609009,6400,639232,0.41674119234085083,0.0001405757066095248,0.001,-16.185124209999998,0.00026984294527210295
0.08,98.1,685,932,39955,0.3807542324066162,6404,639392,-1.1970447301864624,6.571195990545675e-05,0.001,-16.267445369999997,0.00026988645549863577
0.07,98.25,685,932,39964,0.26038944721221924,6408,639536,1.0013220310211182,5.073548891232349e-05,0.001,-16.20991772,0.0002684947685338557
0.07,98.25,686,932,40017,0.3193133771419525,6412,640384,-0.48100611567497253,6.872887024655938e-05,0.001,-16.26474858,0.00026400614297017455
0.06,98.53,687,932,40045,0.33829689025878906,6416,640832,0.09309643507003784,3.9033417124301195e-05,0.001,-16.13529944,0.0002631966781336814
0.06,98.53,687,932,40055,0.38687360286712646,6420,640992,-1.3337948322296143,4.377798177301884e-05,0.001,-16.106231219999998,0.0002626921341288835
0.06,98.53,687,932,40064,0.2765069901943207,6424,641136,-3.2700843811035156,4.8266680096276104e-05,0.001,-16.07793278,0.00026099084061570466
0.04,98.95,688,932,40117,0.4710325002670288,6428,641984,1.3298054933547974,6.451684748753905e-05,0.001,-16.17987811,0.000251382210990414
0.04,98.95,688,932,40145,0.3129051625728607,6432,642432,-0.36383503675460815,4.131213063374162e-05,0.001,-16.22885881,0.000251681572990492
0.04,98.95,689,932,40155,0.3580574095249176,6436,642592,0.6058171391487122,2.467894410074223e-05,0.001,-16.29370245,0.0002525095478631556
0.04,98.95,689,932,40164,0.25303006172180176,6440,642736,0.8053634166717529,4.7879773774184287e-05,0.001,-16.335093840000003,0.0002529740449972451
0.05,98.69,690,932,40217,0.2523309588432312,6444,643584,-0.3610962927341461,2.792398663586937e-05,0.001,-16.278800359999998,0.00025657773949205875
0.07,98.29,690,932,40240,0.3252895474433899,6448,643952,-2.1681065559387207,4.941486258758232e-05,0.001,-16.17799876,0.0002573119127191603
0.04,99.14,690,932,40255,0.38776546716690063,6452,644192,2.8397340774536133,5.839724326506257e-05,0.001,-16.314192530000003,0.000254960817983374
0.04,99.14,690,932,40264,0.34253019094467163,6456,644336,-0.5981432199478149,4.1786726796999574e-05,0.001,-16.260915560000004,0.0002549158234614879
0.04,99.14,691,932,40317,0.34825050830841064,6460,645184,-1.041475772857666,4.646397428587079e-05,0.001,-16.365057549999996,0.0002552133228164166
0.05,98.9,691,932,40323,0.39724546670913696,6464,645280,0.9338743686676025,4.1253690142184496e-05,0.001,-16.238646329999998,0.0002547709736973047
0.08,98.21,692,932,40343,0.3350814878940582,6468,645600,0.5006072521209717,4.259360866853967e-05,0.001,-16.13221158,0.00025564790121279657
0.08,98.21,692,932,40362,0.3393395245075226,6472,645904,-1.7480418682098389,3.402924630790949e-05,0.001,-16.173086419999997,0.0002544485323596746
0.1,97.94,693,932,40408,0.3062955141067505,6476,646640,-1.3080105781555176,3.653031672001816e-05,0.001,-16.15377101,0.00024842011043801904
0.1,97.94,693,932,40423,0.405309796333313,6480,646880,-1.7959901094436646,3.541083060554229e-05,0.001,-16.2363516,0.0002476588706485927
0.1,97.94,693,932,40443,0.4776150584220886,6484,647200,-1.5709240436553955,4.71195817226544e-05,0.001,-16.29013462,0.00024560533347539604
0.1,97.94,694,932,40462,0.40084001421928406,6488,647504,2.4121832847595215,3.690123412525281e-05,0.001,-16.30043318,0.00024726169067434967
0.09,98.14,694,932,40508,0.37195390462875366,6492,648240,0.30427122116088867,7.035989983705804e-05,0.001,-16.44448759,0.00024991881218738854
0.09,98.14,695,932,40523,0.28883665800094604,6496,648480,2.4455230236053467,0.0010521507356315851,0.001,-16.33648763,0.00025197817012667656
0.09,98.14,695,932,40543,0.3342526853084564,6500,648800,-0.3943880796432495,3.7120480556041e-05,0.001,-16.345252169999995,0.00025647965958341956
0.09,98.14,695,932,40562,0.4454286992549896,6504,649104,-4.122751235961914,3.566870873328298e-05,0.001,-16.342182679999997,0.0002611656382214278
0.09,98.14,696,932,40608,0.4443466067314148,6508,649840,1.8685801029205322,3.956851287512109e-05,0.001,-16.29870459,0.0002569095231592655
0.09,98.14,696,932,40623,0.31767576932907104,6512,650080,1.1623921394348145,3.32378112943843e-05,0.001,-16.230620099999996,0.00025778028066270053
0.09,98.14,697,932,40643,0.4506571590900421,6516,650400,-3.126870632171631,4.0646489651408046e-05,0.001,-16.332095999999996,0.0002593166718725115
0.09,98.14,697,932,40662,0.3690705895423889,6520,650704,-1.9688191413879395,3.880020813085139e-05,0.001,-16.29214862,0.00025431581889279187
0.09,98.14,698,932,40708,0.45452457666397095,6524,651440,0.867759108543396,4.226612509228289e-05,0.001,-16.27030695,0.00025700705009512603
0.1,97.81,698,932,40723,0.4233163297176361,6528,651680,-3.4261906147003174,4.7187852032948285e-05,0.001,-16.20582399,0.0002562698791734874
0.1,97.81,698,932,40740,0.38134822249412537,6532,651952,1.7351655960083008,7.241687853820622e-05,0.001,-16.15488399,0.00025403438485227525
0.1,97.81,699,932,40762,0.41615450382232666,6536,652304,0.5214436054229736,0.00013672518252860755,0.001,-16.12717771,0.0002564356254879385
0.1,97.81,700,932,40808,0.43738991022109985,6540,653040,-2.758697032928467,4.2615134589141235e-05,0.001,-16.1066493,0.0002564160677138716
0.09,98.07,700,932,40823,0.3311195969581604,6544,653280,0.9865012168884277,5.94338562223129e-05,0.001,-16.143412239999996,0.00025530095444992185
0.07,98.47,700,932,40840,0.3973787724971771,6548,653552,2.1588544845581055,3.499747617752291e-05,0.001,-16.146496279999997,0.0002563402522355318
0.08,98.26,700,932,40855,0.4561367630958557,6552,653792,-0.8266385793685913,3.306090729893185e-05,0.001,-16.095571770000003,0.0002584454196039587
0.08,98.26,701,932,40908,0.33422356843948364,6556,654640,-4.50350284576416,4.743340832646936e-05,0.001,-16.217495130000003,0.0002495515800546855
0.08,98.26,702,932,40923,0.44199657440185547,6560,654880,-2.2195873260498047,3.699766602949239e-05,0.001,-16.07988062,0.00024765628040768206
0.07,98.5,702,932,40940,0.37833863496780396,6564,655152,-0.463901162147522,4.1199902625521645e-05,0.001,-16.178673250000003,0.00024636960006318986
0.04,99.19,702,932,40955,0.3944692015647888,6568,655392,-0.24684834480285645,6.36345794191584e-05,0.001,-16.25214898,0.00024635082809254527
0.04,99.19,703,932,41008,0.30510467290878296,6572,656240,0.38193511962890625,3.6246983654564247e-05,0.001,-16.246986539999998,0.0002477221714798361
0.02,99.46,703,932,41023,0.35518163442611694,6576,656480,-3.7334914207458496,4.5857006625737995e-05,0.001,-16.334414279999997,0.0002470768813509494
0.03,99.39,704,932,41040,0.43228375911712646,6580,656752,4.312607288360596,4.973239992978051e-05,0.001,-16.30008925,0.00024623432545922697
0.03,99.39,704,932,41055,0.41303884983062744,6584,656992,-0.13864010572433472,4.840071778744459e-05,0.001,-16.26316,0.00025021450710482895
0.03,99.39,705,932,41108,0.40404605865478516,6588,657840,-0.5380826592445374,7.094710599631071e-05,0.001,-16.278827649999997,0.0002494030923116952
0.03,99.39,705,932,41123,0.36214590072631836,6592,658080,1.410984754562378,3.545652361935936e-05,0.001,-16.24132316,0.00024539389414712787
0.03,99.39,705,932,41140,0.4673159718513489,6596,658352,-0.5681434869766235,0.0002597515704110265,0.001,-16.30091736,0.00024553670664317906
0.03,99.39,706,932,41155,0.48069655895233154,6600,658592,0.7727222442626953,0.0010105699766427279,0.001,-16.272033800000003,0.00024525189655832946
0.03,99.39,707,932,41208,0.29671597480773926,6604,659440,-3.540302276611328,6.532650149893016e-05,0.001,-16.247776690000002,0.00024783206754364073
0.03,99.39,707,932,41223,0.42158016562461853,6608,659680,0.995234489440918,6.243900861591101e-05,0.001,-16.244151510000005,0.00024532651877962053
0.03,99.39,707,932,41240,0.35814982652664185,6612,659952,-0.7172878980636597,0.0008213657420128584,0.001,-16.285626399999998,0.00024486088659614325
0.03,99.39,707,932,41255,0.48341596126556396,6616,660192,3.844512462615967,4.235058440826833e-05,0.001,-16.258955809999996,0.0002456751244608313
0.03,99.39,708,932,41308,0.5135927200317383,6620,661040,0.8057368993759155,5.6790155213093385e-05,0.001,-16.27883329,0.00024511112133041024
0.02,99.72,709,932,41323,0.4229409992694855,6624,661280,0.2926090955734253,3.7919126043561846e-05,0.001,-16.448712869999998,0.000245450995862484
0.02,99.72,709,932,41340,0.3915078043937683,6628,661552,1.1540346145629883,2.663784835021943e-05,0.001,-16.417912349999998,0.0002471843617968261
0.02,99.72,709,932,41355,0.5157771110534668,6632,661792,0.6443523168563843,3.0687533580930904e-05,0.001,-16.536977559999997,0.0002480860275682062
0.02,99.72,710,932,41408,0.4465938210487366,6636,662640,1.0379242897033691,5.110296478960663e-05,0.001,-16.59317655,0.00024571988615207374
0.02,99.72,710,932,41423,0.42457151412963867,6640,662880,-1.5845447778701782,4.025610542157665e-05,0.001,-16.584242240000002,0.00024427453172393143
0.02,99.72,711,932,41440,0.42463982105255127,6644,663152,0.6636911630630493,5.962880823062733e-05,0.001,-16.59461383,0.0002425759012112394
0.02,99.72,711,932,41455,0.42843663692474365,6648,663392,3.0667498111724854,3.9478098187828436e-05,0.001,-16.71127943,0.00024303788086399436
0.01,99.93,712,932,41508,0.4423626959323883,6652,664240,1.989650011062622,4.2266270611435175e-05,0.001,-16.704529960000006,0.0002523073635529727
0.01,99.93,712,932,41523,0.4532625675201416,6656,664480,1.4448493719100952,4.170085958321579e-05,0.001,-16.55860285,0.0002534296945668757
0.01,99.93,712,932,41540,0.46221253275871277,6660,664752,-0.25847184658050537,3.0140619855956174e-05,0.001,-16.55486324,0.00025499972980469465
0.01,99.93,713,932,41555,0.3850245475769043,6664,664992,-2.461777448654175,4.030353738926351e-05,0.001,-16.4999682,0.00025580349029041827
0.01,99.93,714,932,41608,0.4341707229614258,6668,665840,-1.204041838645935,2.3795193555997685e-05,0.001,-16.586653199999997,0.00025537327746860683
0.01,99.93,714,932,41623,0.46516138315200806,6672,666080,-3.7588868141174316,3.71792157238815e-05,0.001,-16.65057904,0.0002549912314862013
0.02,99.85,714,932,41637,0.41794002056121826,6676,666304,-1.8973064422607422,3.4321485145483166e-05,0.001,-16.44491945,0.0002541402936913073
0.02,99.85,715,932,41655,0.5637214183807373,6680,666592,-1.6516144275665283,4.350685776444152e-05,0.001,-16.383561900000004,0.00025220512179657817
0.01,99.92,716,932,41708,0.4555412530899048,6684,667440,-4.501592636108398,3.724224734469317e-05,0.001,-16.38923063,0.00025094818556681275
0.01,99.92,716,932,41723,0.5378249883651733,6688,667680,2.124903678894043,5.556503310799599e-05,0.001,-16.331515390000003,0.00024869933258742094
0.02,99.85,716,932,41733,0.44360050559043884,6692,667840,-0.17644423246383667,3.997047315351665e-05,0.001,-16.3589626,0.00024928798666223884
0.02,99.85,716,932,41755,0.5883499383926392,6696,668192,-2.2841694355010986,3.746104994206689e-05,0.001,-16.2796666,0.00024686232791282237
0.02,99.85,717,932,41808,0.4967796206474304,6700,669040,-2.241395950317383,5.624537152471021e-05,0.001,-16.36209037,0.00023873496684245765
0.02,99.85,718,932,41823,0.4357004761695862,6704,669280,4.279540061950684,5.586484621744603e-05,0.001,-16.43745097,0.00023868874995969236
0.02,99.85,718,932,41833,0.46446794271469116,6708,669440,0.2929939031600952,3.833783557638526e-05,0.001,-16.438959920000002,0.00024039752315729856
0.02,99.85,718,932,41855,0.45126834511756897,6712,669792,1.8444403409957886,4.196662484901026e-05,0.001,-16.342646609999996,0.0002424708945909515
0.02,99.85,719,932,41908,0.4807063341140747,6716,670640,-0.12141802906990051,4.000157423433848e-05,0.001,-16.406769719999996,0.00024226818641182035
0.02,99.85,719,932,41923,0.44101667404174805,6720,670880,0.3464970886707306,7.038247713353485e-05,0.001,-16.42204882,0.00024226910318247974
0.02,99.85,719,932,41933,0.47169655561447144,6724,671040,0.23286497592926025,7.836361328372732e-05,0.001,-16.438306590000003,0.00024272793962154537
0.02,99.85,720,932,41955,0.424905002117157,6728,671392,-3.9165077209472656,0.0005786957917734981,0.001,-16.54564211,0.0002382909442530945
0.02,99.85,721,932,42008,0.5698022842407227,6732,672240,2.2189769744873047,0.00011742697097361088,0.001,-16.47306033,0.0002379995712544769
0.02,99.85,721,932,42023,0.4817991554737091,6736,672480,0.6524971127510071,8.340182830579579e-05,0.001,-16.37025735,0.00023893881007097661
0.02,99.85,721,932,42033,0.4378017783164978,6740,672640,1.8147029876708984,4.665720189223066e-05,0.001,-16.29282193,0.0002395674237050116
0.02,99.85,722,932,42055,0.4876364767551422,6744,672992,-1.0468158721923828,4.229489786666818e-05,0.001,-16.33076294,0.00023801908537279814
0.05,99.17,722,931,42094,0.5252215266227722,6748,673616,-1.3217605352401733,5.0473245210014284e-05,0.001,-16.196320880000002,0.00024119803856592625
0.07,98.65,723,931,42108,0.4848313331604004,6752,673840,-1.3622455596923828,9.07622161321342e-05,0.001,-16.14317618,0.0002415435592411086
0.08,98.48,723,931,42130,0.44490593671798706,6756,674192,0.7497701644897461,2.9788749088766053e-05,0.001,-16.159675460000003,0.00024086222401820123
0.09,98.3,723,931,42155,0.6084070205688477,6760,674592,-0.9469565749168396,6.785323785152286e-05,0.001,-16.28197959,0.00024086750636342913
0.09,98.3,724,931,42194,0.6290498971939087,6764,675216,-0.16835415363311768,6.327366281766444e-05,0.001,-16.28368,0.00023806585522834212
0.09,98.3,724,931,42208,0.5759761333465576,6768,675440,2.021700859069824,3.469918010523543e-05,0.001,-16.24505575,0.0002368707791902125
0.09,98.3,725,931,42230,0.4861869215965271,6772,675792,0.4378785490989685,4.8770692956168205e-05,0.001,-16.131244969999997,0.00023649833747185767
0.08,98.38,725,931,42255,0.4391210377216339,6776,676192,-0.2314465045928955,2.9117456506355666e-05,0.001,-16.18800134,0.0002396272902842611
0.08,98.38,726,931,42294,0.605668842792511,6780,676816,2.023547649383545,5.149990465724841e-05,0.001,-16.2696806,0.00024714547907933593
0.08,98.38,726,931,42308,0.5413312315940857,6784,677040,-1.0258572101593018,3.0153969419188797e-05,0.001,-16.270796859999997,0.00024883102742023766
0.08,98.38,727,931,42330,0.43980810046195984,6788,677392,0.5967360734939575,5.10137906530872e-05,0.001,-16.21731066,0.00024748651776462793
0.07,98.45,727,931,42355,0.5056383609771729,6792,677792,-2.927218437194824,2.2484699002234265e-05,0.001,-16.16674119,0.0002421443787170574
0.07,98.45,728,931,42394,0.5774315595626831,6796,678416,-1.2015140056610107,4.393530252855271e-05,0.001,-16.16615155,0.00023933745978865772
0.07,98.45,728,931,42408,0.5618115663528442,6800,678640,0.543042778968811,3.8005488022463396e-05,0.001,-16.210013710000002,0.00023879394575487822
0.07,98.45,729,931,42430,0.5506229996681213,6804,678992,-0.7416357398033142,3.4167889680247754e-05,0.001,-16.1185452,0.00023682424216531217
0.07,98.45,729,931,42455,0.540999710559845,6808,679392,2.7363970279693604,3.501241735648364e-05,0.001,-16.11986026,0.00023473691544495523
0.07,98.45,730,931,42494,0.5038824081420898,6812,680016,-4.658484935760498,2.2794714823248796e-05,0.001,-16.176927309999996,0.0002367517736274749
0.07,98.45,730,931,42508,0.5138633251190186,6816,680240,2.099480628967285,2.6809779228642583e-05,0.001,-16.21416175,0.00023455744667444378
0.07,98.45,730,931,42530,0.5026348233222961,6820,680592,4.217252731323242,4.708105916506611e-05,0.001,-16.15124319,0.000234199600527063
0.08,98.17,731,931,42550,0.5051152110099792,6824,680912,1.6512608528137207,1.6085117749753408e-05,0.001,-16.075141439999996,0.00023562530986964703
0.08,98.17,731,931,42594,0.6322271227836609,6828,681616,-0.8765869736671448,3.929861486540176e-05,0.001,-15.954387409999999,0.00023715331917628646
0.08,98.17,732,931,42608,0.610797107219696,6832,681840,-1.2330541610717773,5.422125104814768e-05,0.001,-15.907334639999998,0.0002367427368881181
0.08,98.17,732,931,42630,0.4781913459300995,6836,682192,2.45058274269104,3.905057383235544e-05,0.001,-15.911018190000002,0.00023597522522322834
0.08,98.17,732,931,42650,0.476607084274292,6840,682512,0.028483271598815918,2.1434214431792498e-05,0.001,-15.98184816,0.00023675808915868402
0.08,98.17,733,931,42694,0.5513688325881958,6844,683216,2.2569432258605957,7.316374103538692e-05,0.001,-16.02695962,0.0002373336610617116
0.06,98.56,734,931,42708,0.543175995349884,6848,683440,2.0410637855529785,3.322844349895604e-05,0.001,-15.940673620000005,0.00023824823438189924
0.03,99.37,734,931,42730,0.6219280958175659,6852,683792,-1.9869632720947266,3.7431651435326785e-05,0.001,-16.04787116,0.00024391394981648773
0.02,99.54,734,931,42750,0.510653018951416,6856,684112,-3.6406989097595215,2.8108332116971724e-05,0.001,-16.14267709,0.00024339901574421674
0.01,99.72,735,931,42794,0.46866780519485474,6860,684816,1.5094144344329834,2.7533245884114876e-05,0.001,-16.12478416,0.00024210350238718092
0.01,99.72,735,931,42808,0.5086151957511902,6864,685040,0.23115158081054688,2.3149965272750705e-05,0.001,-16.09843991,0.0002425490674795583
0.01,99.72,736,931,42830,0.6566773653030396,6868,685392,1.760759711265564,2.632798168633599e-05,0.001,-16.0273082,0.00024299915821757168
0.01,99.72,736,931,42850,0.4920266568660736,6872,685712,0.9105101227760315,3.2596770324744284e-05,0.001,-16.13760017,0.0002436326612951234
0.01,99.72,737,931,42894,0.4062962532043457,6876,686416,-4.158980846405029,3.4333432267885655e-05,0.001,-16.171204689999996,0.0002454945642966777
0.01,99.72,737,931,42908,0.5682402849197388,6880,686640,2.9348669052124023,3.9706363168079406e-05,0.001,-16.203367800000002,0.00024442485300824046
0.01,99.72,737,931,42930,0.5630819201469421,6884,686992,-3.562350273132324,5.5573029385413975e-05,0.001,-16.18128366,0.00024484057212248445
0.01,99.72,738,931,42950,0.6458994746208191,6888,687312,2.4850685596466064,4.250103665981442e-05,0.001,-16.32632898,0.0002421727986074984
0.01,99.72,738,931,42994,0.6481527090072632,6892,688016,-0.9032220244407654,2.6757599698612466e-05,0.001,-16.45906367,0.0002473803178872913
0.01,99.72,739,930,43008,0.5098215341567993,6896,688240,-0.4103696346282959,2.9407989131868817e-05,0.001,-16.442627200000004,0.0002487247111275792
0.01,99.72,739,930,43030,0.5606675744056702,6900,688592,-0.08518391847610474,4.052744770888239e-05,0.001,-16.347941090000003,0.00024869933258742094
0.01,99.72,740,930,43050,0.5769854784011841,6904,688912,-1.4067741632461548,3.690447920234874e-05,0.001,-16.39686876,0.0002479585527908057
0.01,99.72,740,931,43094,0.6170651912689209,6908,689616,0.9668027758598328,3.9933664083946496e-05,0.001,-16.280216669999998,0.000251700053922832
0.01,99.72,740,931,43108,0.5828234553337097,6912,689840,-1.5250537395477295,4.49522995040752e-05,0.001,-16.31233844,0.000252770259976387
0.01,99.72,741,931,43130,0.6111373901367188,6916,690192,0.9710296392440796,3.828459739452228e-05,0.001,-16.24335243,0.0002509986807126552
0.01,99.72,741,931,43150,0.5505375862121582,6920,690512,-0.6028105020523071,3.603986988309771e-05,0.001,-16.23738869,0.0002497775130905211
0.0,100.0,741,931,43194,0.6380041241645813,6924,691216,-0.7741221785545349,4.505215474637225e-05,0.001,-16.26942166,0.00024666183162480593
0.0,100.0,741,931,43208,0.4823203682899475,6928,691440,-1.8113611936569214,3.083869887632318e-05,0.001,-16.33217074,0.00024753870093263686
0.0,100.0,742,932,43230,0.4962453544139862,6932,691792,-2.032698392868042,3.848977212328464e-05,0.001,-16.35692608,0.00024584459606558084
0.0,100.0,742,932,43250,0.5085601806640625,6936,692112,-0.2698798179626465,3.827605542028323e-05,0.001,-16.32630242,0.0002464008575771004
0.0,100.0,742,932,43294,0.6062625050544739,6940,692816,-0.14670217037200928,7.099907088559121e-05,0.001,-16.322296849999997,0.0002451726177241653
0.0,100.0,743,932,43308,0.5580260753631592,6944,693040,-1.5103726387023926,4.250711572240107e-05,0.001,-16.33375564,0.0002461331314407289
0.0,100.0,743,932,43330,0.5512341856956482,6948,693392,-0.9499010443687439,0.0003833516384474933,0.001,-16.31133102,0.0002474730717949569
0.0,100.0,743,933,43350,0.46336376667022705,6952,693712,-4.370548725128174,5.562803926295601e-05,0.001,-16.323683789999997,0.00024840232799761
0.0,100.0,743,933,43394,0.6242905855178833,6956,694416,-1.3033360242843628,4.011326018371619e-05,0.001,-16.27160246,0.00025082973297685385
0.0,100.0,744,933,43408,0.6428185701370239,6960,694640,4.138002395629883,4.67524841951672e-05,0.001,-16.348997759999996,0.00024912995286285877
0.0,100.0,744,933,43430,0.5543368458747864,6964,694992,-0.02468094229698181,0.00011002660903614014,0.001,-16.3392165,0.0002520404232200235
0.0,100.0,744,933,43450,0.539165735244751,6968,695312,-2.0618557929992676,4.520973379840143e-05,0.001,-16.441260380000003,0.00025149539578706026
0.0,100.0,744,934,43494,0.6773267984390259,6972,696016,2.0306284427642822,5.035847789258696e-05,0.001,-16.41169314,0.0002518294786568731
0.0,100.0,745,934,43508,0.6499131917953491,6976,696240,2.222055673599243,3.400322748348117e-05,0.001,-16.36840579,0.0002531239006202668
0.0,100.0,745,934,43530,0.5922369360923767,6980,696592,-4.160273551940918,7.055487367324531e-05,0.001,-16.28017122,0.00025568227283656597
0.0,100.0,745,934,43550,0.5805135369300842,6984,696912,0.7699031233787537,4.24721984018106e-05,0.001,-16.281410110000003,0.00025296147214248776
0.0,100.0,746,934,43594,0.5568842887878418,6988,697616,-2.481448173522949,4.330586671130732e-05,0.001,-16.123488410000004,0.00025671531329862773
0.0,100.0,746,934,43608,0.5724384784698486,6992,697840,-0.22988927364349365,3.0022561986697838e-05,0.001,-16.104258859999998,0.000255371822277084
0.01,99.73,746,934,43623,0.6094719767570496,6996,698080,-0.26578080654144287,3.3298259950242937e-05,0.001,-16.0161575,0.00025358612765558064
0.02,99.54,746,935,43640,0.6491067409515381,7000,698352,2.279172658920288,0.00012065000919392332,0.001,-15.972269189999999,0.0002524344308767468
0.02,99.54,747,935,43694,0.6501321792602539,7004,699216,0.5736653208732605,6.998074240982533e-05,0.001,-15.89765474,0.00025251484476029873
0.02,99.54,747,935,43708,0.6028322577476501,7008,699440,0.6565004587173462,5.871215762454085e-05,0.001,-15.906269380000001,0.00024892285000532866
0.02,99.54,747,935,43723,0.4988158345222473,7012,699680,1.7260268926620483,5.9827805671375245e-05,0.001,-15.909163929999998,0.00024906298494897783
0.04,99.44,747,935,43736,0.6634751558303833,7016,699888,0.8103277683258057,3.8153120840433985e-05,0.001,-15.9647554,0.00025064777582883835
0.05,99.32,748,936,43794,0.618949294090271,7020,700816,-0.5014666318893433,4.4505959522211924e-05,0.001,-15.92692984,0.0002519322733860463
0.05,99.32,748,936,43808,0.5899481177330017,7024,701040,-1.0899848937988281,6.184724043123424e-05,0.001,-15.85059005,0.0002509548794478178
0.05,99.32,748,936,43823,0.6572154760360718,7028,701280,-0.7250368595123291,4.027466638945043e-05,0.001,-15.90712227,0.000251785502769053
0.05,99.32,748,936,43836,0.5354499220848083,7032,701488,0.14373528957366943,4.470384737942368e-05,0.001,-15.95473091,0.00025185252889059484
0.05,99.32,749,937,43894,0.7505955696105957,7036,702416,6.0198073387146,2.53511516348226e-05,0.001,-16.075329250000003,0.00024830474285408854
0.05,99.32,749,937,43908,0.6576581001281738,7040,702640,2.269864082336426,2.5785215257201344e-05,0.001,-16.084030480000003,0.00024985946947708726
0.05,99.32,749,937,43923,0.6181459426879883,7044,702880,0.2928906977176666,2.0950910766259767e-05,0.001,-16.01764941,0.0002497029781807214
0.05,99.32,750,937,43936,0.6593922972679138,7048,703088,-2.020186424255371,4.072547017131001e-05,0.001,-16.165444360000002,0.0002483552088961005
0.05,99.32,751,937,43994,0.6607712507247925,7052,704016,-0.5384001135826111,2.8894155548186973e-05,0.001,-16.07582145,0.000244852970354259
0.05,99.32,751,937,44008,0.6186081767082214,7056,704240,-1.2677117586135864,3.04606364807114e-05,0.001,-15.996049729999998,0.00024327347637154162
0.05,99.32,751,937,44023,0.46372106671333313,7060,704480,1.3580782413482666,4.4208267354406416e-05,0.001,-15.847230160000002,0.00024100628797896206
0.05,99.32,751,937,44036,0.5447763204574585,7064,704688,-0.2846407890319824,2.3084758140612394e-05,0.001,-15.792910119999998,0.0002399469813099131
0.05,99.32,752,937,44094,0.5197157859802246,7068,705616,-2.2140519618988037,2.9159065888961777e-05,0.001,-15.75952253,0.00023813375446479768
0.05,99.32,753,937,44108,0.600206732749939,7072,705840,-1.5678106546401978,6.919183215359226e-05,0.001,-15.72378919,0.00023766727827023715
0.05,99.32,753,937,44123,0.6458733081817627,7076,706080,-2.3573198318481445,4.659257683670148e-05,0.001,-15.637787679999999,0.00023818733461666852
0.05,99.32,753,937,44136,0.7063014507293701,7080,706288,-1.414816975593567,4.3221622036071494e-05,0.001,-15.677307619999999,0.00023848806449677795
0.05,99.32,754,937,44194,0.7239038348197937,7084,707216,0.3038344979286194,2.8160826332168654e-05,0.001,-15.75702832,0.0002391328162048012
0.05,99.32,754,937,44208,0.5659216046333313,7088,707440,-0.03005903959274292,5.08143930346705e-05,0.001,-15.836118649999998,0.00024086474149953574
0.05,99.32,754,937,44223,0.621738076210022,7092,707680,0.36874157190322876,3.655082400655374e-05,0.001,-15.810908549999999,0.00024075451074168086
0.05,99.5,755,937,44236,0.7202416658401489,7096,707888,0.8694058656692505,2.6186989998677745e-05,0.001,-15.910291849999997,0.00023873723694123328
0.05,99.49,756,937,44293,0.6748652458190918,7100,708800,0.6299169063568115,2.2616019123233855e-05,0.001,-15.937526359999998,0.00024308331194333732
0.07,99.16,756,937,44301,0.5756162405014038,7104,708928,0.6940887570381165,2.898569800890982e-05,0.001,-15.95456301,0.00024379951355513185
0.07,99.16,756,937,44312,0.5849348306655884,7108,709104,0.8774040341377258,2.422126999590546e-05,0.001,-15.974673519999996,0.00024513708194717765
0.06,99.22,756,937,44336,0.7539021968841553,7112,709488,-1.0638349056243896,6.169125845190138e-05,0.001,-15.981111889999998,0.00024440433480776846
0.06,99.05,757,937,44392,0.610948920249939,7116,710384,1.472251057624817,2.8693844797089696e-05,0.001,-15.992694040000002,0.00023957129451446235
0.05,99.17,757,937,44401,0.614525318145752,7120,710528,1.001035213470459,3.5127890441799536e-05,0.001,-15.966573000000004,0.0002407914726063609
0.06,98.93,758,937,44412,0.6290561556816101,7124,710704,-0.9861657023429871,0.00027541734743863344,0.001,-16.01877659,0.00024285505060106516
0.06,98.93,758,937,44433,0.5810258388519287,7128,711040,-0.4753119945526123,4.897349572274834e-05,0.001,-16.0650784,0.0002459824609104544
0.06,98.93,759,937,44492,0.5818253755569458,7132,711984,-3.9945626258850098,2.390666850260459e-05,0.001,-15.987965500000005,0.0002472194901201874
0.06,98.93,759,937,44501,0.6750377416610718,7136,712128,-3.446648120880127,2.7002792194252834e-05,0.001,-15.946434759999999,0.0002442898985464126
0.06,98.93,759,937,44512,0.7313321232795715,7140,712304,-0.22041022777557373,4.1294071706943214e-05,0.001,-15.906711869999997,0.00024186995869968086
0.06,98.93,760,937,44533,0.616549015045166,7144,712640,-1.0574167966842651,3.8481946830870584e-05,0.001,-15.939099240000001,0.00023926148423925042
0.06,98.93,761,937,44592,0.5471879839897156,7148,713584,-0.34936797618865967,3.639057104010135e-05,0.001,-15.775025620000001,0.00023672175302635878
0.06,98.93,761,937,44601,0.6246415972709656,7152,713728,2.9470434188842773,3.283119076513685e-05,0.001,-15.796306620000001,0.00023701268946751952
0.06,98.93,761,937,44612,0.6383755803108215,7156,713904,1.3008227348327637,2.9751532565569505e-05,0.001,-15.725346690000002,0.00023802043870091438
0.07,98.85,762,937,44629,0.7006194591522217,7160,714176,3.076306104660034,4.7252313379431143e-05,0.001,-15.819524750000003,0.00024059567658696324
0.08,98.67,762,937,44676,0.6317946910858154,7164,714928,-4.404360771179199,4.522471135715023e-05,0.001,-15.893913600000001,0.00024136326101142913
0.1,98.4,763,937,44693,0.7568455934524536,7168,715200,1.4786038398742676,4.764203913509846e-05,0.001,-15.797062850000001,0.00023992639034986496
0.1,98.4,763,937,44712,0.6231247782707214,7172,715504,-0.4299299716949463,2.4595810828031972e-05,0.001,-15.863130829999996,0.00024051859509199858
0.1,98.4,763,937,44729,0.5588964223861694,7176,715776,-1.617614507675171,4.005056689493358e-05,0.001,-15.935524099999999,0.0002400293742539361
0.1,98.4,764,937,44776,0.7213367223739624,7180,716528,3.2133665084838867,2.9760716643068008e-05,0.001,-15.99012714,0.000233175975154154
0.1,98.4,764,937,44793,0.545060396194458,7184,716800,-1.0636365413665771,4.6344419388333336e-05,0.001,-15.86813781,0.00023513552150689065
0.1,98.4,765,937,44812,0.6670717000961304,7188,717104,-0.1283024549484253,4.1005900129675865e-05,0.001,-15.817491350000001,0.00023544876603409648
0.1,98.4,765,937,44829,0.6517660617828369,7192,717376,1.6629353761672974,3.7530386180151254e-05,0.001,-15.894128499999997,0.00023498799419030547
0.09,98.49,766,936,44876,0.7664095163345337,7196,718128,-0.5604382753372192,7.539844955317676e-05,0.001,-16.037323749999995,0.0002310520358150825
0.08,98.69,766,936,44893,0.6375299692153931,7200,718400,-0.922326922416687,3.891911546816118e-05,0.001,-16.014244890000004,0.00022888151579536498
0.06,99.02,766,937,44912,0.6291441917419434,7204,718704,1.2077852487564087,4.4015829189447686e-05,0.001,-16.03530786,0.0002279828768223524
0.06,99.02,767,937,44929,0.6147937178611755,7208,718976,-1.52418851852417,2.8794302124879323e-05,0.001,-16.04826446,0.0002278820174979046
0.06,99.02,768,936,44976,0.6474145650863647,7212,719728,3.684497117996216,3.6657733289757743e-05,0.001,-16.0343288,0.00022759359853807837
0.05,99.23,768,936,44993,0.7548852562904358,7216,720000,2.3160970211029053,3.833952723653056e-05,0.001,-15.99625534,0.00022948693367652595
0.05,99.23,768,936,45012,0.6666320562362671,7220,720304,-2.362276077270508,3.0349321605172008e-05,0.001,-16.00052906,0.00023139934637583792
0.04,99.47,769,936,45029,0.6524839401245117,7224,720576,-0.745959460735321,2.747833786997944e-05,0.001,-15.97890607,0.0002316532627446577
0.04,99.47,769,937,45076,0.712056040763855,7228,721328,-0.0047782063484191895,3.865835606120527e-05,0.001,-15.870158040000003,0.00023124998551793396
0.04,99.47,769,937,45093,0.7348048686981201,7232,721600,-3.6412811279296875,2.702372512430884e-05,0.001,-15.81930038,0.00023081639665178955
0.04,99.47,770,937,45112,0.6926902532577515,7236,721904,1.5729560852050781,4.0206774428952485e-05,0.001,-15.81721094,0.00022769562201574445
0.04,99.47,770,937,45129,0.8366662263870239,7240,722176,-0.5914198160171509,2.5320638087578118e-05,0.001,-15.736014950000001,0.00022484210785478354
0.05,99.14,771,937,45173,0.7714921832084656,7244,722880,-1.3436219692230225,2.310413219674956e-05,0.001,-15.740695639999998,0.0002252303238492459
0.05,99.14,771,937,45193,0.7095102071762085,7248,723200,1.9383552074432373,3.172668220940977e-05,0.001,-15.83159934,0.0002260208857478574
0.05,99.14,771,937,45212,0.7146165370941162,7252,723504,-2.881892204284668,3.159967309329659e-05,0.001,-15.911184870000001,0.0002280909538967535
0.05,99.14,771,937,45229,0.6613249778747559,7256,723776,0.9874100685119629,4.374830314191058e-05,0.001,-15.967669820000001,0.00022876607545185834
0.04,99.22,772,937,45273,0.6954058408737183,7260,724480,1.18863844871521,2.9659800929948688e-05,0.001,-15.934808390000002,0.00023361692728940398
0.03,99.4,772,937,45293,0.7492703795433044,7264,724800,3.1665468215942383,2.9863673262298107e-05,0.001,-15.990203760000002,0.00023872265592217445
0.01,99.67,773,937,45312,0.7585849165916443,7268,725104,-0.24269425868988037,3.402321817702614e-05,0.001,-16.07805353,0.00024324563855770975
0.01,99.67,773,937,45329,0.7189182043075562,7272,725376,0.23212987184524536,0.0001524774415884167,0.001,-15.956311539999996,0.00024350093735847622
0.02,99.4,773,938,45371,0.7378673553466797,7276,726048,-1.9203824996948242,3.161878703394905e-05,0.001,-15.892776119999999,0.0002463315613567829
0.04,99.1,774,938,45392,0.6917973756790161,7280,726384,2.852485179901123,2.4687651603017002e-05,0.001,-15.92347078,0.0002451901382301003
0.04,99.1,774,938,45412,0.7054903507232666,7284,726704,-3.250399112701416,3.060492963413708e-05,0.001,-16.01186728,0.0002461364201735705
0.05,99.06,774,938,45428,0.7560593485832214,7288,726960,-1.1510615348815918,3.981073678005487e-05,0.001,-16.03085254,0.00024245934037026018
0.07,98.63,774,938,45449,0.6741011142730713,7292,727296,-1.0804415941238403,3.211163857486099e-05,0.001,-15.926040200000003,0.0002409874286968261
0.08,98.51,775,938,45492,0.68474942445755,7296,727984,-0.7272803783416748,3.0076425900915638e-05,0.001,-15.843989110000003,0.00024055827816482633
0.08,98.51,775,938,45512,0.7306790351867676,7300,728304,-1.583675503730774,3.047250174859073e-05,0.001,-15.9213165,0.00023730716202408075
0.08,98.51,775,938,45528,0.7672162055969238,7304,728560,-1.0009238719940186,8.62943270476535e-05,0.001,-15.873551160000002,0.00023383894586004317
0.08,98.51,776,939,45549,0.7493860721588135,7308,728896,-2.2726311683654785,4.195680594420992e-05,0.001,-15.852799269999998,0.00022996564803179353
0.08,98.51,776,939,45592,0.7042806148529053,7312,729584,-1.0090415477752686,4.186283695162274e-05,0.001,-15.934630790000003,0.00023138699179980904
0.09,98.47,776,939,45612,0.6837579011917114,7316,729904,-1.3218963146209717,3.5258250136394054e-05,0.001,-15.852970440000002,0.0002338443009648472
0.1,98.46,777,939,45627,0.7238681316375732,7320,730144,1.3243052959442139,3.3312458981527016e-05,0.001,-15.901425650000004,0.0002361537335673347
0.11,98.37,777,939,45649,0.7402554750442505,7324,730496,2.21531081199646,2.5125635147560388e-05,0.001,-15.91489323,0.00023859702923800796
0.11,98.37,778,939,45692,0.7519544363021851,7328,731184,3.2989490032196045,3.6150417145108804e-05,0.001,-15.958836859999998,0.00023586158931721002
0.11,98.37,778,939,45712,0.790776252746582,7332,731504,-2.1639716625213623,3.284723061369732e-05,0.001,-15.94637533,0.00023615847749169916
0.11,98.37,778,939,45727,0.8091883659362793,7336,731744,2.3342971801757812,3.3526437619002536e-05,0.001,-15.95791011,0.00023487754515372217
0.11,98.37,778,940,45749,0.7275451421737671,7340,732096,0.7916544675827026,3.3355427149217576e-05,0.001,-15.9743371,0.0002369064895901829
0.1,98.7,779,940,45792,0.6497842073440552,7344,732784,-2.4012842178344727,2.998554555233568e-05,0.001,-16.10998553,0.0002379498619120568
0.1,98.7,779,940,45812,0.6434991955757141,7348,733104,-2.8432540893554688,2.6373661967227235e-05,0.001,-16.10842895,0.0002347796835238114
0.1,98.7,779,940,45827,0.7134228944778442,7352,733344,0.4076991677284241,2.1771031242678873e-05,0.001,-16.036725260000004,0.00023266952484846115
0.1,98.7,779,940,45849,0.7133908271789551,7356,733696,-1.2761279344558716,2.670784124347847e-05,0.001,-16.056588919999996,0.0002336915786145255
0.1,98.7,780,941,45892,0.7442846298217773,7360,734384,4.173294544219971,3.2178017136175185e-05,0.001,-16.01388511,0.0002360330690862611
0.1,98.7,780,940,45912,0.691459059715271,7364,734704,-0.33621716499328613,4.100953810848296e-05,0.001,-15.957424890000002,0.00024080548610072583
0.1,98.7,781,940,45927,0.7169301509857178,7368,734944,0.8942487835884094,2.886054789996706e-05,0.001,-15.99980009,0.0002421857207082212
0.1,98.7,781,941,45949,0.7510370016098022,7372,735296,-0.8465144634246826,3.442087472649291e-05,0.001,-15.994498020000002,0.0002428861043881625
0.09,98.97,782,941,45992,0.7690684795379639,7376,735984,-2.169633626937866,4.11680739489384e-05,0.001,-16.07675888,0.00023979530669748783
0.07,99.27,782,941,46012,0.7838560342788696,7380,736304,3.5245845317840576,3.5676501283887774e-05,0.001,-16.067722680000003,0.00023796189634595066
0.07,99.27,782,941,46027,0.6759620904922485,7384,736544,1.0839769840240479,3.0901112040737644e-05,0.001,-16.052261490000003,0.00023762807541061193
0.06,99.31,783,941,46049,0.6159894466400146,7388,736896,-2.739140033721924,5.527041503228247e-05,0.001,-16.11407195,0.00023661476734559983
0.03,99.86,783,941,46092,0.6240795254707336,7392,737584,-3.774064540863037,3.0738956411369145e-05,0.001,-16.170773960000002,0.00023620577121619135
0.03,99.86,784,941,46112,0.6287109851837158,7396,737904,-1.0038833618164062,2.6019948563771322e-05,0.001,-16.18807839,0.00023350132687482983
0.03,99.86,784,941,46127,0.620278000831604,7400,738144,-2.55202579498291,8.142359729390591e-05,0.001,-16.14327291,0.00023164354206528515
0.04,99.58,784,941,46148,0.709328293800354,7404,738480,-0.715718150138855,9.40100071602501e-05,0.001,-16.13810393,0.00023090575996320695
0.04,99.58,785,941,46192,0.7428821325302124,7408,739184,0.7854950428009033,2.578756721050013e-05,0.001,-16.16131019,0.00022495856683235615
0.04,99.58,785,941,46212,0.7247292995452881,7412,739504,0.3527541160583496,3.1885894713923335e-05,0.001,-16.11150288,0.00022486288798972964
0.03,99.62,786,941,46227,0.7481087446212769,7416,739744,1.3209043741226196,4.551748133962974e-05,0.001,-16.2471802,0.00022498067119158804
0.02,99.63,786,941,46248,0.7523630857467651,7420,740080,1.156105875968933,2.3476037313230336e-05,0.001,-16.26582616,0.00022712047211825848
0.01,99.72,787,941,46292,0.7107001543045044,7424,740784,-6.341411113739014,2.9797609386150725e-05,0.001,-16.17993794,0.0002277833700645715
0.01,99.72,787,941,46312,0.8656507730484009,7428,741104,2.842562437057495,2.4704022507648915e-05,0.001,-16.160962910000002,0.00022356347471941262
0.01,99.72,787,941,46327,0.7074198126792908,7432,741344,0.6662254333496094,2.6743800844997168e-05,0.001,-16.213803220000003,0.00022356775298248976
0.01,99.72,788,941,46348,0.7673792839050293,7436,741680,-1.44004225730896,5.540018537431024e-05,0.001,-16.242450379999998,0.00022193627955857664
0.01,99.72,788,941,46392,0.8143423795700073,7440,742384,0.8025261759757996,8.307816460728645e-05,0.001,-16.2584991,0.00022450527467299253
0.01,99.72,789,941,46412,0.829931914806366,7444,742704,-0.28396010398864746,6.990812107687816e-05,0.001,-16.11242592,0.00022564850223716348
0.01,99.72,789,941,46427,0.7685904502868652,7448,742944,2.308370351791382,0.0001042826334014535,0.001,-16.20932164,0.0002256119332741946
0.01,99.72,789,940,46448,0.7837019562721252,7452,743280,0.49479061365127563,5.7100693084066734e-05,0.001,-16.181743570000002,0.00022890596301294863
0.01,99.72,790,940,46492,0.8026983141899109,7456,743984,-2.968581199645996,2.6864556275540963e-05,0.001,-16.136683829999996,0.00023237592540681362
0.01,99.72,791,940,46512,0.8258447647094727,7460,744304,-2.4380977153778076,4.855632141698152e-05,0.001,-16.152726989999998,0.00023150286870077252
0.01,99.72,791,940,46527,0.7300472259521484,7464,744544,0.8905954957008362,5.473308920045383e-05,0.001,-16.177236769999997,0.00023083575069904327
0.01,99.72,791,940,46548,0.7900006771087646,7468,744880,-0.28865885734558105,2.177070564357564e-05,0.001,-16.18750068,0.0002295780141139403
0.01,99.72,792,940,46592,0.7121875882148743,7472,745584,0.32417336106300354,8.12189100543037e-05,0.001,-16.143858180000002,0.00023052205506246537
0.02,99.51,792,940,46612,0.7592613101005554,7476,745904,1.3847591876983643,2.5777579139685258e-05,0.001,-16.06748014,0.00023122264246921986
0.02,99.51,793,940,46625,0.7830438017845154,7480,746112,-3.844809055328369,2.377530836383812e-05,0.001,-16.09698933,0.0002313538861926645
0.02,99.51,793,940,46648,0.7507859468460083,7484,746480,1.3233940601348877,7.939981151139364e-05,0.001,-16.079552279999998,0.0002302019711351022
0.02,99.51,794,940,46692,0.7881777286529541,7488,747184,2.2163987159729004,2.0315068468335085e-05,0.001,-16.00407734,0.00022897036978974938
0.02,99.51,794,940,46712,0.7682498693466187,7492,747504,1.4043538570404053,0.00011335910676280037,0.001,-16.00420024,0.0002304985246155411
0.02,99.51,794,940,46725,0.8043205142021179,7496,747712,-0.5692911744117737,2.8920483600813895e-05,0.001,-16.026280540000002,0.00023149116896092892
0.02,99.51,795,940,46748,0.7686883211135864,7500,748080,3.8609743118286133,3.555979856173508e-05,0.001,-16.0273427,0.00023232295643538237
0.01,99.79,796,940,46792,0.8504905700683594,7504,748784,1.5963242053985596,4.015338345197961e-05,0.001,-16.02296969,0.00023641040024813265
0.01,99.79,796,940,46812,0.7853966951370239,7508,749104,5.775599479675293,5.924986180616543e-05,0.001,-16.045882870000003,0.0002355909236939624
0.01,99.79,796,940,46825,0.7356241345405579,7512,749312,-1.452518343925476,2.2034324501873925e-05,0.001,-16.102544370000004,0.0002366547123529017
0.01,99.79,797,940,46848,0.8029946088790894,7516,749680,-0.24825552105903625,3.7363603041740134e-05,0.001,-16.053995959999998,0.0002357734483666718
0.01,99.79,797,940,46892,0.7685012817382812,7520,750384,-2.45263671875,4.0766492020338774e-05,0.001,-16.11707374,0.0002311822900082916
0.01,99.79,798,940,46912,0.8500002026557922,7524,750704,4.62013578414917,3.423101588850841e-05,0.001,-16.052237990000002,0.00022983715462032706
0.01,99.79,798,940,46925,0.9179162979125977,7528,750912,3.039834499359131,3.7166522815823555e-05,0.001,-16.085716520000002,0.00023308083473239094
0.01,99.79,798,940,46948,0.8108046650886536,7532,751280,-0.48776817321777344,3.611759893829003e-05,0.001,-16.04208975,0.00023682109895162284
0.02,99.51,799,940,46984,0.725975513458252,7536,751856,-0.10167789459228516,0.00012268274440430105,0.001,-16.04815803,0.00023164421145338565
0.02,99.51,799,940,47006,0.7511957883834839,7540,752208,-1.2131705284118652,2.4172692064894363e-05,0.001,-15.993815010000002,0.00023228286590892822
0.02,99.51,800,940,47025,0.7830879092216492,7544,752512,0.47936737537384033,4.135822018724866e-05,0.001,-16.10997509,0.0002315152232768014
0.03,99.48,800,940,47046,0.8022798299789429,7548,752848,1.5612661838531494,3.623695010901429e-05,0.001,-16.07551463,0.0002293252618983388
0.04,99.47,801,940,47083,0.8374003171920776,7552,753440,-2.9025001525878906,3.320998803246766e-05,0.001,-16.171461030000003,0.0002253712882520631
0.06,99.15,801,940,47092,0.7879431247711182,7556,753584,-2.15335750579834,2.5989636924350634e-05,0.001,-16.156263949999996,0.00022403795446734875
0.06,99.15,802,940,47125,0.7975313067436218,7560,754112,1.6621960401535034,2.741637399594765e-05,0.001,-16.14958868,0.00021989058586768806
0.06,99.15,802,940,47146,0.8427950143814087,7564,754448,0.23173613846302032,3.174777521053329e-05,0.001,-16.122756340000002,0.00022173761681187898
0.07,98.87,802,940,47171,0.8140677213668823,7568,754848,-3.221134662628174,3.387399920029566e-05,0.001,-16.15356771,0.0002209580416092649
0.07,98.87,803,940,47192,0.743640661239624,7572,755184,-0.2625313997268677,3.541677142493427e-05,0.001,-16.23922477,0.00021914216631557792
0.06,99.08,803,940,47225,0.8112635016441345,7576,755712,-0.6619760990142822,3.50141417584382e-05,0.001,-16.37531644,0.00021613368880935013
0.06,99.08,804,940,47246,0.7891045808792114,7580,756048,-1.390037178993225,4.807824734598398e-05,0.001,-16.391193209999997,0.00021865556482225657
0.07,98.85,804,940,47264,0.747610330581665,7584,756336,-2.0404958724975586,4.933221498504281e-05,0.001,-16.43532761,0.00021858092804905027
0.08,98.78,805,940,47292,0.7959628105163574,7588,756784,0.26228028535842896,4.799929592991248e-05,0.001,-16.46662204,0.0002185394405387342
0.1,98.58,805,940,47316,0.8010810613632202,7592,757168,-0.13403257727622986,4.2173152905888855e-05,0.001,-16.51307267,0.00021786293655168265
0.12,98.3,805,940,47342,0.8128446340560913,7596,757584,0.12666571140289307,2.6567804525257088e-05,0.001,-16.48977975,0.0002178180729970336
0.12,98.3,806,940,47364,0.8391784429550171,7600,757936,0.9246376752853394,2.6201118089375086e-05,0.001,-16.53565197,0.00021884498710278422
0.14,98.15,806,940,47391,0.8379241824150085,7604,758368,2.408895969390869,3.1514013244304806e-05,0.001,-16.52697752,0.00021830781770404428
0.15,98.08,807,940,47416,0.9121192693710327,7608,758768,2.938039779663086,2.4463559384457767e-05,0.001,-16.535026089999995,0.00021776987705379725
0.15,98.08,807,940,47442,0.8552879095077515,7612,759184,0.07127833366394043,3.452567761996761e-05,0.001,-16.47093461,0.0002180681040044874
0.15,98.08,807,940,47464,0.8740598559379578,7616,759536,1.5031640529632568,4.215489389025606e-05,0.001,-16.470528859999998,0.00021674262825399637
0.16,98.0,808,939,47483,0.7854675650596619,7620,759840,-1.3188698291778564,2.483189746271819e-05,0.001,-16.4427996,0.00021780768292956054
0.2,97.34,808,939,47507,0.7904067039489746,7624,760224,-1.135147213935852,2.3123095161281526e-05,0.001,-16.51684516,0.00021759819355793297
0.22,97.27,809,939,47539,0.8721513748168945,7628,760736,0.2402362823486328,4.717331103165634e-05,0.001,-16.514839419999998,0.00021577946608886123
0.26,96.87,809,939,47550,0.8923863768577576,7632,760912,0.3957887589931488,3.429580829106271e-05,0.001,-16.47172175,0.00021566919167526066
0.29,96.75,810,939,47580,0.8003557324409485,7636,761392,-3.5465705394744873,4.340962914284319e-05,0.001,-16.497814679999998,0.0002194125554524362
0.3,96.57,810,939,47607,0.8009077310562134,7640,761824,-0.920555055141449,5.562551450566389e-05,0.001,-16.490904690000004,0.00021865098096895963
0.3,96.57,810,940,47639,0.9067535996437073,7644,762336,-0.9206080436706543,3.156733146170154e-05,0.001,-16.43206684,0.00021719039068557322
0.3,96.42,811,940,47645,0.8000146150588989,7648,762432,2.0876665115356445,4.7760051529621705e-05,0.001,-16.396492780000003,0.00021729189029429108
0.32,95.95,811,940,47664,0.8415569067001343,7652,762736,1.2947523593902588,3.570015178411268e-05,0.001,-16.28943565,0.00021838360407855362
0.33,95.94,811,940,47698,0.8200390338897705,7656,763280,-0.3628120422363281,2.5123521481873468e-05,0.001,-16.395748750000003,0.0002170707011828199
0.33,95.94,812,940,47739,0.841675877571106,7660,763936,0.5689644813537598,2.428693915135227e-05,0.001,-16.404958730000004,0.00021494108659680933
0.33,95.94,812,940,47745,0.8391680121421814,7664,764032,-2.551480293273926,3.307710721855983e-05,0.001,-16.35566756,0.00021485296019818634
0.33,96.09,813,940,47761,0.8720524907112122,7668,764288,-1.0505943298339844,1.8383470887783915e-05,0.001,-16.44761723,0.00021449345513246953
0.35,95.92,813,939,47798,0.8735276460647583,7672,764880,5.589092254638672,3.8375845178961754e-05,0.001,-16.434507139999997,0.00021674034360330552
0.38,95.47,814,939,47831,0.9513188004493713,7676,765408,0.3996231257915497,4.713196540251374e-05,0.001,-16.26343782,0.00021654964075423777
0.4,95.29,814,939,47839,0.7873575091362,7680,765536,0.39855968952178955,2.2601569071412086e-05,0.001,-16.29077616,0.0002163923199987039
0.42,94.98,814,939,47847,0.820001482963562,7684,765664,3.1721115112304688,2.279432192153763e-05,0.001,-16.24511002,0.00021678314078599215
0.43,94.95,815,939,47898,0.8137154579162598,7688,766480,-0.9130592346191406,2.9111859475960955e-05,0.001,-16.19463291,0.00021489968639798462
0.43,94.87,816,939,47927,0.7262389659881592,7692,766944,1.699392557144165,5.783781671198085e-05,0.001,-16.22294979,0.00021362931875046343
0.41,95.15,816,939,47939,0.8152456283569336,7696,767136,-0.5506610870361328,2.5760229618754238e-05,0.001,-16.31188238,0.00021500134607777
0.42,94.99,816,939,47945,0.8186442852020264,7700,767232,0.6880487203598022,3.102308983216062e-05,0.001,-16.302702949999997,0.00021574962011072785
0.41,95.06,817,939,47993,0.8478100299835205,7704,768000,-1.3930124044418335,2.793618114083074e-05,0.001,-16.295641659999998,0.00021848235337529331
0.43,94.73,817,939,48024,0.959030032157898,7708,768496,1.7431204319000244,3.320911491755396e-05,0.001,-16.24894531,0.00021684392413590103
0.43,94.73,818,939,48039,0.8225871920585632,7712,768736,0.2542027235031128,1.9985938706668094e-05,0.001,-16.25836569,0.00021924586326349527
0.44,94.71,818,939,48045,0.7996821403503418,7716,768832,0.05644631385803223,5.3092604503035545e-05,0.001,-16.19647638,0.00021982286125421524
0.44,94.61,818,939,48080,0.7236601114273071,7720,769392,-2.5287649631500244,2.332364601898007e-05,0.001,-16.180638150000004,0.00021921178267803043
0.42,95.0,819,940,48120,0.8396807909011841,7724,770032,-1.9374744892120361,5.0747414206853136e-05,0.001,-16.19899524,0.00022486761736217886
0.43,94.68,819,940,48127,0.9375056624412537,7728,770144,0.583371639251709,2.202947871410288e-05,0.001,-16.200796460000003,0.00022558610362466425
0.41,94.77,819,939,48142,0.7974551916122437,7732,770384,-1.3098788261413574,2.7102312742499635e-05,0.001,-16.24146128,0.00022525245731230825
0.39,95.06,820,939,48174,0.8425402641296387,7736,770896,-1.9872270822525024,2.390231929894071e-05,0.001,-16.25622786,0.00022127795091364533
0.4,94.73,820,939,48202,0.8917967677116394,7740,771344,0.3492255210876465,2.28938260988798e-05,0.001,-16.27940802,0.00021649946575053036
0.41,94.53,821,939,48223,0.9320446252822876,7744,771680,-0.7554455995559692,3.876482151099481e-05,0.001,-16.30246197,0.00021407574240583926
0.41,94.61,821,939,48237,0.8961647748947144,7748,771904,1.778870701789856,3.10471368720755e-05,0.001,-16.31173797,0.00021451371139846742
0.4,94.8,821,939,48254,0.8120510578155518,7752,772176,-1.1338856220245361,3.0341645469889045e-05,0.001,-16.37507183,0.0002150148939108476
0.4,94.79,822,939,48296,0.9907515048980713,7756,772848,-0.507548987865448,4.2136940464843065e-05,0.001,-16.27562166,0.000217157241422683
0.42,94.45,822,939,48322,0.8106962442398071,7760,773264,4.182288646697998,3.192670556018129e-05,0.001,-16.34876826,0.0002151406224584207
0.42,94.45,822,939,48330,0.9227691888809204,7764,773392,3.339515209197998,2.7045523893320933e-05,0.001,-16.35538171,0.00021587166702374816
0.41,94.58,823,939,48354,0.9001703858375549,7768,773776,-0.43209975957870483,3.509804810164496e-05,0.001,-16.31498076,0.00021820582333020866
0.39,94.75,824,939,48396,0.8678271770477295,7772,774448,-2.5567917823791504,5.071582199889235e-05,0.001,-16.30277578,0.00021730351727455854
0.38,95.0,824,939,48420,0.9018447399139404,7776,774832,1.1101125478744507,3.450698568485677e-05,0.001,-16.3002404,0.00021606280643027276
0.38,94.99,824,939,48424,0.8376590013504028,7780,774896,-0.9512704014778137,2.7901691282750107e-05,0.001,-16.21063173,0.00021582988847512752
0.36,95.33,825,939,48449,0.9572697281837463,7784,775296,1.3055473566055298,2.6609144697431475e-05,0.001,-16.13609095,0.00021487960475496948
0.37,94.67,825,939,48481,0.9278034567832947,7788,775808,4.453071594238281,3.143877984257415e-05,0.001,-16.08026192,0.0002157763810828328
0.38,94.28,826,939,48500,0.8814386129379272,7792,776112,-1.340669870376587,3.08525595755782e-05,0.001,-15.978289710000002,0.00021581239707302302
0.42,93.62,826,939,48508,0.8253064751625061,7796,776240,-2.9298713207244873,2.013271296164021e-05,0.001,-15.89702319,0.00021567576914094388
0.45,93.05,826,939,48526,1.0543813705444336,7800,776528,1.2102394104003906,4.366553184809163e-05,0.001,-15.84177427,0.00021499952708836645
0.47,92.6,827,939,48574,0.7017014026641846,7804,777296,-6.183071136474609,2.182794560212642e-05,0.001,-15.724404220000002,0.00021333065524231642
0.48,92.56,827,939,48595,0.8833053112030029,7808,777632,-0.4126940071582794,4.9536229198565707e-05,0.001,-15.677049740000003,0.00021178560564294457
0.48,92.56,827,939,48607,0.9268761277198792,7812,777824,-0.14558124542236328,3.3409316529287025e-05,0.001,-15.731478069999998,0.00021192844724282622
0.49,92.43,827,939,48624,0.9160419702529907,7816,778096,-0.4449816644191742,2.377523560426198e-05,0.001,-15.846727289999999,0.0002123615995515138
0.51,92.25,828,939,48661,0.9400315880775452,7820,778688,-1.433974027633667,3.253142858739011e-05,0.001,-15.912276910000001,0.0002135618997272104
0.53,91.91,828,939,48677,0.9360976219177246,7824,778944,2.7537927627563477,2.9705886845476925e-05,0.001,-15.832128839999998,0.00021329158334992826
0.54,91.95,829,939,48701,0.8502799868583679,7828,779328,0.6034625172615051,3.726120849023573e-05,0.001,-15.96757134,0.00021449182531796396
0.56,91.92,829,939,48705,0.8825023174285889,7832,779392,-0.9405565857887268,2.19602861761814e-05,0.001,-16.026595190000002,0.00021464243764057755
0.59,91.25,829,939,48743,0.8786567449569702,7836,780000,2.7703981399536133,2.735998532443773e-05,0.001,-15.919395239999998,0.0002127418847521767
0.6,91.31,830,939,48761,0.9176867008209229,7840,780288,0.9592339992523193,1.873008113761898e-05,0.001,-15.981041110000003,0.00021598904277198017
0.63,90.86,830,939,48789,0.9446428418159485,7844,780736,1.9033318758010864,1.564879494253546e-05,0.001,-15.965677870000004,0.00021689005370717496
0.64,90.59,830,939,48805,0.9529445171356201,7848,780992,0.9822300672531128,2.9154929507058114e-05,0.001,-15.89770909,0.0002173745888285339
0.65,90.05,831,940,48819,0.9092906713485718,7852,781216,0.21871724724769592,2.6420046197017655e-05,0.001,-15.86871849,0.00021892368386033922
0.66,89.56,831,940,48842,0.8495801687240601,7856,781584,-2.312771797180176,2.6524367058300413e-05,0.001,-15.771537599999998,0.000217715059989132
0.68,88.89,831,940,48863,0.7883452773094177,7860,781920,0.16848385334014893,4.9379756092093885e-05,0.001,-15.560548459999998,0.00021460230345837772
0.71,88.2,832,940,48885,0.9218873977661133,7864,782272,-0.30876651406288147,3.682098395074718e-05,0.001,-15.542926079999999,0.0002136191469617188
0.75,87.46,832,940,48908,1.0094425678253174,7868,782640,-0.9821352362632751,3.401059075258672e-05,0.001,-15.49743598,0.00021316898346412927
0.79,86.91,832,939,48918,0.9227372407913208,7872,782800,-0.49333828687667847,3.30621624016203e-05,0.001,-15.58214622,0.0002128376654582098
0.81,86.18,833,939,48942,0.9260808229446411,7876,783184,0.9676566123962402,3.3707307011354715e-05,0.001,-15.57503663,0.0002102074067806825
0.83,85.5,833,939,48962,0.9677087068557739,7880,783504,1.6676476001739502,2.939026126114186e-05,0.001,-15.535893449999998,0.00021011380886193365
0.85,85.3,834,939,48991,0.9027875661849976,7884,783968,0.3655167818069458,0.00012202723883092403,0.001,-15.570423389999998,0.00021222980285529047
0.86,85.38,834,939,48999,0.920783519744873,7888,784096,-0.3070951998233795,4.067696136189625e-05,0.001,-15.66247882,0.00021287357958499342
0.87,85.11,834,939,49022,0.9490962624549866,7892,784464,1.9828217029571533,5.807873094454408e-05,0.001,-15.64426501,0.00021471020590979606
0.87,84.94,835,939,49047,0.8847852945327759,7896,784864,-1.765098214149475,3.174294397467747e-05,0.001,-15.60753115,0.00021689728600904346
0.86,84.97,835,939,49074,0.9559677839279175,7900,785296,-1.484441876411438,2.4730101358727552e-05,0.001,-15.5289072,0.00021494785323739052
0.87,84.72,835,939,49081,0.9918252229690552,7904,785408,3.7995944023132324,2.308621878910344e-05,0.001,-15.551385760000002,0.00021455729438457638
0.88,84.18,836,939,49105,0.9481028318405151,7908,785792,3.3311076164245605,3.842907608486712e-05,0.001,-15.550143560000004,0.00021714440663345158
0.91,83.63,836,939,49132,0.9055585861206055,7912,786224,-0.44344091415405273,1.76280336745549e-05,0.001,-15.52080494,0.00021760296658612788
0.93,82.85,836,939,49150,0.8211116194725037,7916,786512,-4.557473182678223,1.942123162734788e-05,0.001,-15.39005476,0.00021612504497170448
0.94,82.48,837,939,49165,0.9269267320632935,7920,786752,4.13915491104126,2.333418706257362e-05,0.001,-15.36077497,0.00021582329645752907
0.94,82.46,837,939,49183,0.9478851556777954,7924,787040,1.7595564126968384,4.433693902683444e-05,0.001,-15.35901852,0.00021650690177921206
0.94,82.03,837,939,49211,0.8282715082168579,7928,787488,0.7617260217666626,3.3453685318818316e-05,0.001,-15.24975127,0.0002186086494475603
0.94,81.63,838,939,49227,0.9255086779594421,7932,787744,1.1290072202682495,4.710385837825015e-05,0.001,-15.140726000000003,0.0002192939427914098
0.94,81.51,838,939,49241,0.8195289373397827,7936,787968,0.3863241672515869,3.766884037759155e-05,0.001,-15.192018830000002,0.00022074594744481146
0.94,80.97,838,939,49260,0.832413911819458,7940,788272,-3.3369908332824707,2.715180380619131e-05,0.001,-15.021083879999999,0.00022089800040703267
0.94,80.74,839,939,49291,0.8505712747573853,7944,788768,0.2088327407836914,2.5848274162854068e-05,0.001,-14.99781267,0.00021924334578216076
0.96,80.1,839,939,49308,0.9595592021942139,7948,789040,-2.4791204929351807,2.187373502238188e-05,0.001,-15.000593430000004,0.00022064450604375452
0.97,79.89,839,939,49325,0.8565396070480347,7952,789312,0.6137562990188599,2.1469630155479535e-05,0.001,-15.027148060000002,0.0002196011773776263
0.96,80.47,840,939,49343,0.8839685916900635,7956,789600,-0.7703583240509033,3.5100849345326424e-05,0.001,-15.19044437,0.0002207688958151266
0.97,80.67,840,939,49371,0.9542183876037598,7960,790048,1.2681384086608887,2.6137264285353012e-05,0.001,-15.257551209999999,0.00022002673358656466
0.97,80.53,841,939,49386,0.8362454175949097,7964,790288,1.0344302654266357,1.762261672411114e-05,0.001,-15.243729200000002,0.0002200875896960497
0.97,80.45,841,939,49410,0.9210598468780518,7968,790672,4.713733196258545,7.316596747841686e-05,0.001,-15.24381886,0.00022177695063874125
0.97,80.28,841,939,49425,0.9711731672286987,7972,790912,3.206859827041626,4.812292900169268e-05,0.001,-15.200122210000002,0.0002257432061014697
0.97,80.43,842,939,49447,0.8904670476913452,7976,791264,0.8983094692230225,3.6581026506610215e-05,0.001,-15.289633879999998,0.00023094541393220425
0.97,80.37,842,939,49462,1.0081706047058105,7980,791504,-1.5117990970611572,3.313997513032518e-05,0.001,-15.27573266,0.0002324096130905673
0.98,79.79,842,939,49480,0.7341467142105103,7984,791792,-1.7961801290512085,4.184942372376099e-05,0.001,-15.29742927,0.00023155608505476266
0.98,79.64,843,939,49506,0.9313341975212097,7988,792208,-2.0832512378692627,4.2939991544699296e-05,0.001,-15.26602912,0.00022838503355160356
0.98,79.75,843,939,49526,1.0385699272155762,7992,792528,1.943323016166687,2.337637124583125e-05,0.001,-15.294736549999998,0.00022595818154513836
0.97,80.02,843,939,49544,1.0051636695861816,7996,792816,-2.2371344566345215,2.135293834726326e-05,0.001,-15.33318757,0.00022632327454630286
0.98,79.93,844,939,49562,1.031169056892395,8000,793104,1.4598667621612549,3.0005830922164023e-05,0.001,-15.36130036,0.00022392731625586748
0.97,79.99,844,939,49581,0.9116716384887695,8004,793408,2.830580711364746,4.548302240436897e-05,0.001,-15.44901968,0.0002220656315330416
0.97,80.0,845,939,49609,0.8355125784873962,8008,793856,1.256420373916626,2.482095078448765e-05,0.001,-15.484909280000002,0.00022534377058036625
0.97,79.75,845,939,49622,0.8888739347457886,8012,794064,-3.246063232421875,2.5610621378291398e-05,0.001,-15.471533259999996,0.0002282269560964778
0.97,79.8,845,939,49643,0.9380873441696167,8016,794400,-0.17516827583312988,1.527403037471231e-05,0.001,-15.49166435,0.00022906383674126118
0.97,79.79,845,939,49660,0.8883687257766724,8020,794672,-3.0952160358428955,4.100411752006039e-05,0.001,-15.52662197,0.00022814991825725883
0.97,79.5,846,939,49683,0.8704677224159241,8024,795040,-3.8637657165527344,2.4204397050198168e-05,0.001,-15.521521660000001,0.00022341344447340816
0.97,79.65,846,939,49705,0.9400324821472168,8028,795392,2.1057305335998535,4.6880257286829874e-05,0.001,-15.58230493,0.0002216033753938973
0.97,79.47,847,939,49718,0.8181353807449341,8032,795600,-0.607783317565918,2.1329844457795843e-05,0.001,-15.57574787,0.0002232896804343909
0.97,79.46,847,939,49742,0.9346240162849426,8036,795984,-1.328791856765747,3.603493678383529e-05,0.001,-15.57506258,0.0002237533190054819
0.97,79.43,847,939,49755,0.9763201475143433,8040,796192,-0.07804074883460999,7.256637763930485e-05,0.001,-15.58902473,0.0002230170794064179
0.97,79.17,848,939,49778,0.8308759331703186,8044,796560,-0.12435168027877808,4.951590017299168e-05,0.001,-15.51159446,0.000224510848056525
0.97,79.29,848,939,49802,1.0000669956207275,8048,796944,0.35782015323638916,2.704325925151352e-05,0.001,-15.547536719999998,0.00022742219152860343
0.97,79.02,848,939,49812,1.0334928035736084,8052,797104,0.8517851233482361,5.491042247740552e-05,0.001,-15.456185840000003,0.00022728927433490753
0.98,78.51,849,939,49832,1.082417368888855,8056,797424,0.9373358488082886,3.7723075365647674e-05,0.001,-15.373578760000003,0.00022771301155444235
0.98,78.28,849,939,49859,0.9149125218391418,8060,797856,2.7022836208343506,1.8766118955682032e-05,0.001,-15.40893846,0.00023118031094782054
0.98,78.52,850,939,49880,0.9290542602539062,8064,798192,-2.074097156524658,2.3597614926984534e-05,0.001,-15.501072370000001,0.0002333016600459814
0.98,78.32,850,939,49893,1.0566123723983765,8068,798400,3.273451089859009,4.297048144508153e-05,0.001,-15.451637530000001,0.00023285509087145329
0.98,78.17,850,939,49910,0.8955377340316772,8072,798672,-0.11357975006103516,3.3352112950524315e-05,0.001,-15.410205509999999,0.00023475840862374753
0.98,78.02,850,939,49934,0.9168804883956909,8076,799056,-0.5138117671012878,5.9834848798345774e-05,0.001,-15.383178780000001,0.0002322361251572147
0.98,77.96,851,939,49947,0.9528692960739136,8080,799264,0.3858945965766907,0.00010440719779580832,0.001,-15.380906099999997,0.00023289640375878662
0.98,77.82,851,938,49966,0.9849863052368164,8084,799568,2.1367876529693604,3.901749732904136e-05,0.001,-15.350156369999997,0.00023522679111920297
0.98,77.61,851,938,49987,0.990661084651947,8088,799904,0.7720904350280762,3.889678919222206e-05,0.001,-15.28258964,0.00023542091366834939
0.98,77.48,852,938,50015,1.0117278099060059,8092,800352,2.496884822845459,4.9646649131318554e-05,0.001,-15.244082049999998,0.00023347593378275633
0.99,77.16,852,938,50025,1.03913414478302,8096,800512,3.0654139518737793,2.5230627215933055e-05,0.001,-15.259871069999997,0.0002339161146664992
0.99,77.14,852,938,50038,0.8568602800369263,8100,800720,-0.9099671840667725,2.2337610062095337e-05,0.001,-15.252159049999998,0.00023446821433026344
1.0,76.84,853,938,50059,0.9531593322753906,8104,801056,-0.176706463098526,2.3670663722441532e-05,0.001,-15.21999182,0.00023619226703885943
1.0,76.78,853,938,50084,0.8948228359222412,8108,801456,-1.8109551668167114,3.7311914638848975e-05,0.001,-15.17557433,0.00023391075956169516
1.0,76.59,854,938,50105,0.973891019821167,8112,801792,1.9048799276351929,5.341488940757699e-05,0.001,-15.114312959999998,0.00023283844348043203
1.0,76.33,854,938,50116,0.9783478379249573,8116,801968,-0.38241854310035706,2.3925575078465044e-05,0.001,-15.029893079999999,0.0002324209053767845
1.0,75.97,854,938,50127,0.9894051551818848,8120,802144,1.0060616731643677,3.23285858030431e-05,0.001,-14.934041479999996,0.00023208359198179096
1.0,75.66,855,938,50160,0.9901860952377319,8124,802672,1.4728083610534668,4.4114251068094745e-05,0.001,-14.830395689999998,0.00023189131752587855
1.0,75.47,855,938,50180,0.9300316572189331,8128,802992,0.8699830174446106,3.338434180477634e-05,0.001,-14.76967584,0.0002313443983439356
1.0,75.44,855,938,50195,0.981908917427063,8132,803232,-0.7123700380325317,5.220645834924653e-05,0.001,-14.787698260000003,0.00022959968191571534
1.0,75.59,855,938,50207,0.8999800086021423,8136,803424,0.14406818151474,2.7250647690379992e-05,0.001,-14.861946479999999,0.00022747358889319003
1.0,75.87,856,938,50245,0.9450099468231201,8140,804032,-0.5666795969009399,4.49431172455661e-05,0.001,-14.971207300000001,0.00022965355310589075
0.99,76.29,856,939,50259,0.9248284101486206,8144,804256,-1.0951309204101562,2.532123471610248e-05,0.001,-14.939631160000001,0.00022986061230767518
0.99,76.32,856,939,50277,0.9648542404174805,8148,804544,3.6058716773986816,2.7984227926936e-05,0.001,-14.936149719999998,0.00023383581719826907
0.99,76.48,856,939,50287,0.9353721141815186,8152,804704,-0.9108383655548096,2.9698632715735584e-05,0.001,-14.95449034,0.00023554264043923467
0.98,76.63,857,939,50325,1.0587847232818604,8156,805312,0.2607746124267578,2.6054154659505002e-05,0.001,-14.938514210000001,0.00023631617659702897
0.97,76.97,858,938,50350,0.9114563465118408,8160,805712,-0.4890120327472687,2.1929214199190028e-05,0.001,-14.94213682,0.00024062000738922507
0.96,77.34,858,938,50362,0.997671365737915,8164,805904,1.7715599536895752,3.9964586903806776e-05,0.001,-14.878452620000001,0.0002414187474641949
0.96,77.69,858,938,50371,0.9451601505279541,8168,806048,-0.147785484790802,2.0929492166033015e-05,0.001,-14.999217149999998,0.00024233173462562263
0.96,77.69,858,939,50397,1.0228275060653687,8172,806464,1.2718031406402588,3.939228190574795e-05,0.001,-15.01745021,0.00024355968344025314
0.96,77.83,859,939,50430,0.9549246430397034,8176,806992,0.05022051930427551,5.7234206906287e-05,0.001,-14.9601333,0.00024460136773996055
0.96,77.79,859,939,50433,0.8622996807098389,8180,807040,-1.2096266746520996,4.3048934458056465e-05,0.001,-14.944852800000001,0.0002444257843308151
0.96,77.97,859,939,50445,0.9604375958442688,8184,807232,1.1398563385009766,4.1573508497094736e-05,0.001,-14.981730359999998,0.00024399631365668029
0.96,78.55,860,939,50487,0.9596086740493774,8188,807904,-2.459939479827881,2.4304476028191857e-05,0.001,-15.21397063,0.00024766690330579877
0.96,78.41,860,939,50507,0.9719254970550537,8192,808224,1.036144495010376,5.648379010381177e-05,0.001,-15.167455670000002,0.00024921074509620667
0.96,78.34,860,939,50513,1.0335395336151123,8196,808320,-0.2730565369129181,3.8601679989369586e-05,0.001,-15.123323029999996,0.0002494582731742412
0.95,78.57,861,939,50538,1.0282058715820312,8200,808720,0.9003230333328247,3.236325574107468e-05,0.001,-15.207284849999999,0.0002510530175641179
0.94,78.98,861,939,50559,1.071459174156189,8204,809056,1.5037360191345215,2.962888902402483e-05,0.001,-15.28350036,0.0002508510369807482
0.94,78.8,861,939,50581,1.0884298086166382,8208,809408,1.6308341026306152,3.231993468943983e-05,0.001,-15.23256308,0.0002503283612895757
0.94,79.11,861,939,50591,0.9969555735588074,8212,809568,1.1556802988052368,3.3783624530769885e-05,0.001,-15.355622890000001,0.00024996744468808174
0.94,79.13,862,939,50612,0.9254171848297119,8216,809904,-1.3093490600585938,4.222889765514992e-05,0.001,-15.364771199999996,0.00024806143483147025
0.94,79.32,862,939,50636,1.084001064300537,8220,810288,3.3775126934051514,3.418436608626507e-05,0.001,-15.424497969999997,0.0002477536036167294
0.94,79.35,863,939,50657,0.8755896091461182,8224,810624,-4.177971839904785,3.688834476633929e-05,0.001,-15.44062987,0.00024910311913117766
0.94,79.7,863,939,50673,1.0202910900115967,8228,810880,3.3915507793426514,2.800848778861109e-05,0.001,-15.528301800000001,0.0002488488098606467
0.94,79.78,863,939,50686,0.8464407920837402,8232,811088,-3.3316354751586914,3.2302821637131274e-05,0.001,-15.559935860000001,0.000249832053668797
0.94,79.47,864,939,50717,0.9223363399505615,8236,811584,-1.5697021484375,2.5372701202286407e-05,0.001,-15.43380975,0.00025057487073354423
0.94,79.38,864,939,50735,0.9764837622642517,8240,811872,1.9480053186416626,2.716530616453383e-05,0.001,-15.396749820000002,0.0002503904397599399
0.95,79.09,864,939,50745,1.0233142375946045,8244,812032,3.538841485977173,2.9519116651499644e-05,0.001,-15.473895080000002,0.00025107263354584575
0.94,79.46,865,939,50779,1.0062600374221802,8248,812576,0.46666210889816284,4.735080437967554e-05,0.001,-15.49932499,0.0002535800449550152
0.93,79.9,865,939,50805,0.9902254343032837,8252,812992,-1.822357416152954,4.5234020944917575e-05,0.001,-15.5060743,0.00025516905589029193
0.93,80.22,865,939,50818,0.970635175704956,8256,813200,-2.42832612991333,4.186571459285915e-05,0.001,-15.580182920000002,0.0002539498673286289
0.94,79.98,865,939,50825,0.9970164895057678,8260,813312,1.794724464416504,4.365041240816936e-05,0.001,-15.597245750000004,0.00025317241670563817
0.94,79.82,866,939,50858,1.0426002740859985,8264,813840,-0.273101270198822,2.5718236429383978e-05,0.001,-15.623618069999996,0.00025613963953219354
0.93,79.44,866,939,50882,1.0178135633468628,8268,814224,-1.4956563711166382,6.33674644632265e-05,0.001,-15.40101565,0.0002568485215306282
0.92,79.42,867,939,50903,0.9904874563217163,8272,814560,0.8060732483863831,3.378952533239499e-05,0.001,-15.32877356,0.00025584790273569524
0.9,79.96,867,939,50908,0.9951644539833069,8276,814640,-0.0791890025138855,4.116143463761546e-05,0.001,-15.493936759999995,0.0002561970613896847
0.89,80.16,867,939,50932,1.0641604661941528,8280,815024,1.1915096044540405,4.595065183821134e-05,0.001,-15.515673779999997,0.00025642020045779645
0.89,80.05,868,939,50966,0.8675408363342285,8284,815568,-1.3596906661987305,2.3956268705660477e-05,0.001,-15.525773019999999,0.0002554361417423934
0.89,79.59,868,939,50979,1.0416744947433472,8288,815776,0.5183744430541992,3.668391582323238e-05,0.001,-15.33256174,0.00025495668523944914
0.89,79.8,868,939,50987,0.923822820186615,8292,815904,0.523820698261261,1.9568524294300005e-05,0.001,-15.422961070000001,0.0002554880047682673
0.89,79.68,869,939,51011,0.986131489276886,8296,816288,2.474475145339966,2.1956922864774242e-05,0.001,-15.394256739999998,0.0002589020295999944
0.9,79.47,869,939,51047,1.116543173789978,8300,816864,2.6469006538391113,4.0067050576908514e-05,0.001,-15.361125650000002,0.00026370244449935853
0.91,78.99,869,939,51054,0.9741224646568298,8304,816976,-2.181422710418701,2.347923509660177e-05,0.001,-15.256612119999998,0.000263986992649734
0.9,79.61,870,939,51066,0.9258385896682739,8308,817168,0.6467642188072205,2.675955147424247e-05,0.001,-15.419514609999998,0.00026296809664927423
0.9,79.28,870,939,51079,0.9232503175735474,8312,817376,-1.4223755598068237,3.2266732887364924e-05,0.001,-15.308638529999998,0.00026267761131748557
0.9,79.3,871,938,51119,1.0138218402862549,8316,818016,1.3055487871170044,3.6088284105062485e-05,0.001,-15.331990699999999,0.0002590852964203805
0.9,79.09,871,938,51130,0.9633417129516602,8320,818192,0.8557666540145874,2.5931303753168322e-05,0.001,-15.261312319999996,0.00025947176618501544
0.9,79.15,871,938,51144,1.0346238613128662,8324,818416,0.9449689388275146,1.6605894415988587e-05,0.001,-15.288641479999997,0.00026295255520381033
0.9,78.96,871,938,51157,0.9709497094154358,8328,818624,-2.9435489177703857,1.9621102183009498e-05,0.001,-15.270718019999997,0.0002645250642672181
0.9,78.99,872,938,51199,1.0326988697052002,8332,819296,2.625643253326416,4.376902506919578e-05,0.001,-15.28016468,0.0002623563923407346
0.9,78.92,872,938,51205,0.934295654296875,8336,819392,0.379827082157135,5.40369437658228e-05,0.001,-15.26713384,0.00026202009757980704
0.9,78.89,872,938,51220,0.976443886756897,8340,819632,0.41654881834983826,3.846808976959437e-05,0.001,-15.288247789999998,0.0002623491454869509
0.9,78.86,873,938,51235,0.9295135140419006,8344,819872,-0.0639185905456543,3.504845517454669e-05,0.001,-15.291557749999999,0.00026403056108392775
0.91,78.24,873,938,51263,1.0741922855377197,8348,820320,3.3052334785461426,3.243670653318986e-05,0.001,-15.222643869999999,0.0002649977395776659
0.92,77.35,874,938,51282,0.9440572261810303,8352,820624,-1.4232534170150757,5.5169224651763216e-05,0.001,-15.11219943,0.0002666180662345141
0.93,76.71,874,938,51285,0.9964670538902283,8356,820672,-0.090241938829422,2.4075819965219125e-05,0.001,-15.00394943,0.000266572053078562
0.93,76.19,874,938,51303,1.1387436389923096,8360,820960,0.2864481806755066,3.531962283886969e-05,0.001,-14.857174120000003,0.000267121969955042
0.94,75.77,875,938,51339,1.0025478601455688,8364,821536,-0.7455545663833618,2.505522388673853e-05,0.001,-14.806451670000001,0.0002649848465807736
0.95,75.85,875,938,51353,1.012257695198059,8368,821760,3.3033759593963623,6.852859223727137e-05,0.001,-14.962650140000001,0.0002659534802660346
0.96,75.52,875,938,51365,0.9560400247573853,8372,821952,2.577970266342163,0.00011059125245083123,0.001,-14.900946529999999,0.00026813114527612925
0.98,74.96,875,938,51377,1.1003940105438232,8376,822144,2.1351356506347656,3.195475073880516e-05,0.001,-14.820481600000003,0.00027164517086930573
0.99,74.94,876,938,51416,1.068678617477417,8380,822768,5.763862609863281,5.904731369810179e-05,0.001,-14.86438907,0.0002733337751124054
0.99,74.93,876,938,51432,1.0771400928497314,8384,823024,0.03367358446121216,1.89734528248664e-05,0.001,-14.851036089999997,0.0002779242640826851
0.99,75.02,876,938,51440,1.0520167350769043,8388,823152,0.33883213996887207,3.6992896639276296e-05,0.001,-14.891129190000001,0.0002786177210509777
0.99,75.19,877,938,51461,0.9827057123184204,8392,823488,-0.2554014325141907,2.5497909518890083e-05,0.001,-14.960302559999997,0.0002782135852612555
0.99,75.03,877,938,51485,1.026438593864441,8396,823872,1.5393787622451782,2.1358853700803593e-05,0.001,-14.91332834,0.0002767335681710392
0.99,74.84,878,938,51504,1.026092767715454,8400,824176,0.05319023132324219,2.6398440240882337e-05,0.001,-14.886024169999999,0.0002758140617515892
0.99,74.72,878,938,51513,1.0315632820129395,8404,824320,0.9291428327560425,2.9191209250711836e-05,0.001,-14.859761659999998,0.0002749379491433501
1.0,74.39,878,938,51535,1.1070985794067383,8408,824672,-0.1118631362915039,2.2315598471323028e-05,0.001,-14.813279700000002,0.0002715718874242157
1.0,74.68,879,938,51561,0.9612298607826233,8412,825088,1.6657323837280273,2.9174389055697247e-05,0.001,-14.89820471,0.0002730792330112308
1.0,74.56,879,938,51575,1.0109610557556152,8416,825312,-0.2756017744541168,3.460115476627834e-05,0.001,-14.836886630000002,0.0002732610737439245
1.0,74.53,879,938,51585,0.9840026497840881,8420,825472,-0.6545360088348389,4.125612031202763e-05,0.001,-14.820924659999998,0.00027214016881771386
1.0,74.37,879,938,51609,1.1028568744659424,8424,825856,-0.2039734423160553,3.723445115610957e-05,0.001,-14.76486203,0.0002716293674893677
1.0,74.17,880,938,51631,1.0933513641357422,8428,826208,1.5714956521987915,4.3185056711081415e-05,0.001,-14.688347059999998,0.0002708977845031768
1.0,74.06,880,938,51649,0.9708350896835327,8432,826496,-0.7583441138267517,4.353380063548684e-05,0.001,-14.642983670000001,0.00026931206230074167
1.0,73.87,880,938,51655,1.1155600547790527,8436,826592,0.6376649737358093,3.944872150896117e-05,0.001,-14.56173357,0.00026865024119615555
1.0,73.79,881,938,51686,0.9637904167175293,8440,827088,-2.2120161056518555,2.6581874408293515e-05,0.001,-14.52441205,0.0002687842643354088
1.0,73.87,881,938,51710,1.0102195739746094,8444,827472,4.070644855499268,3.3808104490162805e-05,0.001,-14.548875700000002,0.0002711816050577909
1.0,74.11,882,938,51725,1.0307679176330566,8448,827712,0.14277547597885132,2.213702828157693e-05,0.001,-14.62705449,0.00027372429030947387
1.0,74.61,882,938,51735,1.0593007802963257,8452,827872,0.4719984531402588,2.3518667148891836e-05,0.001,-14.807778700000004,0.0002748323022387922
1.0,74.98,882,938,51766,1.0464084148406982,8456,828368,2.571422576904297,2.4556102289352566e-05,0.001,-14.94567171,0.00027735024923458695
1.0,75.19,883,938,51784,1.0065215826034546,8460,828656,0.7260197401046753,2.3319978936342523e-05,0.001,-15.011330790000002,0.0002754421147983521
1.0,75.45,883,938,51803,1.0364277362823486,8464,828960,1.2962526082992554,1.3724304153583944e-05,0.001,-15.108348619999997,0.00027376526850275695
1.0,75.45,883,938,51813,0.9823301434516907,8468,829120,0.15988701581954956,2.4027995095821097e-05,0.001,-15.101675479999999,0.0002741689677350223
1.0,75.48,884,938,51840,1.0439426898956299,8472,829552,0.656671404838562,6.491516251116991e-05,0.001,-15.122607879999999,0.00027468716143630445
1.0,75.36,884,938,51859,0.9908620715141296,8476,829856,-0.07170195877552032,1.4938795175112318e-05,0.001,-15.084405449999998,0.0002746504615060985
1.0,75.19,884,938,51877,1.0578947067260742,8480,830144,-0.17191094160079956,2.6402198272990063e-05,0.001,-15.030841869999996,0.00027541874442249537
1.0,75.28,885,938,51888,1.003804326057434,8484,830320,-2.6597213745117188,1.881223579403013e-05,0.001,-15.04896025,0.0002750074490904808
1.0,75.09,885,938,51910,1.0071487426757812,8488,830672,2.1539440155029297,4.4838299800176173e-05,0.001,-14.993848129999998,0.0002771069994196296
1.0,74.63,885,938,51927,1.0440189838409424,8492,830944,-0.48001521825790405,1.873362089099828e-05,0.001,-14.829447929999999,0.00028064605430699885
1.0,74.79,886,938,51948,1.0020664930343628,8496,831280,2.281162738800049,2.54831957136048e-05,0.001,-14.86800836,0.00028393391403369606
1.0,74.85,886,938,51962,1.0014539957046509,8500,831504,-0.234289288520813,2.702663914533332e-05,0.001,-14.884214340000002,0.00028697989182546735
1.0,74.86,886,937,51988,1.0542035102844238,8504,831920,-0.4481475353240967,3.558953176252544e-05,0.001,-14.890954360000002,0.0002855044440366328
1.0,74.9,887,937,52005,1.0481343269348145,8508,832192,1.173518180847168,3.915199704351835e-05,0.001,-14.91991616,0.00028643113910220563
1.0,74.58,887,937,52022,1.1643595695495605,8512,832464,-1.8496406078338623,2.7653424695017748e-05,0.001,-14.809782959999998,0.0002859175147023052
1.0,74.61,887,937,52034,1.028343915939331,8516,832656,1.6819231510162354,2.8104968805564567e-05,0.001,-14.83412575,0.00028417122666724026
1.0,74.81,888,937,52068,0.9804395437240601,8520,833200,-0.9363499879837036,3.0088796847849153e-05,0.001,-14.91956198,0.0002866724389605224
1.0,75.03,888,937,52077,1.0289957523345947,8524,833344,-0.9127032160758972,2.6015870389528573e-05,0.001,-15.016908199999998,0.00028743897564709187
1.0,75.08,888,937,52094,1.083027958869934,8528,833616,-0.06633253395557404,4.334803452366032e-05,0.001,-15.039347659999999,0.00028494762955233455
1.0,75.05,888,937,52107,0.9663631319999695,8532,833824,-0.355468213558197,5.790764407720417e-05,0.001,-15.040104010000002,0.00028440493042580783
1.0,75.2,889,937,52149,1.0002179145812988,8536,834496,-2.2419114112854004,3.124274735455401e-05,0.001,-15.10413626,0.00028308737091720104
1.0,75.53,889,937,52157,1.0272440910339355,8540,834624,-1.689202070236206,1.9644292478915304e-05,0.001,-15.236248940000003,0.0002822242386173457
1.0,75.31,890,937,52165,0.9789326786994934,8544,834752,-1.6040375232696533,2.640697857714258e-05,0.001,-15.166487980000005,0.00028091706917621195
1.0,75.25,890,937,52181,1.137603759765625,8548,835008,1.7524755001068115,5.3116396884433925e-05,0.001,-15.156363299999999,0.0002786025870591402
1.0,75.27,891,937,52224,1.0295789241790771,8552,835696,3.0915520191192627,3.758939783438109e-05,0.001,-15.169249770000004,0.0002800819056574255
1.0,75.05,891,937,52233,0.9499552249908447,8556,835840,0.35516706109046936,3.406293399166316e-05,0.001,-15.08953738,0.0002809722500387579
1.0,74.98,891,937,52239,0.9660176634788513,8560,835936,-0.5755053758621216,4.4153341150376946e-05,0.001,-15.071090370000002,0.0002812011807691306
1.0,75.0,891,937,52263,0.9432919025421143,8564,836320,-2.7775511741638184,1.3670149201061577e-05,0.001,-15.078113669999999,0.00027838931418955326
1.0,74.93,892,937,52299,1.1067839860916138,8568,836896,-2.051563262939453,6.0625603509834036e-05,0.001,-15.065144980000005,0.00027333456091582775
1.0,74.88,892,937,52305,1.066088318824768,8572,836992,0.6239755153656006,4.4364882342051715e-05,0.001,-15.04825095,0.00027222116477787495
1.0,75.04,892,937,52320,1.1136016845703125,8576,837232,1.9126651287078857,2.526021853554994e-05,0.001,-15.117983120000002,0.0002736165188252926
1.0,75.09,893,937,52336,1.0180842876434326,8580,837488,-0.2038397490978241,2.6224452085443772e-05,0.001,-15.138271640000003,0.00027605798095464706
1.0,75.06,893,937,52368,1.083761215209961,8584,838000,2.342334747314453,3.900792944477871e-05,0.001,-15.146692499999999,0.00027781218523159623
1.0,75.16,894,937,52387,0.9754801988601685,8588,838304,2.779956579208374,5.114394298288971e-05,0.001,-15.191083980000005,0.00028055295115336776
1.0,75.26,894,937,52395,1.0579296350479126,8592,838432,0.42741626501083374,2.6827798137674108e-05,0.001,-15.225382999999999,0.0002821297966875136
1.0,75.39,894,937,52422,1.0798392295837402,8596,838864,-1.570061445236206,4.29888823418878e-05,0.001,-15.301631410000002,0.00028121646028012037
1.0,75.15,894,938,52440,1.1278293132781982,8600,839152,1.6505155563354492,3.162612847518176e-05,0.001,-15.212799289999998,0.0002815808984450996
1.0,75.19,895,938,52464,1.0527946949005127,8604,839536,-2.0631775856018066,3.3066720789065585e-05,0.001,-15.23312643,0.0002844556584022939
1.0,75.26,895,938,52475,1.1168850660324097,8608,839712,-0.5750373601913452,4.2497449612710625e-05,0.001,-15.253895219999997,0.00028405009652487934
1.0,75.58,895,938,52497,1.0376217365264893,8612,840064,-1.9329620599746704,3.1187617423711345e-05,0.001,-15.38507143,0.0002837487554643303
1.0,75.48,895,938,52510,1.157591700553894,8616,840272,-0.8617472648620605,4.020028063678183e-05,0.001,-15.346995189999998,0.0002821313973981887
1.0,75.35,896,938,52536,1.1156933307647705,8620,840688,2.2615437507629395,4.8300753405783325e-05,0.001,-15.304827909999998,0.0002812427410390228
1.0,75.02,896,938,52545,1.11674165725708,8624,840832,-1.5864678621292114,2.4283093807753175e-05,0.001,-15.162737279999996,0.00028235293575562537
1.0,74.98,896,938,52565,0.9473370909690857,8628,841152,0.3003471791744232,3.982198177254759e-05,0.001,-15.14428793,0.000282762513961643
1.0,74.95,896,938,52583,1.108244776725769,8632,841440,-0.1968504786491394,4.512237501330674e-05,0.001,-15.128233590000002,0.00028081340133212507
1.0,75.06,897,938,52612,1.1480001211166382,8636,841904,0.27285224199295044,5.2222152589820325e-05,0.001,-15.166547000000001,0.00027874609804712236
1.0,74.71,897,938,52622,0.9741086363792419,8640,842064,1.5646971464157104,2.7947407943429425e-05,0.001,-15.034187939999997,0.0002781000512186438
1.0,74.84,897,938,52649,1.1343743801116943,8644,842496,-0.8781992793083191,2.6015382900368422e-05,0.001,-15.08652198,0.00028001886676065624
1.0,74.99,897,938,52659,1.0990931987762451,8648,842656,1.9120495319366455,4.6450484660454094e-05,0.001,-15.128551880000005,0.0002799374342430383
1.0,74.77,898,938,52683,1.015734076499939,8652,843040,1.4396731853485107,4.633764910977334e-05,0.001,-15.044003420000001,0.0002850003365892917
1.0,74.79,898,938,52698,1.1926827430725098,8656,843280,-0.6540902853012085,4.907240509055555e-05,0.001,-15.04646203,0.00028781694709323347
1.0,74.91,898,938,52717,1.0175163745880127,8660,843584,-1.7486140727996826,2.4683384253876284e-05,0.001,-15.09900372,0.0002879328094422817
1.0,74.91,899,938,52741,1.0602638721466064,8664,843968,-3.0121283531188965,3.07031768898014e-05,0.001,-15.09482106,0.00028824355104006827
1.0,75.02,899,938,52761,1.04767644405365,8668,844288,0.07786539196968079,5.8427423937246203e-05,0.001,-15.117727030000003,0.0002838299551513046
1.0,75.17,899,938,52773,1.1149163246154785,8672,844480,0.41789084672927856,7.357003778452054e-05,0.001,-15.172993940000001,0.0002835174964275211
1.0,74.95,899,938,52790,1.0458091497421265,8676,844752,0.5528400540351868,4.346769128460437e-05,0.001,-15.093021099999998,0.00028300611302256584
1.0,74.62,899,939,52807,1.1008424758911133,8680,845024,-0.8376428484916687,3.241728700231761e-05,0.001,-14.977750839999999,0.0002836378407664597
1.0,74.6,900,939,52831,1.1094942092895508,8684,845408,0.7497588396072388,7.247488247230649e-05,0.001,-14.939055089999997,0.0002833598991855979
1.0,74.42,900,939,52848,1.1034939289093018,8688,845680,0.5686004757881165,7.256457320181653e-05,0.001,-14.851261299999999,0.0002864136768039316
1.0,74.44,900,939,52870,0.9989221692085266,8692,846032,-2.7711031436920166,5.9086232795380056e-05,0.001,-14.85526956,0.0002885103167500347
1.0,74.54,900,939,52878,1.039452075958252,8696,846160,1.5523192882537842,7.317718700505793e-05,0.001,-14.889198200000003,0.00028787378687411547
1.0,74.79,901,939,52904,1.127790927886963,8700,846576,0.8666976690292358,3.67199863831047e-05,0.001,-14.973256690000003,0.00028931652195751667
1.0,74.87,901,939,52921,0.9618873596191406,8704,846848,0.6339811086654663,4.646171146305278e-05,0.001,-15.000213780000001,0.00028988131089136004
1.0,74.47,901,939,52942,1.003531575202942,8708,847184,-3.2310144901275635,3.1211908208206296e-05,0.001,-14.858132829999997,0.0002932242350652814
1.0,74.45,901,939,52955,1.0860095024108887,8712,847392,1.1805992126464844,3.145783193758689e-05,0.001,-14.840129690000003,0.00029081417596898973
1.0,74.42,902,939,52973,1.0385987758636475,8716,847680,-2.211210012435913,1.9771581719396636e-05,0.001,-14.832632630000003,0.00028962292708456516
1.0,74.69,902,939,53002,1.0967011451721191,8720,848144,-1.2153797149658203,1.9376857380848378e-05,0.001,-14.923455,0.00028767043841071427
1.0,74.93,902,939,53011,1.0663403272628784,8724,848288,0.8228557109832764,5.2139730541966856e-05,0.001,-15.014058050000001,0.0002877815568353981
1.0,74.87,902,939,53032,1.053076982498169,8728,848624,-0.5097956657409668,2.585197398730088e-05,0.001,-14.985779799999998,0.00028855103300884366
1.0,74.96,903,940,53055,1.0192335844039917,8732,848992,3.9594221115112305,2.491271516191773e-05,0.001,-15.028877379999999,0.0002888161689043045
1.0,74.8,903,940,53078,1.1411592960357666,8736,849360,-0.9537438750267029,5.5316118960035965e-05,0.001,-14.98477838,0.0002931227209046483
1.0,74.88,903,940,53088,1.1023610830307007,8740,849520,1.8750861883163452,2.140028118446935e-05,0.001,-15.022268289999998,0.0002934477524831891
1.0,75.06,903,940,53106,1.0208340883255005,8744,849808,1.979522705078125,4.0059494494926184e-05,0.001,-15.076631279999999,0.00029646907933056355
1.0,74.7,904,940,53129,1.047703742980957,8748,850176,3.644956588745117,2.8537644539028406e-05,0.001,-14.957416479999997,0.0002957216347567737
1.0,74.91,904,940,53151,1.0442981719970703,8752,850528,-1.8945059776306152,2.6342579076299444e-05,0.001,-15.037592810000003,0.0003014521498698741
1.0,74.8,904,940,53163,1.043291449546814,8756,850720,-1.8176114559173584,1.9812861864920706e-05,0.001,-14.99744488,0.0003019922296516597
1.0,74.68,905,940,53183,1.091430425643921,8760,851040,-0.6802219152450562,2.198684887844138e-05,0.001,-14.93511616,0.00030180191970430315
1.0,74.6,905,940,53210,1.0963677167892456,8764,851472,-1.8487236499786377,4.190627078060061e-05,0.001,-14.907279449999999,0.0003012075903825462
1.0,74.26,905,940,53221,1.0427753925323486,8768,851648,0.41253918409347534,2.3966465960256755e-05,0.001,-14.788308630000003,0.0002991262008436024
1.0,74.25,906,940,53237,1.031449317932129,8772,851904,1.3302315473556519,4.319116851547733e-05,0.001,-14.7880784,0.00029906060080975294
1.0,74.42,906,940,53252,1.0586271286010742,8776,852144,0.5356547832489014,2.3815809981897473e-05,0.001,-14.85651967,0.0002983458689413965
1.0,74.57,906,940,53279,1.0807178020477295,8780,852576,1.7807443141937256,2.560801112849731e-05,0.001,-14.901045620000001,0.0002998162235599011
1.0,74.73,907,940,53303,1.0776863098144531,8784,852960,2.4641571044921875,5.497620441019535e-05,0.001,-14.988640440000001,0.00030046998290345073
1.0,75.05,907,940,53316,1.0444432497024536,8788,853168,-2.868100643157959,3.671025115181692e-05,0.001,-15.12554094,0.0003014797403011471
1.0,75.2,907,940,53332,1.0378022193908691,8792,853424,1.783950924873352,3.717888466781005e-05,0.001,-15.194319189999998,0.0003008470230270177
1.0,75.24,907,940,53357,1.002458930015564,8796,853824,0.856918454170227,5.2388058975338936e-05,0.001,-15.203901220000002,0.00030319878715090454
1.0,75.13,908,940,53377,1.0973482131958008,8800,854144,-0.731499195098877,4.649248148780316e-05,0.001,-15.174821549999999,0.0003038874710910022
1.0,75.19,908,940,53388,1.1431646347045898,8804,854320,0.8300422430038452,3.2286370696965605e-05,0.001,-15.201904780000001,0.00030569921364076436
1.0,75.39,908,940,53408,1.0087535381317139,8808,854640,0.27009159326553345,2.682818922039587e-05,0.001,-15.273660979999999,0.00030646607046946883
1.0,75.21,908,940,53424,1.1352741718292236,8812,854896,0.9054622650146484,2.0762719941558316e-05,0.001,-15.203173889999999,0.0003078486770391464
1.0,75.4,909,940,53452,1.0081673860549927,8816,855344,0.6601138114929199,2.0966865122318268e-05,0.001,-15.27407886,0.0003073998086620122
1.0,75.58,909,940,53471,1.088541030883789,8820,855648,0.42344531416893005,3.444623507675715e-05,0.001,-15.35343238,0.00030531201628036797
1.0,75.37,909,940,53483,1.1014866828918457,8824,855840,-0.5487865805625916,3.298368028481491e-05,0.001,-15.270594810000002,0.0003030291118193418
1.0,75.55,910,940,53503,1.0696635246276855,8828,856160,-0.9574130773544312,4.492714651860297e-05,0.001,-15.35682807,0.0003009112842846662
1.0,75.37,910,940,53529,1.1346232891082764,8832,856576,2.0523123741149902,4.5563218009192497e-05,0.001,-15.289099150000002,0.0002989684871863574
1.0,75.48,911,940,53552,0.9762401580810547,8836,856944,-1.9251513481140137,3.443775131017901e-05,0.001,-15.337494999999999,0.0002989656350109726
1.0,75.35,911,940,53558,1.1413648128509521,8840,857040,-0.8695621490478516,5.48457755940035e-05,0.001,-15.29200842,0.0002985479368362576
1.0,75.39,911,940,53575,1.1082253456115723,8844,857312,2.1372904777526855,2.2701256966684014e-05,0.001,-15.307149850000004,0.00029860177892260253
1.0,75.07,911,940,53600,1.1314382553100586,8848,857712,1.734427571296692,2.4483928427798674e-05,0.001,-15.191318220000001,0.0002987202606163919
1.0,74.97,912,940,53629,1.0616422891616821,8852,858176,-1.486181378364563,3.170649506500922e-05,0.001,-15.153771449999999,0.00030007510213181376
1.0,75.36,912,940,53635,1.1748536825180054,8856,858272,0.34785428643226624,2.9044575057923794e-05,0.001,-15.302421310000001,0.0003000218712259084
1.0,75.24,912,940,53647,1.0401489734649658,8860,858464,2.5698509216308594,2.1461784854182042e-05,0.001,-15.263776579999998,0.00030014404910616577
1.0,75.36,913,940,53669,1.1430621147155762,8864,858816,0.8194667100906372,2.93362136289943e-05,0.001,-15.312395359999998,0.00030540666193701327
1.0,75.37,913,940,53704,1.0844871997833252,8868,859376,-0.3419921398162842,1.7038466467056423e-05,0.001,-15.33020383,0.0003087633813265711
1.0,75.39,913,940,53711,1.1196022033691406,8872,859488,0.6829626560211182,2.754406159510836e-05,0.001,-15.32876683,0.00030903087463229895
1.0,75.54,914,940,53725,1.089709758758545,8876,859712,-3.6716930866241455,2.0492963813012466e-05,0.001,-15.37515733,0.0003100608300883323
1.0,75.71,914,940,53744,1.0092746019363403,8880,860016,-0.032130151987075806,1.727202470647171e-05,0.001,-15.429001890000002,0.0003067236393690109
1.0,75.41,915,940,53778,1.1644222736358643,8884,860560,2.2987728118896484,2.097541801049374e-05,0.001,-15.328664900000001,0.0003042725729756057
1.0,75.15,915,940,53786,1.111512541770935,8888,860688,-0.06822961568832397,2.3576794774271548e-05,0.001,-15.229827059999998,0.00030351674649864435
1.0,74.94,915,940,53801,1.1540864706039429,8892,860928,1.4367198944091797,3.296570503152907e-05,0.001,-15.145474829999998,0.00030478835105895996
1.0,74.91,915,940,53813,1.050398826599121,8896,861120,-0.9519222378730774,2.0410607248777524e-05,0.001,-15.144864670000002,0.00030441072885878384
1.0,74.83,916,940,53847,1.1131799221038818,8900,861664,-2.566701889038086,3.874304820783436e-05,0.001,-15.10777774,0.0003020017466042191
1.0,74.44,916,940,53856,1.0156264305114746,8904,861808,1.0029661655426025,2.990951543324627e-05,0.001,-14.967209219999999,0.00030096841510385275
1.0,74.48,916,940,53874,1.062462329864502,8908,862096,-0.45771515369415283,2.6694320695241913e-05,0.001,-14.981513029999999,0.0003017751732841134
1.0,74.46,917,940,53894,1.0605285167694092,8912,862416,0.2355724722146988,2.5100922357523814e-05,0.001,-14.98788197,0.0002998393611051142
1.0,74.51,917,940,53920,1.099837064743042,8916,862832,0.34044772386550903,2.6318080927012488e-05,0.001,-15.003344559999999,0.00029913504840806127
1.0,74.28,918,940,53938,1.1478338241577148,8920,863120,0.06883448362350464,2.652252806001343e-05,0.001,-14.916163050000002,0.0002971308713313192
1.0,74.44,918,940,53951,1.2082958221435547,8924,863328,1.7595930099487305,4.853249993175268e-05,0.001,-14.97819392,0.0002968105545733124
1.0,74.45,918,940,53964,1.0881950855255127,8928,863536,-0.025294125080108643,1.864344085333869e-05,0.001,-14.970035430000001,0.00029905690462328494
1.0,74.35,919,940,53995,1.0475490093231201,8932,864032,-2.150853157043457,4.413720307638869e-05,0.001,-14.936375990000002,0.00030343481921590865
1.0,74.44,919,940,54017,1.0707529783248901,8936,864384,0.8069508075714111,2.1270538127282634e-05,0.001,-14.95271929,0.0003025950863957405
1.0,74.34,919,940,54028,0.9957029223442078,8940,864560,1.820056438446045,3.148591349599883e-05,0.001,-14.892424,0.0003023553581442684
0.99,74.67,920,940,54046,1.0986672639846802,8944,864848,0.4815310835838318,4.349497612565756e-05,0.001,-14.939751100000002,0.00030247215181589127
0.99,75.06,920,940,54072,1.1526157855987549,8948,865264,0.14651697874069214,2.5658564482000656e-05,0.001,-15.07850194,0.0003004204190801829
0.99,75.15,920,940,54092,1.0428754091262817,8952,865584,0.9442479610443115,2.707560997805558e-05,0.001,-15.104230110000001,0.0003000038268510252
0.99,75.01,921,939,54111,1.009293556213379,8956,865888,1.2627755403518677,2.8581103833857924e-05,0.001,-15.04722255,0.00030123977921903133
0.99,75.26,921,939,54120,1.1036577224731445,8960,866032,0.9400030970573425,3.043884498765692e-05,0.001,-15.148650759999999,0.00030239889747463167
0.99,75.25,921,939,54145,1.0499173402786255,8964,866432,0.3141704201698303,3.0114386390778236e-05,0.001,-15.140197519999997,0.000300631916616112
0.99,75.29,922,939,54164,1.0513322353363037,8968,866736,-0.6767086982727051,2.4056495021795854e-05,0.001,-15.138173389999999,0.00030231932760216296
0.99,75.17,922,939,54176,1.1631507873535156,8972,866928,0.852462649345398,4.959489160683006e-05,0.001,-15.09115808,0.000302315253065899
0.99,74.8,922,939,54195,1.0895483493804932,8976,867232,-1.9777193069458008,3.4982011129613966e-05,0.001,-14.96004414,0.0003000936994794756
0.99,74.65,922,939,54210,1.0513856410980225,8980,867472,-0.7027382254600525,1.8026028556050733e-05,0.001,-14.921267649999999,0.0002955919480882585
0.99,74.51,923,939,54235,1.0984787940979004,8984,867872,0.47922539710998535,3.1968065741239116e-05,0.001,-14.87043566,0.0002966121828649193
0.99,74.52,923,939,54259,1.1104841232299805,8988,868256,-0.5063002109527588,3.365669908816926e-05,0.001,-14.87041986,0.0002955922100227326
0.99,74.88,924,939,54277,1.134009838104248,8992,868544,1.9337117671966553,3.353217471158132e-05,0.001,-15.009663910000002,0.0002971033682115376
0.99,74.89,924,939,54287,1.0425231456756592,8996,868704,-2.5736942291259766,5.280376353766769e-05,0.001,-15.015049119999999,0.0002979446726385504
0.99,75.64,925,939,54322,1.0717980861663818,9000,869264,1.6519864797592163,3.883051249431446e-05,0.001,-15.302439179999999,0.0002989961358252913
0.99,75.72,925,939,54332,1.1971766948699951,9004,869424,0.9805067777633667,5.097321991343051e-05,0.001,-15.34501305,0.0002978903939947486
0.99,75.66,925,939,54356,1.039228081703186,9008,869808,3.268552303314209,4.589089803630486e-05,0.001,-15.328044689999999,0.0002981814614031464
0.99,75.85,925,939,54363,1.0501985549926758,9012,869920,-1.3349348306655884,2.364466490689665e-05,0.001,-15.395220759999999,0.0002995932591147721
0.99,75.89,926,939,54398,1.1160554885864258,9016,870480,0.9888525009155273,4.656155942939222e-05,0.001,-15.41756283,0.0003032022505067289
0.99,75.87,926,939,54408,1.005528211593628,9020,870640,0.17811834812164307,4.055171302752569e-05,0.001,-15.417163849999998,0.000305027118884027
0.99,75.8,926,939,54425,1.0718169212341309,9024,870912,2.952895164489746,2.9675054975086823e-05,0.001,-15.397928519999999,0.0003093428385909647
0.99,75.64,927,939,54441,1.1393694877624512,9028,871168,0.4902387261390686,1.9394969058339484e-05,0.001,-15.340857320000003,0.0003127225209027529
0.99,75.81,927,939,54465,1.2189546823501587,9032,871552,0.13555598258972168,3.996870873379521e-05,0.001,-15.4003053,0.0003109847893938422
0.99,75.65,927,939,54479,1.1186776161193848,9036,871776,-0.2474554181098938,3.6475186789175496e-05,0.001,-15.33936164,0.0003106056828983128
0.99,75.68,928,939,54505,1.105729341506958,9040,872192,2.0240297317504883,3.0683542718179524e-05,0.001,-15.365280740000003,0.0003075622662436217
1.0,75.34,928,939,54514,1.0163675546646118,9044,872336,-2.3445637226104736,1.0914927770500071e-05,0.001,-15.325174590000001,0.0003083193732891232
1.0,75.45,928,939,54543,1.1085917949676514,9048,872800,0.09163016080856323,2.8164649847894907e-05,0.001,-15.373524149999998,0.00030859324033372104
1.0,75.42,929,939,54559,1.1291368007659912,9052,873056,-1.5613031387329102,3.392079452169128e-05,0.001,-15.371025710000001,0.0003087916411459446
1.0,75.29,929,939,54574,1.1108040809631348,9056,873296,0.2200745940208435,2.629243317642249e-05,0.001,-15.32907596,0.00030698030604980886
1.0,75.08,929,939,54590,1.154585838317871,9060,873552,3.070875406265259,5.2989780670031905e-05,0.001,-15.25244831,0.0003056461864616722
1.0,75.15,930,939,54615,1.07080078125,9064,873952,-1.0880026817321777,3.7591980799334124e-05,0.001,-15.28695412,0.0003034906694665551
1.0,75.04,930,939,54627,1.0347089767456055,9068,874144,1.5304186344146729,8.77981074154377e-05,0.001,-15.26038514,0.000303512963000685
1.0,74.99,930,939,54651,1.136611819267273,9072,874528,1.9397056102752686,4.631061528925784e-05,0.001,-15.257617210000001,0.0003066438075620681
1.0,75.04,930,939,54657,1.1587824821472168,9076,874624,0.2873784303665161,3.442637171247043e-05,0.001,-15.27560637,0.00030731980223208666
1.0,75.03,931,939,54689,1.0304574966430664,9080,875136,-0.7908031940460205,3.051597195735667e-05,0.001,-15.269509990000003,0.0003073072002734989
1.0,75.27,931,939,54704,1.159935474395752,9084,875376,-1.5941818952560425,2.4040655262069777e-05,0.001,-15.352046870000002,0.0003067517245654017
1.0,75.18,932,939,54721,1.0108416080474854,9088,875648,0.7927063703536987,3.470998490229249e-05,0.001,-15.321646000000001,0.00030626184889115393
1.0,74.99,932,939,54739,1.1883430480957031,9092,875936,-1.0085060596466064,2.1328614820959046e-05,0.001,-15.250116150000002,0.0003076312132179737
1.0,74.74,933,939,54769,1.2994379997253418,9096,876416,-0.16651123762130737,3.8701753510395065e-05,0.001,-15.146862859999999,0.0003032002132385969
1.0,74.58,933,939,54776,1.1192505359649658,9100,876528,-1.4649038314819336,2.7849750040331855e-05,0.001,-15.086609850000002,0.00030336916097439826
1.0,74.67,933,939,54799,1.1155636310577393,9104,876896,0.8494237661361694,2.9284936317708343e-05,0.001,-15.102686330000001,0.0003055902197957039
1.0,74.58,933,939,54808,0.9798662662506104,9108,877040,-1.4805207252502441,1.854935908340849e-05,0.001,-15.067839320000001,0.00030613713897764683
1.0,74.28,934,939,54838,1.1217098236083984,9112,877520,2.5702462196350098,3.847212065011263e-05,0.001,-14.959476389999999,0.00030485057504847646
1.0,74.2,934,939,54847,1.1424505710601807,9116,877664,-0.5628980398178101,1.994099875446409e-05,0.001,-14.932432140000001,0.00030571993556804955
1.0,74.16,934,939,54873,1.1733225584030151,9120,878080,2.58845853805542,3.1244169804267585e-05,0.001,-14.910201690000001,0.00030746051925234497
1.0,74.39,934,939,54885,1.0558706521987915,9124,878272,-2.5988290309906006,2.651005888765212e-05,0.001,-14.996100340000003,0.0003107739903498441
1.0,74.52,935,939,54916,1.0653533935546875,9128,878768,-1.421940565109253,2.882171429519076e-05,0.001,-15.046919799999998,0.00030999252339825034
1.0,74.89,935,939,54930,1.204721450805664,9132,878992,-1.8733508586883545,2.029673123615794e-05,0.001,-15.182578219999998,0.0003085252537857741
1.0,74.75,936,939,54949,1.17537522315979,9136,879296,-0.3196217715740204,3.4802131267497316e-05,0.001,-15.13671329,0.00030839021201245487
1.0,74.87,936,939,54958,1.18336820602417,9140,879440,2.0571165084838867,3.537615339155309e-05,0.001,-15.179231680000001,0.00030967078055255115
1.0,74.88,936,939,54989,0.9849357008934021,9144,879936,-0.5475878119468689,1.75173299794551e-05,0.001,-15.18704419,0.0003082346811424941
1.0,74.8,937,939,55008,1.052340030670166,9148,880240,-1.7611565589904785,3.175191523041576e-05,0.001,-15.153640620000001,0.00030453907675109804
1.0,74.74,937,939,55024,1.203039288520813,9152,880496,1.7211933135986328,2.2993066522758454e-05,0.001,-15.13925121,0.00030572866671718657
1.0,74.84,937,939,55032,1.1533968448638916,9156,880624,0.9689140915870667,4.5162407332099974e-05,0.001,-15.18082639,0.00030794323538430035
1.0,74.72,938,939,55067,1.1494027376174927,9160,881184,-1.3686764240264893,3.102399205090478e-05,0.001,-15.14198678,0.0003118900931440294
1.0,74.76,938,939,55088,1.0908154249191284,9164,881520,-1.5937433242797852,2.6692263418226503e-05,0.001,-15.15598202,0.0003102045739069581
1.0,75.05,938,939,55101,1.2429711818695068,9168,881728,4.908125877380371,2.197630237787962e-05,0.001,-15.25929215,0.00030815767240710557
1.0,75.33,939,939,55112,1.0911369323730469,9172,881904,-1.0609830617904663,1.75843269971665e-05,0.001,-15.35497496,0.00031007974757812917
1.0,75.44,939,939,55136,1.1160513162612915,9176,882288,3.7703239917755127,4.041928332298994e-05,0.001,-15.394346030000001,0.0003101412730757147
1.0,75.5,939,939,55159,1.1270935535430908,9180,882656,1.2960851192474365,3.101736365351826e-05,0.001,-15.42639197,0.0003117473388556391
1.0,75.3,940,939,55171,1.2919809818267822,9184,882848,-1.6928064823150635,3.497242505545728e-05,0.001,-15.354146590000003,0.0003124485956504941
1.0,75.42,940,939,55193,1.0289771556854248,9188,883200,-1.3558354377746582,2.997253614012152e-05,0.001,-15.404427449999998,0.0003123285132460296
1.0,75.47,940,939,55216,1.0552093982696533,9192,883568,-0.9322233200073242,3.640158683992922e-05,0.001,-15.42093687,0.0003106853982899338
1.0,75.44,941,939,55236,1.0868778228759766,9196,883888,0.7969083786010742,2.7208516257815063e-05,0.001,-15.415296309999999,0.0003099993336945772
1.0,75.27,941,939,55244,1.0538325309753418,9200,884016,-1.9071203470230103,1.9661893020384014e-05,0.001,-15.35030419,0.0003096353611908853
1.0,75.16,941,939,55265,1.1487147808074951,9204,884352,3.0863564014434814,3.488776201265864e-05,0.001,-15.314206650000001,0.00030691822757944465
1.0,75.19,942,938,55285,1.1716148853302002,9208,884672,0.024987876415252686,4.1488048736937344e-05,0.001,-15.322658919999999,0.00030674997833557427
1.0,75.16,942,938,55307,1.174180507659912,9212,885024,1.3178223371505737,4.101030935999006e-05,0.001,-15.311841000000001,0.00031108889379538596
1.0,75.31,942,938,55322,1.1566922664642334,9216,885264,-4.3580193519592285,5.6792545365169644e-05,0.001,-15.365423200000002,0.0003122433554381132
1.0,75.48,943,938,55340,1.1435070037841797,9220,885552,1.0298992395401,2.579435022198595e-05,0.001,-15.434311899999997,0.0003097195003647357
1.0,75.16,943,938,55360,1.074665904045105,9224,885872,2.6378016471862793,3.244548861403018e-05,0.001,-15.30992128,0.00031016141292639077
1.0,75.02,943,938,55377,1.0740705728530884,9228,886144,-0.5902739763259888,3.2730025850469247e-05,0.001,-15.26203802,0.0003109174722339958
1.0,74.69,944,938,55397,1.087859869003296,9232,886464,-0.23114848136901855,1.9763809177675284e-05,0.001,-15.136471809999998,0.0003110963443759829
1.0,74.68,944,938,55409,1.1202807426452637,9236,886656,-2.226515293121338,2.4764338377281092e-05,0.001,-15.13360792,0.00031093170400708914
1.0,74.72,944,938,55436,1.0980005264282227,9240,887088,0.5195133686065674,2.9851929866708815e-05,0.001,-15.153585459999997,0.0003087292134296149
1.0,74.57,945,938,55447,1.1207642555236816,9244,887264,0.9541661739349365,1.9453536879154854e-05,0.001,-15.102737630000002,0.00030965363839641213
1.0,74.31,945,938,55470,1.0739364624023438,9248,887632,-0.4886196553707123,2.2635023924522102e-05,0.001,-15.009779079999998,0.0003087289514951408
1.0,74.33,945,938,55486,1.1711723804473877,9252,887888,1.8077073097229004,3.5313649277668446e-05,0.001,-15.012009609999998,0.0003078472218476236
1.0,74.16,946,938,55511,1.042360782623291,9256,888288,-3.120250701904297,2.3518903617514297e-05,0.001,-14.938093740000001,0.000311506912112236
1.0,74.32,946,938,55527,1.1448357105255127,9260,888544,-0.3525860607624054,4.663587606046349e-05,0.001,-14.992518860000002,0.00031085757655091584
1.0,74.2,946,938,55545,1.084428310394287,9264,888832,0.033695220947265625,1.6700447304174304e-05,0.001,-14.94773151,0.00031043868511915207
1.0,74.22,947,938,55557,1.1309733390808105,9268,889024,1.9153376817703247,2.9365497539401986e-05,0.001,-14.957194640000003,0.00031080274493433535
1.0,73.93,947,938,55589,1.1126952171325684,9272,889536,-1.3933982849121094,3.2205512979999185e-05,0.001,-14.86273976,0.0003126855590380728
1.0,74.03,947,938,55604,1.17344331741333,9276,889776,-1.4075342416763306,4.422123311087489e-05,0.001,-14.913236519999998,0.0003128737735096365
1.0,74.23,948,938,55618,1.1481959819793701,9280,890000,-0.8697460293769836,2.7148922526976094e-05,0.001,-14.982122859999997,0.0003126527590211481
1.0,74.46,948,938,55632,1.1839100122451782,9284,890224,0.060121893882751465,3.506155917420983e-05,0.001,-15.071621850000001,0.00031339607085101306
1.0,74.19,948,938,55665,1.1922407150268555,9288,890752,0.8186037540435791,2.940082413260825e-05,0.001,-14.970415560000001,0.0003133363206870854
1.0,74.31,948,938,55674,1.1817123889923096,9292,890896,0.05037963390350342,2.2387328499462456e-05,0.001,-15.01388366,0.00031346690957434475
1.0,74.11,949,938,55694,1.0398495197296143,9296,891216,0.8136192560195923,3.223088424419984e-05,0.001,-14.94945545,0.0003117966989520937
1.0,74.41,949,938,55714,1.217900276184082,9300,891536,0.8856538534164429,3.389815174159594e-05,0.001,-15.053699040000003,0.0003092678962275386
1.0,74.2,950,938,55739,1.1226781606674194,9304,891936,-0.7599827647209167,2.029633105848916e-05,0.001,-14.976618559999999,0.0003109355457127094
1.0,74.26,950,938,55751,1.1511707305908203,9308,892128,-1.6124290227890015,2.1889783965889364e-05,0.001,-15.001326940000002,0.00030972069362178445
1.0,74.62,950,938,55772,1.1449275016784668,9312,892464,0.02225722372531891,3.9303547964664176e-05,0.001,-15.13190216,0.0003061213647015393
1.0,74.58,950,938,55792,1.1404991149902344,9316,892784,1.323643684387207,2.235877218481619e-05,0.001,-15.114587409999999,0.0003073743137065321
1.0,74.28,951,938,55806,1.0984095335006714,9320,893008,-0.17491275072097778,2.7873111321241595e-05,0.001,-15.00502577,0.00030718822381459177
1.0,74.27,951,938,55826,1.156036138534546,9324,893328,-1.0031338930130005,2.45534010900883e-05,0.001,-14.99802155,0.0003041681193280965
1.0,74.26,951,939,55844,1.1820988655090332,9328,893616,1.7216734886169434,3.792680581682362e-05,0.001,-14.99167985,0.00030336654162965715
1.0,74.07,951,939,55861,1.1209347248077393,9332,893888,2.6247634887695312,2.3253414838109165e-05,0.001,-14.9232142,0.0003028938954230398
1.0,74.47,952,939,55887,1.092535138130188,9336,894304,-1.8214704990386963,3.739914245670661e-05,0.001,-15.070384990000003,0.0003105500072706491
1.0,74.57,952,939,55905,1.0340158939361572,9340,894592,1.3047600984573364,3.64546176570002e-05,0.001,-15.10856411,0.00030811477336101234
1.0,74.53,952,939,55919,1.1696292161941528,9344,894816,1.7449610233306885,3.354176442371681e-05,0.001,-15.08727675,0.0003091708931606263
1.0,74.92,952,939,55936,1.1811192035675049,9348,895088,0.6507954597473145,4.417949458002113e-05,0.001,-15.237461599999996,0.0003077787987422198
1.0,74.95,953,939,55964,1.140939474105835,9352,895536,0.7210956811904907,3.610541534726508e-05,0.001,-15.24526697,0.0003090792160946876
1.0,74.98,953,939,55973,1.2826354503631592,9356,895680,-0.2819867730140686,1.9998718926217407e-05,0.001,-15.2717866,0.00030967401107773185
1.0,74.65,953,939,55992,1.1485717296600342,9360,895984,-0.6084577441215515,6.261936505325139e-05,0.001,-15.13788351,0.00030884938314557076
1.0,74.7,954,939,56020,1.1719766855239868,9364,896432,1.3831443786621094,4.7811703552724794e-05,0.001,-15.158137510000001,0.000312628602841869
1.0,74.65,954,939,56044,1.0765198469161987,9368,896816,0.42386090755462646,2.7718726414605044e-05,0.001,-15.143144200000002,0.00031467879307456315
1.0,75.03,954,939,56050,1.1452943086624146,9372,896912,0.5000133514404297,5.9681711718440056e-05,0.001,-15.28512696,0.0003147259121760726
1.0,74.99,954,939,56065,1.11891770362854,9376,897152,1.9826253652572632,3.096093132626265e-05,0.001,-15.26264217,0.00031537911854684353
1.0,74.92,955,939,56098,1.226827621459961,9380,897680,1.9605159759521484,2.4806129658827558e-05,0.001,-15.231144509999996,0.00031670767930336297
1.0,74.6,955,939,56108,1.1445146799087524,9384,897840,1.6971700191497803,2.7909452910535038e-05,0.001,-15.112096629999998,0.00031792238587513566
1.0,74.7,956,939,56127,1.150685429573059,9388,898144,2.472984790802002,3.583335637813434e-05,0.001,-15.139664710000002,0.00032307495712302625
1.0,74.51,956,939,56136,1.1311752796173096,9392,898288,2.8675670623779297,3.979487519245595e-05,0.001,-15.07493317,0.0003268084255978465
1.0,74.88,956,939,56166,1.076663613319397,9396,898768,-0.8661378622055054,1.7687034414848313e-05,0.001,-15.202517739999998,0.000329510192386806
1.0,74.92,957,939,56188,1.1799962520599365,9400,899120,-0.012827426195144653,2.6951112886308692e-05,0.001,-15.228639399999999,0.0003299312375020236
1.0,74.95,957,939,56197,1.1933000087738037,9404,899264,-0.07533372938632965,1.9325490939081647e-05,0.001,-15.239128000000001,0.0003294442140031606
1.0,74.77,957,939,56206,1.1607129573822021,9408,899408,-0.27872422337532043,1.5458672351087444e-05,0.001,-15.16793917,0.00032927049323916435
1.0,74.51,958,939,56249,1.1409180164337158,9412,900096,0.05292212963104248,4.556715794024058e-05,0.001,-15.07686981,0.00032967617153190076
1.0,74.29,958,939,56260,1.0233696699142456,9416,900272,-0.3521484434604645,3.135804217890836e-05,0.001,-14.97621582,0.00032922436366789043
1.0,74.31,958,939,56273,1.1318280696868896,9420,900480,3.0447025299072266,3.521416147123091e-05,0.001,-14.976334320000001,0.0003281670215073973
1.0,74.51,958,939,56281,1.0822136402130127,9424,900608,-0.44350504875183105,1.5300034647225402e-05,0.001,-15.056684420000003,0.00032805342925712466
1.0,74.58,959,939,56315,1.1759757995605469,9428,901152,-0.20866119861602783,1.8698487110668793e-05,0.001,-15.087213989999999,0.0003260730882175267
1.0,74.68,959,939,56332,1.1734739542007446,9432,901424,-2.8878514766693115,2.339597631362267e-05,0.001,-15.121353449999999,0.00032602925784885883
1.0,74.59,960,939,56351,1.202646255493164,9436,901728,0.3004489541053772,3.5228651540819556e-05,0.001,-15.080208790000002,0.0003215527976863086
1.0,74.39,960,939,56356,1.240597128868103,9440,901808,1.5102620124816895,4.033726145280525e-05,0.001,-14.99761439,0.0003206668479833752
1.0,74.44,960,939,56393,1.0755478143692017,9444,902400,-1.4271299839019775,2.2882153643877245e-05,0.001,-15.011590820000002,0.00032025668770074844
1.0,74.32,961,939,56410,1.231592059135437,9448,902672,1.639240026473999,2.2815669581177644e-05,0.001,-14.953749290000001,0.00031816260889172554
1.0,74.05,961,939,56424,1.1861279010772705,9452,902896,-1.26411771774292,1.8807548258337192e-05,0.001,-14.853491849999997,0.00032009457936510444
1.0,73.98,961,939,56427,1.1732962131500244,9456,902944,-0.40691250562667847,2.8607129934243858e-05,0.001,-14.816323509999997,0.0003203352098353207
1.0,74.38,962,939,56472,1.1540453433990479,9460,903664,1.1613497734069824,1.7532693163957447e-05,0.001,-14.971365889999998,0.0003250451118219644
1.0,74.53,962,939,56486,1.0355521440505981,9464,903888,1.0380405187606812,2.4091259547276422e-05,0.001,-14.987149470000002,0.0003240806399844587
1.0,74.35,962,939,56494,1.1184686422348022,9468,904016,0.015367820858955383,2.767865953501314e-05,0.001,-14.927529029999999,0.0003237704804632813
1.0,74.19,962,939,56507,1.1011455059051514,9472,904224,0.8555506467819214,4.1975261410698295e-05,0.001,-14.85487609,0.00032221831497736275
1.0,74.2,963,939,56544,1.2006416320800781,9476,904816,0.8049624562263489,2.6576135496725328e-05,0.001,-14.85739795,0.00032190902857109904
1.0,73.98,963,939,56554,1.1268508434295654,9480,904976,-2.056873083114624,5.7836470659822226e-05,0.001,-14.77911173,0.00032195966923609376
1.0,74.24,963,939,56571,1.0952484607696533,9484,905248,-0.16435176134109497,3.5178229154553264e-05,0.001,-14.87861631,0.0003205038665328175
1.0,74.47,963,939,56588,1.1304988861083984,9488,905520,0.8436980247497559,2.6415917091071606e-05,0.001,-14.961669060000002,0.0003194109012838453
1.0,74.6,964,939,56620,1.0942168235778809,9492,906032,0.34313154220581055,3.010426735272631e-05,0.001,-15.01369189,0.00031964521622285247
1.0,74.48,964,939,56629,1.0419784784317017,9496,906176,-1.1725096702575684,2.3728960513835773e-05,0.001,-14.9637318,0.0003206283145118505
1.0,74.52,964,939,56656,1.1583268642425537,9500,906608,-1.0880935192108154,3.735382779268548e-05,0.001,-14.976267539999998,0.0003211850125808269
1.0,74.7,964,939,56661,1.1520122289657593,9504,906688,-1.8347256183624268,2.7796142603619955e-05,0.001,-15.03846701,0.0003206029359716922
1.0,74.85,965,939,56686,1.063455581665039,9508,907088,0.4047836661338806,4.252726648701355e-05,0.001,-15.096958459999998,0.0003220659273210913
1.0,74.93,965,939,56703,1.1851310729980469,9512,907360,-0.023278892040252686,5.2245257393224165e-05,0.001,-15.114180670000001,0.0003209997375961393
1.0,74.85,965,939,56725,1.1827623844146729,9516,907712,-1.1542255878448486,2.8704991564154625e-05,0.001,-15.111245070000002,0.00032254698453471065
1.0,74.72,966,939,56737,1.0659303665161133,9520,907904,-0.5325374603271484,2.801630034809932e-05,0.001,-15.04476029,0.0003244935069233179
0.99,74.77,966,939,56761,1.1306605339050293,9524,908288,-1.2877029180526733,3.647375706350431e-05,0.001,-14.97200066,0.0003249521250836551
0.99,74.84,966,939,56780,1.1068073511123657,9528,908592,3.3567299842834473,3.0017065000720322e-05,0.001,-14.905483390000002,0.0003238714416511357
0.99,74.95,967,939,56802,1.057422161102295,9532,908944,-2.259192943572998,5.310839333105832e-05,0.001,-14.945253570000002,0.00032675452530384064
0.99,75.0,967,939,56816,1.1325188875198364,9536,909168,0.33699464797973633,4.1267339838668704e-05,0.001,-14.973886670000002,0.00032751011895015836
0.99,75.17,968,939,56843,1.1893996000289917,9540,909600,-0.1986415982246399,3.294408816145733e-05,0.001,-14.940694670000001,0.00033017832902260125
0.99,75.33,968,939,56851,1.1325548887252808,9544,909728,-2.082411289215088,3.914948320016265e-05,0.001,-14.95926139,0.0003302457043901086
0.99,75.16,968,939,56870,1.1807055473327637,9548,910032,0.3998469114303589,2.312788819835987e-05,0.001,-14.88943375,0.0003296557115390897
0.99,75.31,968,939,56889,1.178633451461792,9552,910336,-1.7568724155426025,2.4553748517064378e-05,0.001,-14.940693310000002,0.00033129772054962814
0.99,75.26,969,939,56917,1.1096699237823486,9556,910784,-0.10025066137313843,2.3719261662336066e-05,0.001,-14.91119659,0.00032766914227977395
0.99,75.3,969,939,56929,1.167097568511963,9560,910976,0.618433952331543,1.7154157831100747e-05,0.001,-14.912129979999998,0.0003285108250565827
0.99,75.19,969,939,56951,1.1560901403427124,9564,911328,0.6241129636764526,3.268363798270002e-05,0.001,-14.90659604,0.0003275104390922934
0.99,75.2,970,939,56961,1.2304667234420776,9568,911488,0.6619576811790466,2.7491169021232054e-05,0.001,-14.90218755,0.0003260619123466313
0.99,75.13,970,939,56987,1.1395676136016846,9572,911904,-0.3926094174385071,4.258901026332751e-05,0.001,-14.878928929999997,0.0003264433762524277
0.99,75.07,970,939,57006,1.1311713457107544,9576,912208,0.09897100925445557,3.314954665256664e-05,0.001,-14.849495600000001,0.00032912075403146446
0.99,75.3,971,939,57026,1.0930092334747314,9580,912528,-1.729087233543396,2.4953371394076385e-05,0.001,-14.933076410000002,0.0003305819118395448
0.99,75.21,971,939,57030,1.0920846462249756,9584,912592,-2.5295186042785645,3.2655749237164855e-05,0.001,-14.893503410000003,0.0003301808319520205
0.99,75.11,971,939,57059,1.1293283700942993,9588,913056,-1.4502239227294922,2.861989923985675e-05,0.001,-14.85415751,0.0003272054309491068
0.99,75.1,972,939,57085,1.2150375843048096,9592,913472,-0.6236592531204224,9.284786210628226e-05,0.001,-14.844777380000004,0.00032207483309321105
0.99,75.01,972,939,57093,1.064883828163147,9596,913600,-1.396141529083252,3.5328012017998844e-05,0.001,-14.82118037,0.0003210790455341339
0.99,74.77,972,939,57111,1.0585603713989258,9600,913888,-1.023918628692627,5.388078716350719e-05,0.001,-14.729565320000004,0.0003183088847436011
0.99,74.67,973,939,57139,1.0766351222991943,9604,914336,1.1923810243606567,2.865757414838299e-05,0.001,-14.692029919999998,0.0003195242315996438
0.99,74.72,973,939,57160,1.117105484008789,9608,914672,-0.7970842719078064,2.6817742764251307e-05,0.001,-14.715300930000002,0.00032326538348570466
0.99,75.05,973,939,57176,1.0855796337127686,9612,914928,1.333909034729004,3.409777855267748e-05,0.001,-14.850990390000002,0.0003235389885958284
0.99,75.42,974,939,57188,1.2333874702453613,9616,915120,0.31733623147010803,2.686987500055693e-05,0.001,-14.972597839999999,0.00032570294570177794
0.99,75.56,974,939,57205,1.0154039859771729,9620,915392,-0.41944587230682373,3.7823832826688886e-05,0.001,-15.03878604,0.000327837624354288
1.0,75.51,974,939,57238,1.1022545099258423,9624,915920,-0.2119232714176178,2.1945350454188883e-05,0.001,-15.117862339999999,0.0003271395980846137
1.0,75.4,975,939,57248,1.1885207891464233,9628,916080,-0.6716991662979126,2.4553915864089504e-05,0.001,-15.16122463,0.0003259907243773341
1.0,75.75,975,939,57274,1.1869184970855713,9632,916496,0.05019766092300415,2.3048152797855437e-05,0.001,-15.301063319999999,0.0003219839418306947
1.0,75.66,975,939,57290,1.1563355922698975,9636,916752,-0.8881500959396362,3.2374096917919815e-05,0.001,-15.267087660000001,0.00032112712506204844
1.0,75.59,976,939,57316,1.0911858081817627,9640,917168,-0.1190652847290039,2.686923289729748e-05,0.001,-15.34004143,0.00031910307006910443
1.0,75.45,976,939,57324,0.9963410496711731,9644,917296,0.38661661744117737,2.0684261471615173e-05,0.001,-15.33599861,0.000319801940349862
1.0,75.47,976,939,57344,1.1856379508972168,9648,917616,-0.1752350628376007,2.841305649781134e-05,0.001,-15.356523520000001,0.0003234239120502025
1.0,75.3,977,939,57370,1.0853655338287354,9652,918032,-1.0507407188415527,2.8139260393800214e-05,0.001,-15.30151891,0.00032572189229540527
1.0,75.42,977,939,57384,1.2458142042160034,9656,918256,-0.4713820815086365,3.293092595413327e-05,0.001,-15.369224480000003,0.00032611258211545646
1.0,75.39,977,939,57403,1.1790516376495361,9660,918560,1.0968294143676758,5.1041351980529726e-05,0.001,-15.36647663,0.0003253027971368283
1.0,75.25,977,939,57408,1.1639962196350098,9664,918640,-0.5850663185119629,2.6055049602291547e-05,0.001,-15.320745050000001,0.0003252097521908581
1.0,75.17,978,939,57438,1.1227937936782837,9668,919120,1.0450562238693237,2.159562245651614e-05,0.001,-15.28789975,0.0003206640831194818
1.0,75.4,978,939,57462,1.2223892211914062,9672,919504,2.5182042121887207,3.2777337764855474e-05,0.001,-15.375283390000002,0.000324579537846148
1.0,75.33,978,939,57480,1.0183100700378418,9676,919792,0.5550235509872437,4.3548432586248964e-05,0.001,-15.356834650000001,0.0003223569074179977
1.0,75.54,978,939,57484,1.1450246572494507,9680,919856,0.11958738416433334,5.895789945498109e-05,0.001,-15.44516915,0.00032166874734684825
1.0,75.69,979,939,57517,1.18670654296875,9684,920384,-2.364142894744873,2.5478790121269412e-05,0.001,-15.504302829999999,0.00032160923001356423
1.0,75.6,979,939,57532,1.1355478763580322,9688,920624,1.2765063047409058,3.133694553980604e-05,0.001,-15.475555459999999,0.0003214828611817211
1.0,75.11,980,939,57544,1.0614713430404663,9692,920816,-0.6081709861755371,2.4802367988741025e-05,0.001,-15.2984464,0.0003224239335395396
1.0,75.06,980,939,57553,1.2907530069351196,9696,920960,0.1462441086769104,2.0441726519493386e-05,0.001,-15.27648019,0.00032383220968768
1.0,74.92,980,939,57592,1.2170400619506836,9700,921584,-2.1705803871154785,1.5705842088209465e-05,0.001,-15.228650040000002,0.0003226250992156565
1.0,74.93,981,939,57606,1.1528019905090332,9704,921808,-1.008960485458374,1.9918994439649396e-05,0.001,-15.23347956,0.0003205760149285197
1.0,74.67,981,939,57616,1.1972075700759888,9708,921968,0.6183639764785767,5.7201890740543604e-05,0.001,-15.133184589999995,0.00032026678672991693
1.0,74.3,981,939,57629,1.1494545936584473,9712,922176,-0.7246016263961792,4.101103331777267e-05,0.001,-14.99888914,0.00032006617402657866
1.0,74.21,982,939,57667,1.1084551811218262,9716,922784,1.5401418209075928,3.1510498956777155e-05,0.001,-14.96940904,0.0003181859792675823
1.0,74.22,982,939,57684,1.173893690109253,9720,923056,-0.3850210905075073,3.468609065748751e-05,0.001,-14.96817185,0.0003184057422913611
1.0,74.37,982,939,57694,1.095069408416748,9724,923216,-0.3242454528808594,2.7546353521756828e-05,0.001,-15.030210809999998,0.0003183847584296018
1.0,74.54,982,939,57712,1.0645757913589478,9728,923504,-0.5349905490875244,6.242255039978772e-05,0.001,-15.103269869999998,0.0003180779458489269
1.0,74.33,983,939,57732,1.1792919635772705,9732,923824,1.921492338180542,2.9573395295301452e-05,0.001,-15.02199427,0.00031640578527003527
1.0,74.21,983,939,57758,1.1924834251403809,9736,924240,2.4576833248138428,4.579096275847405e-05,0.001,-14.98009914,0.0003197098558302969
1.0,74.02,983,939,57767,1.1633011102676392,9740,924384,-2.8493738174438477,3.2139803806785494e-05,0.001,-14.909957820000002,0.00032000942155718803
1.0,74.1,984,939,57788,1.1717064380645752,9744,924720,1.5860027074813843,2.072893039439805e-05,0.001,-14.940499510000002,0.0003163203946314752
1.0,74.25,984,939,57810,1.2136569023132324,9748,925072,1.3296397924423218,1.955454354174435e-05,0.001,-14.990849269999996,0.0003186988760717213
1.0,74.05,984,939,57831,1.1015244722366333,9752,925408,0.1912931203842163,2.1524210751522332e-05,0.001,-14.908571579999998,0.00032178591936826706
1.0,73.97,985,939,57844,1.2959632873535156,9756,925616,-2.1087777614593506,3.9976184780243784e-05,0.001,-14.867555300000001,0.00031994105665944517
1.0,74.24,985,939,57865,1.2654705047607422,9760,925952,1.6884543895721436,2.6917568902717903e-05,0.001,-14.982852179999998,0.000317212485242635
1.0,74.19,985,939,57874,1.2388414144515991,9764,926096,-0.013635814189910889,1.7787366232369095e-05,0.001,-14.965381659999997,0.00031642752583138645
1.0,74.29,986,939,57904,1.1730804443359375,9768,926576,-0.5239040851593018,3.7177203921601176e-05,0.001,-15.000891949999996,0.0003149988770019263
1.0,74.18,986,939,57916,1.323941707611084,9772,926768,-0.20742154121398926,4.48822756879963e-05,0.001,-14.96073339,0.0003127130039501935
1.0,73.98,986,939,57937,1.0994675159454346,9776,927104,-0.04312944412231445,2.311723801540211e-05,0.001,-14.886469650000002,0.00031310124904848635
1.0,73.8,986,939,57946,1.1220520734786987,9780,927248,0.4818306267261505,1.8074888430419378e-05,0.001,-14.813604160000002,0.00031307226163335145
1.0,73.73,987,939,57980,1.1903256177902222,9784,927792,-0.4763649106025696,3.139927139272913e-05,0.001,-14.79210409,0.00031403335742652416
1.0,73.87,987,939,57989,1.108288288116455,9788,927936,0.8894388675689697,2.4085136828944087e-05,0.001,-14.846681419999998,0.00031437372672371566
1.0,74.04,987,940,58007,1.1399781703948975,9792,928224,0.5113388895988464,4.482351505430415e-05,0.001,-14.910773790000002,0.00031302389106713235
1.0,74.12,987,940,58024,1.0700031518936157,9796,928496,0.17721235752105713,4.7400804760400206e-05,0.001,-14.93639586,0.0003134818689431995
1.0,74.08,987,940,58050,1.2611587047576904,9800,928912,1.8358430862426758,2.672083064680919e-05,0.001,-14.921264670000001,0.0003098063461948186
1.0,74.2,988,940,58067,1.130580186843872,9804,929184,1.1883634328842163,2.1932126401225105e-05,0.001,-14.975761220000003,0.0003110227407887578
1.0,74.38,988,940,58082,1.072312355041504,9808,929424,0.2942095398902893,1.977466672542505e-05,0.001,-15.04247071,0.0003130221157334745
1.0,74.51,988,940,58097,1.1346884965896606,9812,929664,-0.34744036197662354,2.198348374804482e-05,0.001,-15.075882380000001,0.00031412707176059484
1.0,74.21,988,940,58119,1.1784873008728027,9816,930016,2.155536413192749,3.002663652296178e-05,0.001,-14.966260559999997,0.0003163397195748985
1.0,74.08,988,940,58141,1.2357839345932007,9820,930368,2.9404468536376953,3.367825411260128e-05,0.001,-14.917193560000001,0.0003207888803444803
1.0,74.04,989,940,58165,1.1348795890808105,9824,930752,1.9314498901367188,4.0423943573841825e-05,0.001,-14.898914850000004,0.0003217205812688917
1.0,74.04,989,940,58175,1.224384069442749,9828,930912,1.1174782514572144,4.416911178850569e-05,0.001,-14.896318889999998,0.0003214831813238561
1.0,73.74,989,940,58191,1.2616326808929443,9832,931168,-0.7946844100952148,2.3496486392104998e-05,0.001,-14.787985029999998,0.0003215497126802802
1.0,73.75,990,941,58222,1.1503527164459229,9836,931664,-1.5668840408325195,2.604047767817974e-05,0.001,-14.797929879999996,0.0003237111959606409
1.0,74.0,990,941,58238,1.166654348373413,9840,931920,1.0667105913162231,2.564082751632668e-05,0.001,-14.888470669999998,0.0003222936065867543
1.0,73.72,990,941,58247,1.1476483345031738,9844,932064,0.7848363518714905,3.261457459302619e-05,0.001,-14.786853240000001,0.0003215975593775511
1.0,73.72,990,941,58262,1.0235371589660645,9848,932304,-1.4397246837615967,3.3262986107729375e-05,0.001,-14.79274132,0.00032040945370681584
1.0,73.81,990,941,58296,1.1175256967544556,9852,932848,-2.115964651107788,4.588778392644599e-05,0.001,-14.834156159999997,0.00031618709908798337
1.0,73.83,991,941,58308,1.2824652194976807,9856,933040,-0.5453870892524719,2.7708523703040555e-05,0.001,-14.8456844,0.00031576192122884095
1.0,73.77,991,941,58322,1.1586554050445557,9860,933264,-2.160069465637207,2.8393051252351142e-05,0.001,-14.80973523,0.00031426610075868666
1.0,74.01,991,941,58343,1.154384970664978,9864,933600,2.4759504795074463,2.3551920094178058e-05,0.001,-14.895237580000003,0.0003105091454926878
1.0,74.13,991,941,58370,1.1871373653411865,9868,934032,-2.431448459625244,2.1890524294576608e-05,0.001,-14.94214088,0.0003091169346589595
1.0,74.12,991,941,58384,1.1952264308929443,9872,934256,2.2373833656311035,5.772419535787776e-05,0.001,-14.93463352,0.00030691854772157967
1.0,74.53,992,941,58404,1.0752127170562744,9876,934576,-2.8487324714660645,4.146671562921256e-05,0.001,-15.09655233,0.0003077617730014026
1.0,74.35,992,941,58418,1.2280622720718384,9880,934800,-0.7207430601119995,3.7648893339792266e-05,0.001,-15.024247370000001,0.00030853142379783094
1.0,74.24,992,941,58437,1.2361705303192139,9884,935104,-1.4076013565063477,2.991632209159434e-05,0.001,-14.97664178,0.00030617453739978373
1.0,74.16,993,941,58467,1.1685317754745483,9888,935584,1.598428726196289,4.391750189824961e-05,0.001,-14.95086396,0.000304092129226774
1.0,74.23,993,941,58471,1.1411036252975464,9892,935648,0.6933688521385193,3.156622915412299e-05,0.001,-14.97152776,0.0003047037753276527
1.0,74.19,993,941,58490,1.1349278688430786,9896,935952,-1.014626145362854,2.7749259970732965e-05,0.001,-14.957554190000002,0.00030868948670104146
1.0,74.34,993,941,58511,1.21000075340271,9900,936288,-0.12327107787132263,1.900154529721476e-05,0.001,-15.00885015,0.0003087775257881731
1.0,74.15,994,941,58535,1.2604423761367798,9904,936672,4.02244758605957,3.8691996451234445e-05,0.001,-14.9338278,0.0003075948334299028
1.0,74.07,994,942,58547,1.229292631149292,9908,936864,-0.7880896329879761,4.235249070916325e-05,0.001,-14.899940549999998,0.00030973070533946157
1.0,73.82,994,942,58558,1.0860755443572998,9912,937040,-0.7934979200363159,4.961144077242352e-05,0.001,-14.80974812,0.0003093909181188792
1.0,73.97,994,942,58582,1.208701252937317,9916,937424,0.5182080268859863,2.6279743906343356e-05,0.001,-14.871925979999999,0.0003107491065748036
1.0,74.14,995,942,58611,1.070676326751709,9920,937888,-1.20845365524292,2.7657921236823313e-05,0.001,-14.94503412,0.0003088785451836884
1.0,74.1,995,942,58624,1.2774488925933838,9924,938096,-0.3821824789047241,4.3425417970865965e-05,0.001,-14.934427400000004,0.0003096568980254233
1.0,74.22,995,942,58634,1.1789143085479736,9928,938256,1.3126723766326904,2.8589583962457255e-05,0.001,-14.973377359999999,0.000308995193336159
1.0,74.41,996,942,58660,1.2842540740966797,9932,938672,-0.7129812240600586,4.8683592467568815e-05,0.001,-15.03983702,0.0003105307405348867
1.0,74.38,996,942,58688,1.1464531421661377,9936,939120,-1.0032713413238525,2.7016996682505123e-05,0.001,-15.025990870000001,0.0003061044553760439
1.0,74.21,997,942,58700,1.2082109451293945,9940,939312,-0.6367696523666382,3.180096246069297e-05,0.001,-14.96182727,0.0003042217867914587
1.0,74.53,997,942,58716,1.1766088008880615,9944,939568,1.3363101482391357,4.420283221406862e-05,0.001,-15.07354832,0.0003082773182541132
1.0,74.59,997,942,58726,1.1585330963134766,9948,939728,-2.6043128967285156,2.614198274386581e-05,0.001,-15.09209176,0.000310052273562178
1.0,74.47,998,942,58766,1.2200396060943604,9952,940368,1.6381418704986572,2.4460543500026688e-05,0.001,-15.05496576,0.0003035783884115517
1.0,74.54,998,941,58774,1.1357091665267944,9956,940496,-0.4608449935913086,2.5251316401408985e-05,0.001,-15.08644497,0.00030323522514663637
1.0,74.31,998,941,58785,1.3342753648757935,9960,940672,1.9963161945343018,4.14190799347125e-05,0.001,-14.95424135,0.00030265768873505294
1.0,74.31,998,942,58807,1.1744202375411987,9964,941024,1.3171658515930176,3.233745519537479e-05,0.001,-14.94717026,0.00030133259133435786
1.0,74.46,999,942,58838,1.1539695262908936,9968,941520,-1.0261528491973877,2.487548226781655e-05,0.001,-15.002870849999997,0.0003044560144189745
1.0,74.49,999,942,58852,1.2133886814117432,9972,941744,-1.2486906051635742,3.166761598549783e-05,0.001,-15.014004270000003,0.0003045806079171598
1.0,74.32,999,942,58857,1.2059612274169922,9976,941824,1.9877564907073975,3.400800778763369e-05,0.001,-14.94398744,0.00030429608887061477
1.0,74.12,999,942,58880,1.151716947555542,9980,942192,-0.21587786078453064,2.0321274860179983e-05,0.001,-14.872197510000001,0.0003069416561629623
1.0,74.23,1000,942,58917,1.156868577003479,9984,942784,0.3715558648109436,2.5394792828592472e-05,0.001,-14.912826400000002,0.00030511931981891394
1.0,74.09,1000,942,58921,1.1827634572982788,9988,942848,-0.1957772672176361,1.558608710183762e-05,0.001,-14.85505499,0.00030551038798876107
1.0,74.33,1000,942,58932,1.2862772941589355,9992,943024,-0.16132572293281555,1.8998362065758556e-05,0.001,-14.940924160000002,0.0003066833014599979
1.0,74.44,1000,942,58956,1.133730173110962,9996,943408,1.7392957210540771,2.788417441479396e-05,0.001,-14.98390269,0.0003078651207033545
1.0,74.17,1001,942,58981,1.2414947748184204,10000,943808,-0.3764268457889557,2.6837595214601606e-05,0.001,-14.888815429999998,0.0003088122757617384
1.0,74.22,1001,942,58994,1.1017295122146606,10004,944016,-4.604373455047607,2.4508179194526747e-05,0.001,-14.912662770000003,0.000309097784338519
1.0,74.23,1001,942,59008,1.216456651687622,10008,944240,1.9244765043258667,1.858654650277458e-05,0.001,-14.922989699999999,0.00030661807977594435
1.0,74.65,1002,942,59034,1.3008406162261963,10012,944656,0.9693723917007446,2.3866057745181024e-05,0.001,-15.096407629999998,0.00030639534816145897
1.0,74.9,1002,942,59054,1.1244051456451416,10016,944976,1.163386344909668,2.2868764062877744e-05,0.001,-15.19158929,0.00030347390566021204
1.0,74.67,1002,942,59067,1.071786880493164,10020,945184,-0.5065196752548218,2.5245017241104506e-05,0.001,-15.10014172,0.00030346232233569026
1.0,74.54,1003,942,59078,1.0841031074523926,10024,945360,-1.4308172464370728,2.6870422516367398e-05,0.001,-15.047440589999999,0.00030364817939698696
1.0,74.43,1003,942,59109,1.1770837306976318,10028,945856,1.4402780532836914,4.438286487129517e-05,0.001,-14.99644031,0.0003039257135242224
1.0,74.36,1003,942,59126,1.2104142904281616,10032,946128,2.627882957458496,2.8732221835525706e-05,0.001,-14.96891392,0.0003061628376599401
1.0,74.25,1004,942,59135,1.200109839439392,10036,946272,-0.42769816517829895,2.554379534558393e-05,0.001,-14.928625539999999,0.0003077917208429426
1.0,74.28,1004,942,59154,1.2504713535308838,10040,946576,-1.595732569694519,6.041195592842996e-05,0.001,-14.936611120000002,0.00030669852276332676
1.0,74.09,1004,942,59181,1.2882080078125,10044,947008,0.15219998359680176,2.6573794457362965e-05,0.001,-14.864841120000001,0.0003051970270462334
1.0,74.22,1005,942,59203,1.2505006790161133,10048,947360,-1.5459507703781128,2.4907505576265976e-05,0.001,-14.91531777,0.00030448040342889726
1.0,74.4,1005,942,59209,1.1719661951065063,10052,947456,-0.008827745914459229,2.0920186216244474e-05,0.001,-14.970392850000001,0.00030347128631547093
1.0,74.4,1005,942,59235,1.1236681938171387,10056,947872,0.5105358362197876,3.439339707256295e-05,0.001,-14.96015492,0.0003026591439265758
1.0,74.42,1006,942,59262,1.1606698036193848,10060,948304,3.018373727798462,1.981913374038413e-05,0.001,-15.019268399999998,0.0003032540262211114
1.0,74.33,1006,942,59278,1.2620446681976318,10064,948560,-1.2553343772888184,2.002754990826361e-05,0.001,-14.987256260000002,0.00030516181141138077
0.99,74.39,1006,942,59288,1.3111579418182373,10068,948720,1.3851995468139648,2.4057835616986267e-05,0.001,-14.915245269999998,0.0003053446125704795
0.99,74.33,1006,942,59303,1.1405400037765503,10072,948960,-0.6742092370986938,2.3811342543922365e-05,0.001,-14.893984449999998,0.00030712143052369356
0.99,74.61,1007,942,59336,1.1874744892120361,10076,949488,3.1500887870788574,7.437407475663349e-05,0.001,-15.00666348,0.0003099795139860362
0.99,74.73,1007,942,59357,1.2118898630142212,10080,949824,0.003955721855163574,1.8460326828062534e-05,0.001,-15.05030995,0.0003142987843602896
0.99,74.9,1008,942,59367,1.1686458587646484,10084,949984,-0.8768573999404907,1.8465016182744876e-05,0.001,-15.109782139999998,0.0003142220666632056
0.99,75.27,1008,942,59386,1.110162377357483,10088,950288,0.7865404486656189,1.875806447060313e-05,0.001,-15.26380663,0.000314034812618047
0.99,75.18,1008,942,59408,1.117985725402832,10092,950640,-2.3318121433258057,2.0203862732159905e-05,0.001,-15.2353681,0.00031425501219928265
0.99,75.2,1009,942,59431,1.2297959327697754,10096,951008,0.5868687629699707,2.5383651518495753e-05,0.001,-15.246600119999997,0.00031249684980139136
0.99,75.48,1009,942,59440,1.261522889137268,10100,951152,-1.3150912523269653,5.136800609761849e-05,0.001,-15.349513620000003,0.00031170304282568395
0.99,75.71,1009,942,59468,1.285228967666626,10104,951600,1.742922306060791,3.747001028386876e-05,0.001,-15.431616309999999,0.0003062279720325023
0.99,75.97,1010,942,59490,1.2030081748962402,10108,951952,0.39947009086608887,2.4072125597740524e-05,0.001,-15.525788309999998,0.00030730277649126947
0.99,75.63,1010,942,59502,1.034889817237854,10112,952144,0.14187419414520264,3.386600292287767e-05,0.001,-15.38640712,0.0003075924760196358
0.99,75.43,1010,942,59519,1.1654548645019531,10116,952416,-1.596738576889038,2.744694756984245e-05,0.001,-15.309663719999998,0.00030695481109432876
0.99,75.51,1010,942,59528,1.1749554872512817,10120,952560,-1.9066716432571411,2.7634678190224804e-05,0.001,-15.341154350000002,0.00030518887797370553
0.99,75.24,1011,942,59562,1.0985649824142456,10124,953104,-0.6942052841186523,3.375500091351569e-05,0.001,-15.243027350000002,0.0003003061283379793
0.99,75.26,1011,942,59577,1.1470096111297607,10128,953344,-0.750773549079895,2.233608392998576e-05,0.001,-15.26958109,0.0003001099976245314
0.99,75.06,1011,942,59589,1.241908073425293,10132,953536,-2.3786845207214355,2.9210354114184156e-05,0.001,-15.204852180000003,0.0002992797235492617
0.99,75.4,1012,942,59615,1.1456725597381592,10136,953952,0.47264403104782104,2.7812326152343303e-05,0.001,-15.341004719999999,0.0002994947135448456
0.99,75.47,1012,942,59634,1.137471318244934,10140,954256,-0.0031297802925109863,2.695469811442308e-05,0.001,-15.366492480000002,0.0003004384634550661
0.99,75.35,1012,942,59650,1.2465205192565918,10144,954512,1.0681779384613037,3.3014155633281916e-05,0.001,-15.319080350000002,0.0003014282847288996
0.99,75.34,1013,942,59664,1.0055947303771973,10148,954736,-2.5725960731506348,2.294277146575041e-05,0.001,-15.321253900000002,0.00030335961491800845
0.99,75.48,1013,942,59687,1.0711467266082764,10152,955104,0.2278754711151123,4.510115468292497e-05,0.001,-15.38072919,0.00030582433100789785
0.99,75.21,1013,942,59706,1.22690749168396,10156,955408,-0.7179985642433167,2.3957067242008634e-05,0.001,-15.287343420000003,0.00030563276959583163
0.99,75.36,1014,942,59734,1.1899869441986084,10160,955856,-0.8985492587089539,2.94769270112738e-05,0.001,-15.35309865,0.00030419015092775226
0.99,75.55,1014,942,59745,1.2307910919189453,10164,956032,-1.3402252197265625,2.366884655202739e-05,0.001,-15.428730380000001,0.00030355434864759445
1.0,75.58,1015,942,59770,1.1574857234954834,10168,956432,0.45268678665161133,2.1700998331652954e-05,0.001,-15.46015811,0.00030517694540321827
1.0,75.8,1015,942,59788,1.1926867961883545,10172,956720,-0.9561192989349365,3.4258791856700554e-05,0.001,-15.552344439999999,0.00030599822639487684
1.0,75.5,1015,942,59805,1.116166353225708,10176,956992,-2.494213819503784,4.781974712386727e-05,0.001,-15.436909200000002,0.0003066739300265908
1.0,75.7,1015,942,59821,1.188088059425354,10180,957248,-0.3787550628185272,2.7420905098551884e-05,0.001,-15.511652319999996,0.00030466369935311377
1.0,75.42,1016,942,59840,1.2530913352966309,10184,957552,0.4317304491996765,4.471485226531513e-05,0.001,-15.4102398,0.0003047598875127733
1.0,75.03,1016,942,59860,1.2007019519805908,10188,957872,-0.43274083733558655,4.385569991427474e-05,0.001,-15.253018920000002,0.0003018364659510553
1.0,75.2,1017,942,59885,1.0771644115447998,10192,958272,-1.9920494556427002,1.3446575394482352e-05,0.001,-15.31285653,0.0002991695946548134
1.0,75.08,1017,942,59891,1.125040888786316,10196,958368,0.8105014562606812,2.8881864636787213e-05,0.001,-15.26274203,0.0002989168860949576
1.0,74.87,1017,942,59908,1.271951675415039,10200,958640,1.7896461486816406,2.1814186766278e-05,0.001,-15.186631269999998,0.0003000170108862221
1.0,74.73,1017,942,59929,1.2106914520263672,10204,958976,1.9919713735580444,1.885666097223293e-05,0.001,-15.141262400000002,0.00030156085267663
1.0,74.25,1018,942,59954,1.189253568649292,10208,959376,-0.44232556223869324,3.220205690013245e-05,0.001,-14.965118120000001,0.00030358010553754866
1.0,74.41,1018,942,59969,1.0441837310791016,10212,959616,-0.044570744037628174,1.635588523640763e-05,0.001,-15.018762090000003,0.00030358592630364
1.0,74.72,1018,942,59990,1.1161937713623047,10216,959952,-0.20702874660491943,4.3335341615602374e-05,0.001,-15.13687737,0.00030104906181804836
1.0,75.11,1019,942,60014,1.3031456470489502,10220,960336,0.05166703462600708,3.272310277679935e-05,0.001,-15.280608350000001,0.0002991712826769799
1.0,75.65,1019,942,60035,1.2443888187408447,10224,960672,1.239281177520752,3.402694710530341e-05,0.001,-15.47902032,0.0002973522641696036
1.0,75.57,1019,942,60045,1.102110505104065,10228,960832,2.422534465789795,2.2948119294596836e-05,0.001,-15.436823359999998,0.00029848076519556344
1.0,75.63,1020,942,60071,1.2328767776489258,10232,961248,1.7101253271102905,3.755253419512883e-05,0.001,-15.45693268,0.0003023542230948806
1.0,75.49,1020,942,60087,1.228833794593811,10236,961504,-2.3046350479125977,4.7525183617835864e-05,0.001,-15.399190979999998,0.0003033274842891842
1.0,75.28,1020,942,60103,1.1454980373382568,10240,961760,-0.9350864291191101,2.9131204428267665e-05,0.001,-15.319324900000003,0.00030418814276345074
1.0,75.32,1021,942,60118,1.244532823562622,10244,962000,1.166195034980774,4.804497439181432e-05,0.001,-15.333309730000002,0.0003050433879252523
1.0,75.31,1021,942,60145,1.1545369625091553,10248,962432,-1.4510071277618408,2.073317955364473e-05,0.001,-15.324962549999999,0.00030505473841913044
1.0,75.16,1021,942,60164,1.1948540210723877,10252,962736,-0.3249727785587311,3.997544990852475e-05,0.001,-15.265359499999997,0.0003056068380828947
1.0,75.34,1021,942,60174,1.2295620441436768,10256,962896,-1.672027587890625,2.2423495465773158e-05,0.001,-15.332778000000001,0.0003052025567740202
1.0,75.14,1022,942,60193,1.0785059928894043,10260,963200,2.5697202682495117,2.2220945538720116e-05,0.001,-15.2449317,0.000302566506434232
1.0,75.03,1022,942,60212,1.1680984497070312,10264,963504,2.6763272285461426,4.738171264762059e-05,0.001,-15.21170702,0.00030112892272882164
1.0,74.68,1023,942,60238,1.2085301876068115,10268,963920,-0.34124940633773804,2.0589712221408263e-05,0.001,-15.150274609999999,0.00030128774233162403
1.0,74.53,1023,942,60249,1.2140445709228516,10272,964096,1.2125391960144043,3.0051513022044674e-05,0.001,-15.094967150000002,0.0002994364476762712
1.0,74.69,1023,942,60270,1.0641272068023682,10276,964432,2.8558411598205566,1.765868000802584e-05,0.001,-15.153668980000003,0.0002968473418150097
1.0,74.54,1023,942,60291,1.208088994026184,10280,964768,0.3161126375198364,3.178801489411853e-05,0.001,-15.100915770000002,0.00030073372181504965
1.0,74.41,1024,942,60310,1.1590874195098877,10284,965072,0.4884676933288574,3.833211667370051e-05,0.001,-15.05589072,0.0003024557081516832
1.0,74.7,1024,942,60328,1.1370023488998413,10288,965360,-0.125951886177063,2.6838424673769623e-05,0.001,-15.165000279999997,0.00030550279188901186
1.0,74.73,1024,942,60349,1.1799561977386475,10292,965696,-1.5794717073440552,2.6636103939381428e-05,0.001,-15.17614891,0.00030433639767579734
1.0,74.96,1024,942,60363,1.174585223197937,10296,965920,-1.1212670803070068,6.725155981257558e-05,0.001,-15.263167249999999,0.00030361051904037595
1.0,75.12,1025,942,60388,1.0829086303710938,10300,966320,0.171852707862854,2.3362712454400025e-05,0.001,-15.32028555,0.000300896936096251
1.0,75.18,1025,942,60402,1.205430030822754,10304,966544,0.6611591577529907,6.552573177032173e-05,0.001,-15.33826605,0.000301843392662704
1.0,75.41,1025,942,60423,1.2383148670196533,10308,966880,1.9738214015960693,3.715536877280101e-05,0.001,-15.418830790000001,0.0003053682157769799
1.0,75.36,1026,942,60429,1.0899591445922852,10312,966976,0.2938586473464966,3.0797062208876014e-05,0.001,-15.408741070000001,0.00030646458617411554
1.0,74.93,1026,942,60457,1.0315648317337036,10316,967424,0.05185824632644653,4.360396269476041e-05,0.001,-15.24075177,0.0003042339812964201
1.0,74.74,1026,942,60476,1.109731674194336,10320,967728,0.4969499707221985,1.3702485375688411e-05,0.001,-15.17072312,0.0003058071306440979
1.0,74.48,1027,942,60498,1.2108206748962402,10324,968080,0.0288161039352417,4.219615220790729e-05,0.001,-15.07926639,0.0003078794979956001
1.0,74.63,1027,942,60506,1.2182316780090332,10328,968208,0.1962643712759018,3.969866156694479e-05,0.001,-15.138593380000001,0.00030698059708811343
1.0,74.61,1027,942,60537,1.350722312927246,10332,968704,-1.320594310760498,2.4375181965297088e-05,0.001,-15.12900647,0.00030511582735925913
1.0,74.58,1028,942,60555,1.2349590063095093,10336,968992,-0.8750957250595093,4.353503754828125e-05,0.001,-15.110853439999996,0.0003031034138984978
1.0,74.44,1028,942,60564,1.1761095523834229,10340,969136,2.1621439456939697,2.9692124371649697e-05,0.001,-15.077736980000003,0.00030134752159938216
1.0,74.17,1028,942,60584,1.2557659149169922,10344,969456,0.7388206720352173,2.928206231445074e-05,0.001,-14.988986839999997,0.0003024398465640843
1.0,74.39,1029,942,60612,1.3106379508972168,10348,969904,1.0357394218444824,1.9323257220094092e-05,0.001,-15.08166252,0.0003043604956474155
1.0,74.17,1029,942,60620,1.260944128036499,10352,970032,1.9466757774353027,2.3860826331656426e-05,0.001,-14.99928984,0.00030482670990750194
1.0,74.08,1029,942,60637,1.135698676109314,10356,970304,-0.47104060649871826,2.0864757971139625e-05,0.001,-14.96816056,0.00030687812250107527
1.0,74.16,1029,942,60660,1.3474297523498535,10360,970672,0.36236172914505005,3.0010582122486085e-05,0.001,-15.012248469999998,0.0003058429865632206
1.0,74.01,1030,942,60679,1.0532193183898926,10364,970976,-0.4744894504547119,3.8485908589791507e-05,0.001,-14.95839648,0.000305934896459803
1.0,73.94,1030,942,60699,1.2479156255722046,10368,971296,-1.6996750831604004,3.86538085876964e-05,0.001,-14.94426539,0.00030497563420794904
1.0,73.91,1030,942,60712,1.1996744871139526,10372,971504,-0.5996222496032715,3.7426623748615384e-05,0.001,-14.941605650000001,0.00030331272864714265
1.0,73.59,1031,942,60734,1.282540202140808,10376,971856,1.7184326648712158,4.023416113341227e-05,0.001,-14.813005629999997,0.0003010861109942198
1.0,73.75,1031,942,60754,1.298485517501831,10380,972176,0.43585309386253357,3.633067535702139e-05,0.001,-14.858946719999999,0.00030263143707998097
1.0,73.98,1031,942,60772,1.2340710163116455,10384,972464,-3.4757862091064453,2.9841392461094074e-05,0.001,-14.943888170000001,0.0003029016952496022
1.0,74.08,1032,942,60791,1.2022297382354736,10388,972768,2.3279545307159424,4.41699885413982e-05,0.001,-14.98554977,0.0003019553842023015
1.0,73.88,1032,942,60806,1.0835978984832764,10392,973008,1.9761532545089722,4.349711525719613e-05,0.001,-14.90670793,0.0003027494822163135
1.0,73.82,1032,942,60819,1.1539353132247925,10396,973216,-1.7939646244049072,1.8448688933858648e-05,0.001,-14.88703374,0.0003037596761714667
1.0,73.6,1033,942,60849,1.20326828956604,10400,973696,2.2332255840301514,2.6607580366544425e-05,0.001,-14.802733939999998,0.00030035508098080754
1.0,73.56,1033,942,60867,1.1475735902786255,10404,973984,-1.1533246040344238,2.6371373678557575e-05,0.001,-14.7875216,0.00030235969461500645
1.0,73.69,1033,942,60884,1.2459211349487305,10408,974256,0.3298153281211853,2.632221730891615e-05,0.001,-14.84188805,0.0003021927550435066
1.0,73.83,1033,942,60899,1.2123627662658691,10412,974496,-0.2573779821395874,3.115293657174334e-05,0.001,-14.892683670000002,0.0003039912262465805
1.0,73.98,1034,942,60922,1.388249158859253,10416,974864,-1.9083657264709473,2.8834043405367993e-05,0.001,-14.951753380000003,0.00030355204944498837
1.0,73.92,1034,942,60944,1.1022018194198608,10420,975216,-1.2062379121780396,3.723844565683976e-05,0.001,-14.932843380000001,0.00030218932079151273
1.0,73.91,1034,942,60957,1.040137529373169,10424,975424,-0.21820443868637085,2.5066874513868243e-05,0.001,-14.926594750000001,0.0003019510768353939
1.0,74.03,1035,942,60973,1.229638934135437,10428,975680,-0.8377924561500549,2.5786446713027544e-05,0.001,-14.973960650000002,0.00030084903119131923
1.0,74.11,1035,942,60992,1.235344648361206,10432,975984,-2.9315185546875,4.992103640688583e-05,0.001,-15.00381102,0.0003015499096363783
1.0,74.16,1035,942,61015,1.1430145502090454,10436,976352,0.09042280912399292,1.8854585505323485e-05,0.001,-15.029829659999997,0.00030088602215982974
1.0,74.79,1036,942,61042,1.2288990020751953,10440,976784,0.4155867397785187,2.8122558433096856e-05,0.001,-15.24871994,0.000299815641483292
1.0,75.09,1036,942,61050,1.2553119659423828,10444,976912,-1.5310373306274414,1.575930400576908e-05,0.001,-15.36054802,0.0002996332768816501
1.0,74.83,1036,942,61063,1.2532949447631836,10448,977120,2.3386340141296387,3.8656195101793855e-05,0.001,-15.25583836,0.00029883993556723
1.0,74.94,1037,942,61091,1.1077841520309448,10452,977568,1.7781223058700562,3.0969058570917696e-05,0.001,-15.29387846,0.0003026836784556508
1.0,74.91,1037,942,61113,1.3137898445129395,10456,977920,0.18666040897369385,3.1444589694729075e-05,0.001,-15.282784749999996,0.00030530503136105835
1.0,74.8,1037,942,61128,1.080287218093872,10460,978160,0.37224799394607544,4.1346946090925485e-05,0.001,-15.23294125,0.000306881673168391
1.0,75.03,1037,942,61133,1.2393003702163696,10464,978240,0.29009008407592773,2.288119685545098e-05,0.001,-15.314334789999997,0.0003074475971516222
1.0,75.0,1038,942,61166,1.1772971153259277,10468,978768,-0.24246573448181152,2.6387680918560363e-05,0.001,-15.292012959999997,0.00030664147925563157
1.0,75.08,1038,942,61183,1.383160948753357,10472,979040,-0.4807019829750061,1.717401755740866e-05,0.001,-15.31293776,0.00030541481100954115
1.0,74.87,1039,942,61198,1.3094381093978882,10476,979280,0.30266427993774414,4.7873596486169845e-05,0.001,-15.243389709999997,0.0003029398212675005
1.0,75.01,1039,942,61215,1.232598900794983,10480,979552,-0.36968064308166504,2.4787008442217484e-05,0.001,-15.302159860000002,0.00029992946656420827
1.0,75.01,1039,942,61240,1.1944645643234253,10484,979952,-2.596344470977783,2.3167884137365036e-05,0.001,-15.297791900000002,0.0003013133245985955
1.0,74.6,1040,942,61255,1.1806917190551758,10488,980192,0.5629873275756836,2.7431840862846002e-05,0.001,-15.14855606,0.0003001391887664795
1.0,74.55,1040,942,61266,1.1189727783203125,10492,980368,2.171931028366089,2.9742461265414022e-05,0.001,-15.142684039999999,0.00029884392279200256
1.0,74.67,1040,942,61291,1.2681424617767334,10496,980768,-0.9268659949302673,5.127890835865401e-05,0.001,-15.185415599999999,0.0002990140928886831
1.0,74.62,1041,942,61317,1.211676001548767,10500,981184,-0.3028256595134735,2.08198580367025e-05,0.001,-15.17253326,0.0002942651917692274
1.0,74.82,1041,942,61333,1.2796645164489746,10504,981440,1.1564804315567017,2.5508596081635915e-05,0.001,-15.246714969999996,0.000295873120194301
1.0,74.94,1041,942,61344,1.084726333618164,10508,981616,0.20153319835662842,2.654053969308734e-05,0.001,-15.293092679999999,0.00029685499612241983
1.0,74.55,1041,942,61360,1.147157907485962,10512,981872,-2.2812399864196777,1.869971674750559e-05,0.001,-15.147544020000003,0.0002953690127469599
1.0,74.42,1042,942,61386,1.1504387855529785,10516,982288,-2.0333592891693115,1.6116320693981834e-05,0.001,-15.101800180000003,0.000296684360364452
1.0,74.57,1042,942,61413,1.148057222366333,10520,982720,-0.8261891603469849,4.689997513196431e-05,0.001,-15.153762409999999,0.00029289667145349085
1.0,74.6,1042,942,61418,1.2446072101593018,10524,982800,3.029254913330078,2.1346892026485875e-05,0.001,-15.17098541,0.0002931171329692006
1.0,74.63,1043,942,61443,1.1448357105255127,10528,983200,-0.6626682281494141,2.3479602532461286e-05,0.001,-15.18147084,0.00029181514400988817
1.0,74.52,1043,942,61461,1.248641014099121,10532,983488,1.3564732074737549,3.2872969313757494e-05,0.001,-15.139872910000001,0.0002919997205026448
1.0,74.42,1044,942,61491,1.1840686798095703,10536,983968,0.08522546291351318,2.760064489848446e-05,0.001,-15.092761659999999,0.0002945546875707805
1.0,74.43,1044,942,61497,1.1605401039123535,10540,984064,2.017731189727783,3.5220909921918064e-05,0.001,-15.09031772,0.00029491446912288666
1.0,74.3,1044,942,61526,1.1257591247558594,10544,984528,-1.0817149877548218,1.954975232365541e-05,0.001,-15.02834158,0.0002930632035713643
0.99,74.55,1044,942,61533,1.2244923114776611,10548,984640,-1.6102451086044312,3.384634692338295e-05,0.001,-14.997916110000004,0.0002918304526247084
0.99,74.36,1045,942,61559,1.2704365253448486,10552,985056,-0.22758927941322327,2.543679511290975e-05,0.001,-14.934087750000002,0.0002906026493292302
0.99,74.53,1045,942,61573,1.1400227546691895,10556,985280,0.7049833536148071,3.873986497637816e-05,0.001,-14.998023049999999,0.0002918969839811325
0.99,74.69,1045,942,61597,1.2188149690628052,10560,985664,0.08269143104553223,4.660822742152959e-05,0.001,-15.07344157,0.00029733296833001077
0.99,74.56,1046,942,61605,1.194237232208252,10564,985792,-0.8965616226196289,4.717761112260632e-05,0.001,-15.02663548,0.00029825911042280495
0.99,74.49,1046,942,61625,1.2498023509979248,10568,986112,0.8822975158691406,1.96016098925611e-05,0.001,-15.008880410000002,0.00029905830160714686
0.99,74.65,1046,942,61649,1.1784300804138184,10572,986496,0.93321293592453,3.9569153159391135e-05,0.001,-15.07271637,0.0002985619066748768
0.99,74.88,1047,942,61673,1.2249408960342407,10576,986880,-0.017160862684249878,1.9744747987715527e-05,0.001,-15.159305490000001,0.000299083418212831
0.99,74.89,1047,942,61685,1.273944616317749,10580,987072,0.7557335495948792,2.386759479122702e-05,0.001,-15.16486299,0.00029850468854419887
0.99,75.09,1047,942,61709,1.251713514328003,10584,987456,-1.714562177658081,2.5285869924118742e-05,0.001,-15.247903060000004,0.00029824941884726286
0.99,75.14,1048,942,61721,1.2873140573501587,10588,987648,-4.039953231811523,2.527588003431447e-05,0.001,-15.26785021,0.0002961898862849921
0.99,75.01,1048,942,61742,1.1985061168670654,10592,987984,0.3595725893974304,2.9033868486294523e-05,0.001,-15.212077510000002,0.0002936521195806563
0.99,74.94,1048,942,61767,1.1740777492523193,10596,988384,-0.3576580882072449,2.836552812368609e-05,0.001,-15.187937249999997,0.0002945209853351116
0.99,74.91,1049,942,61781,1.1614789962768555,10600,988608,-0.8311329483985901,1.6783133105491288e-05,0.001,-15.17225191,0.000295327918138355
0.99,75.0,1049,942,61798,1.2099688053131104,10604,988880,-2.5374433994293213,2.9021171940257773e-05,0.001,-15.21272127,0.0002941173443105072
0.99,74.8,1049,942,61817,1.1577503681182861,10608,989184,0.8629056215286255,1.7712514818413183e-05,0.001,-15.135188510000003,0.0002905494475271553
0.99,75.0,1049,942,61834,1.1415740251541138,10612,989456,-0.5107574462890625,3.965730138588697e-05,0.001,-15.212793659999999,0.00028916672454215586
0.99,75.18,1050,942,61864,1.1671745777130127,10616,989936,-0.38393545150756836,2.0831081201322377e-05,0.001,-15.27649303,0.00029109360184520483
0.99,75.14,1050,942,61873,1.224120855331421,10620,990080,0.9437610507011414,2.0550140106934123e-05,0.001,-15.256555259999997,0.00029224599711596966
0.99,75.21,1050,942,61892,1.1645643711090088,10624,990384,-3.652876377105713,1.6931746358750388e-05,0.001,-15.276670519999998,0.00029586549499072134
0.99,74.83,1051,942,61911,1.3872332572937012,10628,990688,1.4757803678512573,1.3645678336615674e-05,0.001,-15.142622989999998,0.0002954228548333049
0.99,74.93,1051,942,61934,1.2781782150268555,10632,991056,-1.9130046367645264,4.5483124267775565e-05,0.001,-15.178776030000002,0.0002960540587082505
0.99,74.74,1051,942,61946,1.2238428592681885,10636,991248,-1.350879430770874,2.9625578463310376e-05,0.001,-15.11770776,0.0002938431571237743
0.99,74.65,1052,942,61971,1.1501858234405518,10640,991648,-1.224313497543335,2.0832967493333854e-05,0.001,-15.097934440000001,0.00029045494738966227
0.99,74.62,1052,942,61985,1.2208657264709473,10644,991872,-0.6857137680053711,2.204729571531061e-05,0.001,-15.098599199999999,0.0002905364381149411
1.0,74.46,1052,942,61999,1.2673251628875732,10648,992096,-2.8486924171447754,2.882167427742388e-05,0.001,-15.17091918,0.0002897944941651076
1.0,74.52,1053,942,62020,1.2873690128326416,10652,992432,2.7827415466308594,3.5994642530567944e-05,0.001,-15.195218149999999,0.00028791441582143307
1.0,74.57,1053,942,62044,1.1440069675445557,10656,992816,-1.529867172241211,2.1525160263990983e-05,0.001,-15.210572459999998,0.00028877510339953005
1.0,74.43,1053,942,62056,1.1979243755340576,10660,993008,0.49995148181915283,2.6460736989974976e-05,0.001,-15.14369424,0.000286539871012792
1.0,74.31,1053,942,62073,1.2062270641326904,10664,993280,-1.6710678339004517,2.7600730390986428e-05,0.001,-15.103364890000002,0.00028557004407048225
1.0,74.37,1054,942,62096,1.260939598083496,10668,993648,1.2092827558517456,2.6920082746073604e-05,0.001,-15.116459070000001,0.00028716030647046864
1.0,74.15,1054,942,62119,1.2147616147994995,10672,994016,2.1582624912261963,2.3091683033271693e-05,0.001,-15.02994893,0.0002910905459430069
1.0,74.08,1054,942,62126,1.1253252029418945,10676,994128,-0.137301504611969,2.497878813301213e-05,0.001,-15.001285429999998,0.00029268694925121963
1.0,73.71,1055,942,62142,1.2396624088287354,10680,994384,-1.0847067832946777,3.409307828405872e-05,0.001,-14.85755929,0.00029422115767374635
1.0,73.44,1055,942,62168,1.2270605564117432,10684,994800,-0.9845266342163086,1.7250578821403906e-05,0.001,-14.75005027,0.0002962729486171156
1.0,73.4,1056,942,62193,1.0384666919708252,10688,995200,0.31666457653045654,2.872482582461089e-05,0.001,-14.733951499999998,0.0002967061009258032
1.0,73.45,1056,942,62197,1.2779299020767212,10692,995264,-0.08570098876953125,2.251095611427445e-05,0.001,-14.7493313,0.00029730377718806267
1.0,73.51,1056,942,62216,1.1202900409698486,10696,995568,-2.435957431793213,2.0995965314796194e-05,0.001,-14.767237349999998,0.0002992629015352577
1.0,73.75,1056,942,62239,1.2676968574523926,10700,995936,-1.283562421798706,4.499834176385775e-05,0.001,-14.85675474,0.0002972873335238546
1.0,73.51,1057,942,62270,1.1986196041107178,10704,996432,-0.5099698901176453,2.9282813557074405e-05,0.001,-14.762147189999999,0.00029541607364080846
1.0,73.59,1057,942,62276,1.1830987930297852,10708,996528,-2.303435802459717,2.2001686375006102e-05,0.001,-14.779775189999999,0.00029521528631448746
1.0,73.62,1057,942,62281,1.2338809967041016,10712,996608,0.9038845300674438,2.4230490453192033e-05,0.001,-14.79404663,0.00029509677551686764
1.0,73.27,1058,942,62316,1.108569622039795,10716,997168,-1.4608488082885742,2.0070976461283863e-05,0.001,-14.66374322,0.00029974529752507806
1.0,72.99,1058,942,62332,1.258859395980835,10720,997424,1.024549961090088,4.9536582082509995e-05,0.001,-14.564557479999996,0.00029877640190534294
1.0,72.64,1058,942,62343,1.2000467777252197,10724,997600,0.7484893798828125,3.9742517401464283e-05,0.001,-14.43750413,0.00029872797313146293
1.0,72.97,1058,942,62368,1.1626603603363037,10728,998000,0.2774173617362976,7.003519567660987e-05,0.001,-14.555828420000001,0.00030059722485020757
1.0,73.11,1059,942,62386,1.181161642074585,10732,998288,0.6797815561294556,4.475242894841358e-05,0.001,-14.608020359999998,0.0003003622405230999
1.0,73.2,1059,942,62399,1.1875098943710327,10736,998496,-2.202958106994629,2.9461985832313076e-05,0.001,-14.63467204,0.00030169315868988633
1.0,73.22,1059,942,62427,1.2151302099227905,10740,998944,-1.6952149868011475,3.628388003562577e-05,0.001,-14.63717048,0.0002969861088786274
1.0,73.4,1060,942,62449,1.2089327573776245,10744,999296,-0.9097038507461548,2.4812816263874993e-05,0.001,-14.705537800000002,0.0002956331009045243
1.0,73.44,1060,942,62459,1.1576764583587646,10748,999456,-3.421938180923462,2.4340157324331813e-05,0.001,-14.723711510000001,0.00029442101367749274
1.0,73.45,1060,942,62475,1.1987624168395996,10752,999712,0.340002179145813,2.6577641619951464e-05,0.001,-14.725682479999998,0.000293154880637303
