train/learning_rate,train/n_updates,train/ent_coef,time/time_elapsed,train/critic_loss,train/ent_coef_loss,time/total_timesteps,time/fps,rollout/ep_rew_mean,rollout/success_rate,time/episodes,rollout/ep_len_mean,train/actor_loss
0.0003,4688,0.24563819076865911,24,0.004170594940660521,-9.450419306755066,4800,197,0.0,0.0,4,300.0,-28.130972862243652
,,,24,,,4800,197,0.0,0.0,8,300.0,
,,,24,,,4800,197,0.0,0.0,12,300.0,
,,,24,,,4800,197,0.0,0.0,16,300.0,
0.0003,9488,0.05829290742985904,49,0.00044516573143482674,-19.008233547210693,9600,193,0.0,0.0,20,300.0,-28.670363426208496
,,,49,,,9600,193,0.0,0.0,24,300.0,
,,,49,,,9600,193,0.0,0.0,28,300.0,
,,,49,,,9600,193,0.0,0.0,32,300.0,
0.0003,14288,0.013916195894125849,75,0.00035483904048305703,-27.7413889169693,14400,191,0.0,0.0,36,300.0,-24.11126136779785
,,,75,,,14400,191,0.0,0.0,40,300.0,
,,,75,,,14400,191,0.0,0.0,44,300.0,
,,,75,,,14400,191,0.0,0.0,48,300.0,
0.0003,19088,0.003345748584251851,100,8.050215683397255e-05,-34.89120292663574,19200,190,0.0,0.0,52,300.0,-19.344155073165894
,,,100,,,19200,190,0.0,0.0,56,300.0,
,,,100,,,19200,190,0.0,0.0,60,300.0,
,,,100,,,19200,190,0.0,0.0,64,300.0,
0.0003,23888,0.001239338715095073,125,0.00023242685756486026,-14.11650836467743,24000,190,0.0,0.0,68,300.0,-15.302142202854156
,,,125,,,24000,190,0.0,0.0,72,300.0,
,,,125,,,24000,190,0.0,0.0,76,300.0,
,,,125,,,24000,190,0.0,0.0,80,300.0,
0.0003,28688,0.000736905127268983,150,6.626194090131321e-05,-42.579216957092285,28800,190,0.0,0.0,84,300.0,-12.044881045818329
,,,150,,,28800,190,0.0,0.0,88,300.0,
,,,150,,,28800,190,0.0,0.0,92,300.0,
,,,150,,,28800,190,0.0,0.0,96,300.0,
0.0003,33488,0.0002760116876743268,176,5.1198968321841676e-05,-31.278218984603882,33600,190,0.0,0.0,100,300.0,-9.482788443565369
,,,176,,,33600,190,0.0,0.0,104,300.0,
,,,176,,,33600,190,0.0,0.0,108,300.0,
,,,176,,,33600,190,0.0,0.0,112,300.0,
0.0003,38288,0.0004446263938007178,202,3.3184610742864606e-05,27.99290406703949,38400,189,0.01,0.01,116,297.01,-7.48639452457428
,,,202,,,38400,189,0.01,0.01,120,297.01,
,,,202,,,38400,189,0.01,0.01,124,297.01,
,,,202,,,38400,189,0.01,0.01,128,297.01,
0.0003,43088,0.00017647495405981317,227,2.0268816001589585e-05,-11.08547455072403,43200,190,0.01,0.01,132,297.01,-5.880761951208115
,,,227,,,43200,190,0.01,0.01,136,297.01,
,,,227,,,43200,190,0.01,0.01,140,297.01,
,,,227,,,43200,190,0.01,0.01,144,297.01,
0.0003,47888,0.00041593089190428145,251,3.2329336818293086e-05,1.542858062312007,48000,190,0.01,0.01,148,297.01,-4.661779522895813
,,,251,,,48000,190,0.01,0.01,152,297.01,
,,,251,,,48000,190,0.01,0.01,156,297.01,
,,,251,,,48000,190,0.01,0.01,160,297.01,
0.0003,52688,0.00031631538877263665,277,2.1869543274988246e-05,-3.888870943337679,52800,190,0.01,0.01,164,297.01,-3.676545336842537
,,,277,,,52800,190,0.01,0.01,168,297.01,
,,,277,,,52800,190,0.01,0.01,172,297.01,
,,,277,,,52800,190,0.01,0.01,176,297.01,
0.0003,57488,0.0001771751431078883,301,2.166948701187721e-05,0.7890014499425888,57600,190,0.01,0.01,180,297.01,-2.910640835762024
,,,301,,,57600,190,0.01,0.01,184,297.01,
,,,301,,,57600,190,0.01,0.01,188,297.01,
,,,301,,,57600,190,0.01,0.01,192,297.01,
0.0003,62288,0.00010404546355857747,326,2.4473832013427455e-05,-0.6016512289643288,62400,190,0.01,0.01,196,297.01,-2.3208337277173996
,,,326,,,62400,190,0.01,0.01,200,297.01,
,,,326,,,62400,190,0.01,0.01,204,297.01,
,,,326,,,62400,190,0.01,0.01,208,297.01,
0.0003,67088,0.00010849014552150038,351,1.3045622182517036e-05,-0.23027946799993515,67200,190,0.0,0.0,212,300.0,-1.8497089222073555
,,,351,,,67200,190,0.0,0.0,216,300.0,
,,,351,,,67200,190,0.0,0.0,220,300.0,
,,,351,,,67200,190,0.0,0.0,224,300.0,
0.0003,71888,6.91042332618963e-05,377,1.2061384836670186e-05,-0.7361769564449787,72000,190,0.0,0.0,228,300.0,-1.478057973086834
,,,377,,,72000,190,0.0,0.0,232,300.0,
,,,377,,,72000,190,0.0,0.0,236,300.0,
,,,377,,,72000,190,0.0,0.0,240,300.0,
0.0003,76688,7.691042128499248e-05,400,1.0853772124619354e-05,-1.0191881712526083,76800,191,0.0,0.0,244,300.0,-1.1760282889008522
,,,400,,,76800,191,0.0,0.0,248,300.0,
,,,400,,,76800,191,0.0,0.0,252,300.0,
,,,400,,,76800,191,0.0,0.0,256,300.0,
0.0003,81488,7.628048570040846e-05,425,5.550300983259149e-06,-2.34256524592638,81600,191,0.0,0.0,260,300.0,-0.9388523288071156
,,,425,,,81600,191,0.0,0.0,264,300.0,
,,,425,,,81600,191,0.0,0.0,268,300.0,
,,,425,,,81600,191,0.0,0.0,272,300.0,
0.0003,86288,6.22419897808868e-05,450,9.225721896655159e-06,1.9477271102368832,86400,191,0.0,0.0,276,300.0,-0.749659039080143
,,,450,,,86400,191,0.0,0.0,280,300.0,
,,,450,,,86400,191,0.0,0.0,284,300.0,
,,,450,,,86400,191,0.0,0.0,288,300.0,
0.0003,91088,4.2862803411480854e-05,475,2.5621905663797406e-06,-0.857722545042634,91200,191,0.0,0.0,292,300.0,-0.5981408543884754
,,,475,,,91200,191,0.0,0.0,296,300.0,
,,,475,,,91200,191,0.0,0.0,300,300.0,
,,,475,,,91200,191,0.0,0.0,304,300.0,
0.0003,95888,5.0333248736933456e-05,499,2.2263921692911026e-06,-10.616387844085693,96000,192,0.0,0.0,308,300.0,-0.47662960924208164
,,,499,,,96000,192,0.0,0.0,312,300.0,
,,,499,,,96000,192,0.0,0.0,316,300.0,
,,,499,,,96000,192,0.0,0.0,320,300.0,
0.0003,100688,3.065248188249825e-05,525,1.8870326741193821e-06,0.8281235992908478,100800,191,0.0,0.0,324,300.0,-0.3782112915068865
,,,525,,,100800,191,0.0,0.0,328,300.0,
,,,525,,,100800,191,0.0,0.0,332,300.0,
,,,525,,,100800,191,0.0,0.0,336,300.0,
0.0003,105488,2.2653663336313912e-05,549,3.8076074417858763e-06,1.8312777541577816,105600,192,0.0,0.0,340,300.0,-0.3010723628103733
,,,549,,,105600,192,0.0,0.0,344,300.0,
,,,549,,,105600,192,0.0,0.0,348,300.0,
,,,549,,,105600,192,0.0,0.0,352,300.0,
0.0003,110288,3.0492463679365756e-05,573,3.672755326533661e-06,-11.885344833135605,110400,192,0.0,0.0,356,300.0,-0.24124776478856802
,,,573,,,110400,192,0.0,0.0,360,300.0,
,,,573,,,110400,192,0.0,0.0,364,300.0,
,,,573,,,110400,192,0.0,0.0,368,300.0,
0.0003,115088,2.651292913924408e-05,597,4.871986689636287e-06,-1.9563247095793486,115200,192,0.0,0.0,372,300.0,-0.19835530780255795
,,,597,,,115200,192,0.0,0.0,376,300.0,
,,,597,,,115200,192,0.0,0.0,380,300.0,
,,,597,,,115200,192,0.0,0.0,384,300.0,
0.0003,119888,1.996256662550877e-05,622,4.695709193924813e-06,-2.532012403011322,120000,192,0.0,0.0,388,300.0,-0.1620719851925969
,,,622,,,120000,192,0.0,0.0,392,300.0,
,,,622,,,120000,192,0.0,0.0,396,300.0,
,,,622,,,120000,192,0.0,0.0,400,300.0,
0.0003,124688,2.1575744312940515e-05,647,8.914832989148636e-06,-2.51436734944582,124800,192,0.0,0.0,404,300.0,-0.1367342732846737
,,,647,,,124800,192,0.0,0.0,408,300.0,
,,,647,,,124800,192,0.0,0.0,412,300.0,
,,,647,,,124800,192,0.0,0.0,416,300.0,
0.0003,129488,1.9243379711042508e-05,671,1.1011330457222357e-05,14.950123846530914,129600,192,0.01,0.01,420,297.01,-0.11933644022792578
,,,671,,,129600,192,0.01,0.01,424,297.01,
,,,671,,,129600,192,0.01,0.01,428,297.01,
,,,671,,,129600,192,0.01,0.01,432,297.01,
0.0003,134288,1.7964094581657264e-05,697,6.845975605074273e-06,-2.7057607248425484,134400,192,0.01,0.01,436,297.01,-0.10852038254961371
,,,697,,,134400,192,0.01,0.01,440,297.01,
,,,697,,,134400,192,0.01,0.01,444,297.01,
,,,697,,,134400,192,0.01,0.01,448,297.01,
0.0003,139088,1.6314019717356132e-05,721,5.819870864343102e-06,0.8495499044656754,139200,192,0.01,0.01,452,297.01,-0.09754988644272089
,,,721,,,139200,192,0.01,0.01,456,297.01,
,,,721,,,139200,192,0.01,0.01,460,297.01,
,,,721,,,139200,192,0.01,0.01,464,297.01,
0.0003,143888,1.878592411230784e-05,746,5.1977162343064265e-06,-2.419256802648306,144000,192,0.01,0.01,468,297.01,-0.08354075020179152
,,,746,,,144000,192,0.01,0.01,472,297.01,
,,,746,,,144000,192,0.01,0.01,476,297.01,
,,,746,,,144000,192,0.01,0.01,480,297.01,
0.0003,148688,1.851837282629276e-05,772,7.856156997831931e-06,-2.164316926151514,148800,192,0.01,0.01,484,297.01,-0.07520050788298249
,,,772,,,148800,192,0.01,0.01,488,297.01,
,,,772,,,148800,192,0.01,0.01,492,297.01,
,,,772,,,148800,192,0.01,0.01,496,297.01,
0.0003,153488,1.5051392722398305e-05,796,3.501903400149331e-06,-3.5680264569818974,153600,192,0.01,0.01,500,297.01,-0.06491980887949467
,,,796,,,153600,192,0.01,0.01,504,297.01,
,,,796,,,153600,192,0.01,0.01,508,297.01,
,,,796,,,153600,192,0.01,0.01,512,297.01,
0.0003,158288,1.3344184480956756e-05,821,3.8162779105732625e-06,-1.2457525059580803,158400,192,0.0,0.0,516,300.0,-0.05406525474973023
,,,821,,,158400,192,0.0,0.0,520,300.0,
,,,821,,,158400,192,0.0,0.0,524,300.0,
,,,821,,,158400,192,0.0,0.0,528,300.0,
0.0003,163088,1.0806892191794759e-05,847,2.658853041737075e-06,0.504543773829937,163200,192,0.0,0.0,532,300.0,-0.04646206903271377
,,,847,,,163200,192,0.0,0.0,536,300.0,
,,,847,,,163200,192,0.0,0.0,540,300.0,
,,,847,,,163200,192,0.0,0.0,544,300.0,
0.0003,167888,1.0813289009092841e-05,872,3.510645534277046e-06,-2.624159973114729,168000,192,0.01,0.01,548,297.01,-0.04077012720517814
,,,872,,,168000,192,0.01,0.01,552,297.01,
,,,872,,,168000,192,0.01,0.01,556,297.01,
,,,872,,,168000,192,0.01,0.01,560,297.01,
0.0003,172688,1.0063226682177628e-05,898,3.234313936673061e-06,-0.4116452597081661,172800,192,0.01,0.01,564,297.01,-0.0360980189871043
,,,898,,,172800,192,0.01,0.01,568,297.01,
,,,898,,,172800,192,0.01,0.01,572,297.01,
,,,898,,,172800,192,0.01,0.01,576,297.01,
0.0003,177488,9.870901521935593e-06,923,7.088258342946574e-06,-2.186101108789444,177600,192,0.01,0.01,580,297.01,-0.034489619778469205
,,,923,,,177600,192,0.01,0.01,584,297.01,
,,,923,,,177600,192,0.01,0.01,588,297.01,
,,,923,,,177600,192,0.01,0.01,592,297.01,
0.0003,178640,1.0247925672501879e-05,929,3.7560214707355044e-06,-2.1147837191820145,178752,192,0.02,0.02,596,294.73,-0.03356486477423459
0.0003,182288,9.573438376264676e-06,948,3.458028359659693e-06,1.9194275811314583,182400,192,0.02,0.02,600,294.73,-0.030657930416055024
,,,948,,,182400,192,0.02,0.02,604,294.73,
,,,948,,,182400,192,0.02,0.02,608,294.73,
0.0003,183440,1.1277948033239227e-05,954,9.53716184426412e-06,0.9503485336899757,183552,192,0.02,0.02,612,294.73,-0.03378975752275437
0.0003,187088,1.1314737378143036e-05,973,6.0454227366335545e-06,8.059355854988098,187200,192,0.02,0.02,616,294.73,-0.03006333822850138
,,,973,,,187200,192,0.02,0.02,620,294.73,
,,,973,,,187200,192,0.02,0.02,624,294.73,
0.0003,188240,1.3509392147170729e-05,980,8.239956684974459e-06,4.857157662510872,188352,192,0.02,0.02,628,294.73,-0.032812394201755524
0.0003,191888,1.421628184061774e-05,999,9.655972576183558e-06,-2.989589139819145,192000,192,0.04,0.04,632,292.28,-0.0340626920806244
,,,999,,,192000,192,0.04,0.04,636,292.28,
,,,999,,,192000,192,0.04,0.04,640,292.28,
0.0003,191904,1.4185295412971755e-05,999,6.623229694469046e-06,-6.143571577966213,192016,192,0.05,0.05,644,289.29,-0.033362349960953
0.0003,193440,1.5425919059453008e-05,1007,1.5947612325817317e-05,7.431327365338802,193552,192,0.06,0.06,648,288.0,-0.035337624372914433
0.0003,196688,1.891162366973731e-05,1024,1.661265895336328e-05,0.03717729449272156,196800,192,0.06,0.06,652,288.0,-0.041454364312812686
,,,1024,,,196800,192,0.06,0.06,656,288.0,
0.0003,196704,1.8932100488200376e-05,1024,3.432896414778952e-05,8.161522299051285,196816,192,0.06,0.06,660,288.0,-0.04228804470039904
0.0003,198240,1.9797047116298927e-05,1032,1.3439366881584647e-05,0.8836104199290276,198352,192,0.06,0.06,664,288.0,-0.0421128545422107
0.0003,201488,2.0877993506474013e-05,1049,8.549130768642499e-06,1.9787913747131824,201600,192,0.06,0.06,668,288.0,-0.05087144416756928
,,,1049,,,201600,192,0.06,0.06,672,288.0,
0.0003,201504,2.0875451696156233e-05,1049,1.0604177418827021e-05,-1.8438283875584602,201616,192,0.06,0.06,676,288.0,-0.04930086340755224
0.0003,203040,1.7963915865948366e-05,1057,6.111978848366562e-06,-1.8988879285752773,203152,192,0.06,0.06,680,288.0,-0.051255070604383945
0.0003,206288,1.5924209833428904e-05,1073,5.277703223782737e-06,0.2078174352645874,206400,192,0.06,0.06,684,288.0,-0.048771780682727695
,,,1073,,,206400,192,0.06,0.06,688,288.0,
0.0003,206304,1.593092576968047e-05,1073,7.333262885822478e-06,1.4024675898253918,206416,192,0.06,0.06,692,288.0,-0.05360399722121656
0.0003,207840,1.5302497331504128e-05,1081,6.075160143836911e-06,2.7947497814893723,207952,192,0.05,0.05,696,290.28,-0.05048071825876832
0.0003,211088,1.666952618961659e-05,1098,8.15786019359166e-06,3.1885383799672127,211200,192,0.05,0.05,700,290.28,-0.046590906800702214
,,,1098,,,211200,192,0.05,0.05,704,290.28,
0.0003,211104,1.6728171431168448e-05,1098,9.394803910822702e-06,8.356718063354492,211216,192,0.05,0.05,708,290.28,-0.05165812000632286
0.0003,212640,1.5026682035568228e-05,1106,4.40699969317393e-06,0.3830117732286453,212752,192,0.05,0.05,712,290.28,-0.0493464102037251
0.0003,215888,1.5781657680236094e-05,1123,2.809266982239933e-05,6.516230717301369,216000,192,0.05,0.05,716,290.28,-0.04462350090034306
,,,1123,,,216000,192,0.05,0.05,720,290.28,
0.0003,215904,1.5859057953093725e-05,1123,1.8893846856826713e-05,4.086706176400185,216016,192,0.05,0.05,724,290.28,-0.04777669464237988
0.0003,217440,1.4384393523414474e-05,1131,9.438380317305928e-06,-5.069247767329216,217552,192,0.05,0.05,728,290.28,-0.04300172347575426
0.0003,220688,1.550656020299357e-05,1148,8.966208923766317e-06,-3.5011138804256916,220800,192,0.03,0.03,732,292.73,-0.04191674920730293
,,,1148,,,220800,192,0.03,0.03,736,292.73,
0.0003,220704,1.5461839439012692e-05,1148,7.58724766569685e-06,-2.426564760506153,220816,192,0.03,0.03,740,292.73,-0.04425335326232016
0.0003,222240,1.3860739613846818e-05,1156,1.0673712779407651e-05,-1.0623379908502102,222352,192,0.02,0.02,744,295.72,-0.04199771909043193
0.0003,225488,1.1922828775823291e-05,1173,8.040205784709542e-06,-4.490868523716927,225600,192,0.0,0.0,748,300.0,-0.04060577158816159
,,,1173,,,225600,192,0.0,0.0,752,300.0,
0.0003,225504,1.1867680825616844e-05,1173,6.92810837676916e-06,-2.54233518242836,225616,192,0.0,0.0,756,300.0,-0.04010622960049659
0.0003,227040,1.325723144418589e-05,1181,1.290454480340486e-05,-3.0438974648714066,227152,192,0.0,0.0,760,300.0,-0.04467112850397825
0.0003,230288,1.1581767523693998e-05,1197,8.334529525200196e-06,3.356260620057583,230400,192,0.0,0.0,764,300.0,-0.0371668430743739
,,,1197,,,230400,192,0.0,0.0,768,300.0,
0.0003,230304,1.1607210353759001e-05,1198,8.747982462864456e-06,-2.5749543011188507,230416,192,0.0,0.0,772,300.0,-0.03593990800436586
0.0003,231600,1.347162128695345e-05,1204,9.16363526926034e-06,-3.018529362976551,231712,192,0.01,0.01,776,297.82,-0.03670296329073608
0.0003,235088,1.2855954594215291e-05,1222,7.499509592889808e-06,2.678618364036083,235200,192,0.01,0.01,780,297.82,-0.03143655345775187
,,,1222,,,235200,192,0.01,0.01,784,297.82,
0.0003,235104,1.2881831082722783e-05,1222,7.318237962294916e-06,-0.8839420229196548,235216,192,0.01,0.01,788,297.82,-0.02751639427151531
0.0003,236400,1.3203589276145067e-05,1229,1.1987249308731407e-05,1.4990176185965538,236512,192,0.01,0.01,792,297.82,-0.03030635742470622
0.0003,239888,1.2833351661356573e-05,1248,8.761728338413377e-06,0.9973649568855762,240000,192,0.01,0.01,796,297.82,-0.026764114445541054
,,,1248,,,240000,192,0.01,0.01,800,297.82,
0.0003,239904,1.2836233054258628e-05,1248,1.0134847116205492e-05,-3.3309758454561234,240016,192,0.01,0.01,804,297.82,-0.0270377267152071
0.0003,241200,1.394089065342996e-05,1255,1.1225702962747164e-05,-1.6277743428945541,241312,192,0.01,0.01,808,297.82,-0.025938620092347264
0.0003,244688,1.2941739612415404e-05,1273,1.069933099984155e-05,-0.39437530748546124,244800,192,0.01,0.01,812,297.82,-0.026759530301205814
,,,1273,,,244800,192,0.01,0.01,816,297.82,
0.0003,244704,1.2939920338794764e-05,1273,2.8064299584684704e-05,-1.6729118190705776,244816,192,0.01,0.01,820,297.82,-0.023538617533631623
0.0003,245952,1.211852384130907e-05,1280,9.598219605777558e-06,-3.380632109940052,246064,192,0.02,0.02,824,295.61,-0.027122907573357224
0.0003,249488,1.272403329721783e-05,1298,1.6009470868993958e-05,-1.7256909012794495,249600,192,0.02,0.02,828,295.61,-0.02679482736857608
,,,1298,,,249600,192,0.02,0.02,832,295.61,
0.0003,249504,1.2709246561826149e-05,1298,1.7955303860617278e-05,-3.8213894590735435,249616,192,0.02,0.02,836,295.61,-0.025762868346646428
0.0003,250752,1.30088396872452e-05,1304,1.1251580104953973e-05,-3.252432331442833,250864,192,0.02,0.02,840,295.61,-0.02769884339068085
0.0003,254288,1.208187774182079e-05,1323,8.335181945540171e-06,5.710295647382736,254400,192,0.02,0.02,844,295.61,-0.025223700795322657
,,,1323,,,254400,192,0.02,0.02,848,295.61,
0.0003,254304,1.2139145894707326e-05,1323,1.0150071318548726e-05,5.055824004113674,254416,192,0.02,0.02,852,295.61,-0.024354307213798165
0.0003,255552,1.349250015891812e-05,1329,8.238432087637193e-06,1.3256819695234299,255664,192,0.02,0.02,856,295.61,-0.024317637900821865
0.0003,259088,1.3484212217917957e-05,1348,1.4921756502417338e-05,-5.5871249586343765,259200,192,0.02,0.02,860,295.61,-0.02450473455246538
,,,1348,,,259200,192,0.02,0.02,864,295.61,
0.0003,259104,1.3426419286588498e-05,1348,1.2712277680293482e-05,-5.531604841351509,259216,192,0.02,0.02,868,295.61,-0.026488345523830503
0.0003,260352,1.4366500408868887e-05,1354,8.666245065569456e-06,6.644873104989529,260464,192,0.02,0.02,872,295.61,-0.02372967347037047
0.0003,263888,1.3675873958618467e-05,1373,1.1429547441821342e-05,-3.766140438616276,264000,192,0.01,0.01,876,297.79,-0.019126433646306396
,,,1373,,,264000,192,0.01,0.01,880,297.79,
0.0003,263904,1.3633096045850834e-05,1373,1.2574173155144308e-05,-3.2361479103565216,264016,192,0.01,0.01,884,297.79,-0.0236283935373649
0.0003,265152,1.3474759327891661e-05,1380,9.086660014645531e-06,4.8647136464715,265264,192,0.01,0.01,888,297.79,-0.02135486522456631
0.0003,268688,1.139509043923681e-05,1397,1.1405636627159765e-05,-3.817512096837163,268800,192,0.01,0.01,892,297.79,-0.0186551803490147
,,,1397,,,268800,192,0.01,0.01,896,297.79,
0.0003,268704,1.1369452920462209e-05,1397,9.793003641789255e-06,-3.9333967976272106,268816,192,0.01,0.01,900,297.79,-0.017403675155946985
0.0003,269920,1.1812653383458382e-05,1403,8.121996557974853e-06,-2.379437707364559,270032,192,0.02,0.02,904,294.8,-0.019327949674334377
0.0003,273200,1.2103130586638144e-05,1420,7.819102961548197e-06,5.12216042727232,273312,192,0.02,0.02,908,294.8,-0.015157084621023387
0.0003,273488,1.1738954924567224e-05,1421,1.926512209138309e-05,-1.2364057451486588,273600,192,0.02,0.02,912,294.8,-0.01575611819862388
0.0003,273504,1.1721825501354033e-05,1422,1.3229192063590745e-05,-3.033240422606468,273616,192,0.02,0.02,916,294.8,-0.01724305236712098
0.0003,274720,1.0596954837183148e-05,1428,1.846195925736538e-05,-0.3897845596075058,274832,192,0.02,0.02,920,294.8,-0.01812446233816445
0.0003,275360,1.2253049533228477e-05,1431,8.323322305159309e-06,-1.599399745464325,275472,192,0.02,0.02,924,295.18,-0.017212258331710473
0.0003,278288,1.1542732352154417e-05,1446,8.911857293014691e-06,-8.191355522722006,278400,192,0.02,0.02,928,295.18,-0.012056294188369066
0.0003,278304,1.1482361685466458e-05,1446,7.421801370810499e-06,-1.5532222166657448,278416,192,0.02,0.02,932,295.18,-0.014425521396333352
0.0003,279520,1.1035284387617139e-05,1452,1.02613496721915e-05,-6.909021690487862,279632,192,0.03,0.03,936,295.18,-0.011421688250266016
0.0003,280160,1.1012257800757652e-05,1455,1.4055109488708695e-05,0.8441909626126289,280272,192,0.03,0.03,940,295.18,-0.013836737140081823
0.0003,283088,1.1153008927067276e-05,1471,1.2649188079194573e-05,2.29036645591259,283200,192,0.03,0.03,944,295.18,-0.012646916562516708
0.0003,283104,1.1165620378505992e-05,1471,1.1767217500846527e-05,-0.25515536218881607,283216,192,0.03,0.03,948,295.18,-0.010174380557145923
0.0003,284320,1.1139152150008158e-05,1477,3.105730536390183e-05,3.846778094768524,284432,192,0.03,0.03,952,295.18,-0.011891301444848068
0.0003,284960,1.170703939123996e-05,1480,1.1471521446537736e-05,-5.538696736097336,285072,192,0.03,0.03,956,295.18,-0.011371990229235962
0.0003,287888,1.197124782947867e-05,1495,1.0323643039100716e-05,5.009034737944603,288000,192,0.03,0.03,960,295.18,-0.012040816043736413
0.0003,287904,1.2005577445961535e-05,1495,1.0301371190735154e-05,0.08299432881176472,288016,192,0.03,0.03,964,295.18,-0.012021326168905944
0.0003,289120,1.090039751261429e-05,1502,2.8974150012572863e-05,-5.4964892975986,289232,192,0.03,0.03,968,295.18,-0.013945824684924446
0.0003,289760,1.0055754785298632e-05,1505,1.5231610689170338e-05,-4.2204273119568825,289872,192,0.03,0.03,972,295.18,-0.009311853646067902
0.0003,292688,1.0569860933173914e-05,1519,1.1893699308984651e-05,-8.84557069838047,292800,192,0.03,0.03,976,295.18,-0.007923089055111632
0.0003,292704,1.0511835625948152e-05,1519,1.0503209011858416e-05,-6.215693570673466,292816,192,0.03,0.03,980,295.18,-0.009987770710722543
0.0003,293856,9.543274188672513e-06,1525,1.9313081452310144e-05,4.248020999133587,293968,192,0.04,0.04,984,292.88,-0.0094750001153443
0.0003,294240,1.0804849921441928e-05,1527,1.2025899252421368e-05,6.628138229250908,294352,192,0.04,0.04,988,292.88,-0.009886808606097475
0.0003,297488,1.2315570018017752e-05,1542,1.0102633439146302e-05,0.8735549300909042,297600,192,0.04,0.04,992,292.88,-0.010844406744581647
0.0003,297504,1.231905997656213e-05,1542,9.356663923654196e-06,-3.48075994849205,297616,192,0.04,0.04,996,292.88,-0.010049519216408953
0.0003,298640,1.3349923676742037e-05,1548,1.2376827726257034e-05,7.49003479629755,298752,192,0.05,0.05,1000,290.45,-0.008978043722891016
0.0003,298800,1.3782465259737364e-05,1549,1.370220101648556e-05,16.48356020450592,298912,192,0.04,0.04,1004,293.44,-0.012238888477440923
0.0003,302288,1.2043444542086945e-05,1566,1.012783354781277e-05,-1.6879006586968899,302400,193,0.04,0.04,1008,293.44,-0.008831566192384344
0.0003,302304,1.2025744126731297e-05,1566,1.1893510190930101e-05,0.9444091618061066,302416,193,0.04,0.04,1012,293.44,-0.012525913320132531
0.0003,303440,1.2478816756811284e-05,1572,1.2487198205235472e-05,-4.4331157095730305,303552,193,0.04,0.04,1016,293.44,-0.010263464791933075
0.0003,303600,1.2257074331500917e-05,1573,1.0593321349006146e-05,-2.551694892346859,303712,193,0.04,0.04,1020,293.44,-0.010211878849077038
0.0003,307088,1.4251240543217136e-05,1591,9.949743258630406e-06,0.5135656669735909,307200,193,0.03,0.03,1024,295.27,-0.00917356600984931
0.0003,307104,1.4254779387101735e-05,1591,1.812392110878136e-05,-1.4406967759132385,307216,193,0.03,0.03,1028,295.27,-0.011372455657692626
0.0003,308240,1.4571313954547804e-05,1597,8.965674425098769e-06,-4.295525282621384,308352,193,0.03,0.03,1032,295.27,-0.009071002488781232
0.0003,308400,1.4051601681330794e-05,1598,1.269332554443281e-05,-5.413811467587948,308512,193,0.02,0.02,1036,295.27,-0.011732123428373598
0.0003,311888,1.2712471288978122e-05,1614,1.6578304382619535e-05,-1.4035687148571014,312000,193,0.02,0.02,1040,295.27,-0.010394368116976693
0.0003,311904,1.2697186207333289e-05,1615,1.671504372779964e-05,-1.8876856788992882,312016,193,0.02,0.02,1044,295.27,-0.013023119390709326
0.0003,313040,1.439120330815058e-05,1621,1.3861902061762521e-05,-3.390164792537689,313152,193,0.02,0.02,1048,295.27,-0.012622070964425802
0.0003,313200,1.4142931036076334e-05,1621,9.759259228303563e-06,-4.268337972462177,313312,193,0.02,0.02,1052,295.27,-0.010348410432925448
0.0003,316688,1.5294044260372175e-05,1640,1.0888535115327613e-05,-5.802417241036892,316800,193,0.02,0.02,1056,295.27,-0.009915432783600409
0.0003,316704,1.5243500456563197e-05,1640,1.311343285692601e-05,-1.982676450163126,316816,193,0.02,0.02,1060,295.27,-0.0143934555380838
0.0003,317840,1.7247261780539702e-05,1646,1.2670583203089336e-05,4.734988637268543,317952,193,0.02,0.02,1064,295.27,-0.011521280510351062
0.0003,318000,1.7288515778091096e-05,1647,1.3105846278449462e-05,6.862804397940636,318112,193,0.02,0.02,1068,295.27,-0.013280262530315667
0.0003,321488,1.4609495394779515e-05,1665,1.3256515671855595e-05,0.49259310960769653,321600,193,0.02,0.02,1072,295.27,-0.013408561993855983
0.0003,321504,1.4620170645684993e-05,1665,1.4120719924903824e-05,-1.6369010880589485,321616,193,0.02,0.02,1076,295.27,-0.012832889959099703
0.0003,322640,1.667493870627368e-05,1671,1.5576128731709105e-05,0.9066417813301086,322752,193,0.02,0.02,1080,295.27,-0.013812452787533402
0.0003,322752,1.6533244433958316e-05,1671,1.5512082484292478e-05,-2.1532880552113056,322864,193,0.02,0.02,1084,295.34,-0.012804860183678102
0.0003,326000,1.3370575175031263e-05,1689,2.441988794998906e-05,5.281239323318005,326112,193,0.02,0.02,1088,295.34,-0.015165357530349866
0.0003,326304,1.3883447650187009e-05,1690,1.849008720000711e-05,0.9825456365942955,326416,193,0.02,0.02,1092,295.34,-0.013967507635243237
0.0003,327440,1.714244706363388e-05,1696,1.1412009143896285e-05,-9.513137593865395,327552,193,0.02,0.02,1096,295.34,-0.011694775133946678
0.0003,327552,1.6775585095274437e-05,1697,1.5738845007717828e-05,-4.6541952937841415,327664,193,0.01,0.01,1100,297.77,-0.01376205639098771
0.0003,328784,1.4749326510354877e-05,1703,1.1595060385616307e-05,1.2440500631928444,328896,193,0.02,0.02,1104,295.56,-0.011889448942383751
0.0003,331088,1.5119808779218147e-05,1716,1.4102744216870633e-05,0.5155743695795536,331200,192,0.04,0.04,1108,292.7,-0.009035265578859253
0.0003,331104,1.5137440243506717e-05,1716,1.4694835556383623e-05,1.690455585718155,331216,192,0.04,0.04,1112,292.7,-0.0127356287339353
0.0003,332256,1.5796359207342903e-05,1721,9.588172332541944e-06,-2.359528075903654,332368,193,0.04,0.04,1116,292.7,-0.009493378951447085
0.0003,332656,1.4486438431049464e-05,1723,4.4524417319280474e-05,-3.304087869822979,332768,193,0.06,0.06,1120,286.72,-0.011881170285050757
0.0003,334656,1.5164466958594858e-05,1733,4.0099276645833015e-05,2.8289643675088882,334768,193,0.07,0.07,1124,284.76,-0.010188624350121245
0.0003,335888,1.6741544186515966e-05,1740,1.0496791816194673e-05,-2.6005169302225113,336000,193,0.07,0.07,1128,284.76,-0.00989692776784068
0.0003,336800,1.634307648146205e-05,1745,4.828009548418777e-05,-0.9248012863099575,336912,193,0.07,0.07,1132,284.76,-0.009971402207156643
0.0003,337456,1.549431874536822e-05,1748,2.8784878622900578e-05,-0.2071739323437214,337568,193,0.07,0.07,1136,284.76,-0.012656216946197674
0.0003,339456,1.3976742991417268e-05,1758,1.4371021393344563e-05,-1.2193535044789314,339568,193,0.07,0.07,1140,284.76,-0.01002279095700942
0.0003,340688,1.511222961880776e-05,1765,3.679879171158973e-05,1.66868881508708,340800,193,0.07,0.07,1144,284.76,-0.008111954673950095
0.0003,341120,1.6539931834813615e-05,1767,1.3255363938924347e-05,2.660161640495062,341232,193,0.08,0.08,1148,283.27,-0.010335625280276872
0.0003,341936,1.4978286174027744e-05,1771,2.4590797295331868e-05,-6.122154176235199,342048,193,0.08,0.08,1152,283.27,-0.009581243342836387
0.0003,344256,1.8808110439749726e-05,1784,1.8024097016677842e-05,7.917470693588257,344368,193,0.08,0.08,1156,283.27,-0.01206566413748078
0.0003,345488,1.874811391644471e-05,1790,1.5686741107856506e-05,5.630983330309391,345600,193,0.09,0.09,1160,281.0,-0.012214429734740406
0.0003,345504,1.8811647123584407e-05,1790,2.450515228247241e-05,0.009130090475082397,345616,193,0.09,0.09,1164,281.0,-0.012646099843550473
0.0003,346656,1.8970421592712228e-05,1796,2.352744309064292e-05,-2.2760420441627502,346768,193,0.09,0.09,1168,281.0,-0.011428244499256834
0.0003,349056,1.9320616388540657e-05,1808,1.9697130312579247e-05,6.7004818841814995,349168,193,0.09,0.09,1172,281.0,-0.013554156044847332
0.0003,350288,2.1471962895702745e-05,1815,1.5526460629189387e-05,-0.3864278644323349,350400,193,0.09,0.09,1176,281.0,-0.010586000360490289
0.0003,350304,2.1454175112012308e-05,1815,2.36054725064605e-05,-1.8940645828843117,350416,193,0.09,0.09,1180,281.0,-0.012348685806500725
0.0003,351456,2.024670095579495e-05,1821,2.5654657576978934e-05,-5.404610708355904,351568,193,0.08,0.08,1184,283.23,-0.01141085552808363
0.0003,353856,2.0269413312234974e-05,1833,2.491314927510757e-05,4.584692507982254,353968,193,0.08,0.08,1188,283.23,-0.011642410732747521
0.0003,355088,2.1932063873464358e-05,1840,2.7936057506394718e-05,-3.7785640582442284,355200,192,0.08,0.08,1192,283.23,-0.01267346517124679
0.0003,355104,2.186727567732305e-05,1840,2.824926821176632e-05,-4.033126171678305,355216,192,0.08,0.08,1196,283.23,-0.01034013532625977
0.0003,356208,2.1871670810469368e-05,1846,2.0781808132142032e-05,-5.073131266981363,356320,193,0.09,0.09,1200,280.69,-0.012933131423778832
0.0003,356960,2.315003746389266e-05,1849,2.5140953084701323e-05,-1.4243742898106575,357072,193,0.08,0.08,1204,282.9,-0.008697209777892567
0.0003,359600,1.8815118096426886e-05,1862,2.0672138703048404e-05,-2.307841334491968,359712,193,0.06,0.06,1208,285.76,-0.015178641740931198
0.0003,359904,1.9237679907746497e-05,1864,2.2494116763027705e-05,-6.4951265677809715,360016,193,0.06,0.06,1212,285.76,-0.013638493066537194
0.0003,360864,2.0306554915805464e-05,1868,2.6685100579015852e-05,7.831026025116444,360976,193,0.07,0.07,1216,283.37,-0.015458580339327455
0.0003,361456,2.0867281136816018e-05,1871,2.982712885568617e-05,-2.926690086722374,361568,193,0.05,0.05,1220,289.35,-0.01008201741205994
0.0003,363920,1.9201775444344094e-05,1884,4.8075418987991725e-05,-5.2086829748004675,364032,193,0.04,0.04,1224,291.31,-0.013036620075581595
0.0003,364704,2.168169498872885e-05,1888,5.0242169891134836e-05,2.1836653240025043,364816,193,0.04,0.04,1228,291.31,-0.016137931510456838
0.0003,365664,2.0185947505524382e-05,1893,1.715396410872927e-05,2.7524006441235542,365776,193,0.04,0.04,1232,291.31,-0.013181784204789437
0.0003,366256,1.9448167904556612e-05,1896,2.9573833217000356e-05,0.3877594396471977,366368,193,0.04,0.04,1236,291.31,-0.012468936358345672
0.0003,368720,1.873301721388998e-05,1909,2.2953508675982448e-05,-0.41142163798213005,368832,193,0.04,0.04,1240,291.31,-0.012894434563349932
0.0003,369504,2.020942918079527e-05,1913,2.2232222647744493e-05,3.851218357682228,369616,193,0.04,0.04,1244,291.31,-0.013726653232879471
0.0003,370464,2.2826285203336738e-05,1918,1.71252233371888e-05,0.6736482717096806,370576,193,0.03,0.03,1248,292.8,-0.009545230692310724
0.0003,371056,2.1119951725268038e-05,1921,1.832926733413842e-05,0.1677069216966629,371168,193,0.03,0.03,1252,292.8,-0.013742897717747837
0.0003,373152,2.2619741571361374e-05,1932,2.7863920081472315e-05,8.751708880066872,373264,193,0.04,0.04,1256,290.59,-0.013653341913595796
0.0003,374304,2.3144575834521675e-05,1939,1.5769970389101218e-05,-5.095043547451496,374416,193,0.03,0.03,1260,292.86,-0.008890691402484663
0.0003,375200,2.352852925469051e-05,1943,2.186433925999154e-05,6.199577473104,375312,193,0.03,0.03,1264,292.86,-0.005878133473743219
0.0003,375856,2.244246661575744e-05,1947,2.0712771004127717e-05,0.9258926659822464,375968,193,0.03,0.03,1268,292.86,-0.011822935426607728
0.0003,377952,2.063743932012585e-05,1958,2.0272832159662357e-05,-1.3877769857645035,378064,193,0.03,0.03,1272,292.86,-0.009291148686315864
0.0003,379104,2.281375418533571e-05,1964,2.0476822498949332e-05,3.8481202982366085,379216,193,0.03,0.03,1276,292.86,-0.013356043782550842
0.0003,380000,2.1369744445109973e-05,1968,2.483087803284434e-05,-6.526557490229607,380112,193,0.03,0.03,1280,292.86,-0.009974379499908537
0.0003,380656,1.9153412836203643e-05,1972,2.0831606377669232e-05,-3.786116175353527,380768,193,0.03,0.03,1284,292.86,-0.00839300591906067
0.0003,382752,2.1152806084501208e-05,1982,2.3716367650195025e-05,-1.6911578625440598,382864,193,0.03,0.03,1288,292.86,-0.010350360971642658
0.0003,383904,1.895539969609672e-05,1988,4.0233075253581774e-05,-2.8228841945528984,384016,193,0.03,0.03,1292,292.86,-0.009745070739882067
0.0003,384800,2.045012013240921e-05,1992,1.7890620199523255e-05,-0.8064281642436981,384912,193,0.03,0.03,1296,292.86,-0.008898107247659937
0.0003,385456,2.1325370880731498e-05,1995,2.184236257107841e-05,2.302189338952303,385568,193,0.02,0.02,1300,295.4,-0.010414992124424316
0.0003,387552,2.1947447521597496e-05,2005,3.680175575482281e-05,-3.921451259404421,387664,193,0.02,0.02,1304,295.4,-0.006764494602975901
0.0003,388704,2.0554830939545354e-05,2011,2.2704134096329653e-05,-0.7402076795697212,388816,193,0.02,0.02,1308,295.4,-0.008397229641559534
0.0003,389600,2.0400351218086143e-05,2015,1.7367020973324543e-05,-3.600415952503681,389712,193,0.02,0.02,1312,295.4,-0.00732955052080797
0.0003,390256,2.217532903614483e-05,2018,2.3534596550689457e-05,2.0912451334297657,390368,193,0.01,0.01,1316,297.79,-0.010736356052802876
0.0003,392256,2.2842863586447493e-05,2028,2.290188064080212e-05,0.8360612615942955,392368,193,0.02,0.02,1320,295.5,-0.009947997918061446
0.0003,393488,2.038932734649279e-05,2034,2.0541230696835555e-05,-0.27869411557912827,393600,193,0.02,0.02,1324,295.5,-0.008040316854021512
0.0003,394240,1.8977895820171398e-05,2037,2.1305718746589264e-05,-4.416149158030748,394352,193,0.02,0.02,1328,295.5,-0.008866172094712965
0.0003,394736,1.9482076595522813e-05,2040,1.758583840683059e-05,-1.1908592730760574,394848,193,0.02,0.02,1332,295.5,-0.010638039675541222
0.0003,397056,2.333777820240357e-05,2052,2.1843147408162622e-05,-8.735112756490707,397168,193,0.02,0.02,1336,295.5,-0.007211483316496015
0.0003,398288,2.0681675778178032e-05,2059,2.067323708843105e-05,-4.156481951475143,398400,193,0.02,0.02,1340,295.5,-0.007009963250311557
0.0003,398880,2.068117089493171e-05,2062,2.904276794879479e-05,4.662962727248669,398992,193,0.03,0.03,1344,294.7,-0.005525696091353893
0.0003,399456,2.251361263461149e-05,2065,1.6123185673677654e-05,1.147327158600092,399568,193,0.03,0.03,1348,294.7,-0.0030451950879069045
0.0003,401664,2.53989809380073e-05,2076,2.8921086766331427e-05,-2.2262191511690617,401776,193,0.04,0.04,1352,292.68,-0.007633680215803906
0.0003,402800,2.2094279074735823e-05,2082,2.4521281375200488e-05,-6.507863864302635,402912,193,0.03,0.03,1356,294.89,-0.006551006481458899
0.0003,403520,2.2446546608989593e-05,2086,2.320178555237362e-05,-0.33234240487217903,403632,193,0.03,0.03,1360,294.89,-0.004224206946673803
0.0003,404208,2.127078539615468e-05,2089,7.233901249037444e-05,-5.217163980007172,404320,193,0.03,0.03,1364,294.89,-0.004310134914703667
0.0003,406464,1.8217731621916755e-05,2101,2.8588501777448982e-05,4.738674595952034,406576,193,0.03,0.03,1368,294.89,-0.006680258178676013
0.0003,407600,1.987565633498889e-05,2107,2.6524139457251295e-05,0.046214353293180466,407712,193,0.03,0.03,1372,294.89,-0.004986769665265456
0.0003,408320,1.8545848547546484e-05,2111,2.7769991447712528e-05,-3.342999929562211,408432,193,0.03,0.03,1376,294.89,-0.0042064182489411905
0.0003,409008,1.8539082361712644e-05,2115,3.0152046917919506e-05,-0.6444758474826813,409120,193,0.03,0.03,1380,294.89,-0.0046697000216227025
0.0003,409632,1.9468481809781224e-05,2118,3.210770609030078e-05,3.8869854137301445,409744,193,0.05,0.05,1384,291.56,-0.004633049502444919
0.0003,411920,2.259258826597943e-05,2130,2.3990856107047875e-05,-4.594349786639214,412032,193,0.05,0.05,1388,291.56,-0.00027100753504782915
0.0003,412704,1.9817281213363458e-05,2134,2.264777589289224e-05,14.766990691423416,412816,193,0.05,0.05,1392,291.56,-0.0029396240279311314
0.0003,413808,2.1903816218582506e-05,2140,3.426595691280454e-05,-0.152052354067564,413920,193,0.05,0.05,1396,291.56,-0.0045839364975108765
0.0003,414432,2.180506032800622e-05,2143,3.3730478207871784e-05,-3.2097762003540993,414544,193,0.05,0.05,1400,291.56,-0.0052193523733876646
0.0003,416720,2.1522169276977365e-05,2155,2.887228890813276e-05,1.0437783934175968,416832,193,0.05,0.05,1404,291.56,0.00014988016482675448
0.0003,417504,2.2433314597947174e-05,2159,3.517833965815953e-05,-7.273056253790855,417616,193,0.05,0.05,1408,291.56,0.0032476521300850436
0.0003,418608,2.017028020873113e-05,2165,2.952050806470652e-05,-0.3919990062713623,418720,193,0.05,0.05,1412,291.56,-0.0015662324803997763
0.0003,419232,2.009486070164712e-05,2168,2.362907474662279e-05,5.597349565476179,419344,193,0.05,0.05,1416,291.56,-0.004036886981339194
0.0003,421520,1.851280183018389e-05,2181,1.96477026292996e-05,-1.4769842624664307,421632,193,0.04,0.04,1420,293.85,0.0008780188836681191
0.0003,422304,1.8037056520370243e-05,2185,2.5530873926982167e-05,12.554076373577118,422416,193,0.04,0.04,1424,293.85,-0.0015415045927511528
0.0003,423408,1.7249744928449218e-05,2190,1.5943261985285062e-05,-6.352743394672871,423520,193,0.04,0.04,1428,293.85,-0.00010739019489847124
0.0003,424032,1.78091713678441e-05,2194,2.1433554820760037e-05,-1.3067703563719988,424144,193,0.04,0.04,1432,293.85,-0.0013994625842315145
0.0003,426320,1.7917434888659045e-05,2206,2.5511706098768627e-05,-2.3783116713166237,426432,193,0.04,0.04,1436,293.85,0.0016421811742475256
0.0003,427104,1.5850265754124848e-05,2209,2.1004630127663404e-05,3.555815353989601,427216,193,0.04,0.04,1440,293.85,-0.001129950596805429
0.0003,428208,1.9122713524666324e-05,2215,4.265330642283516e-05,4.179218918085098,428320,193,0.03,0.03,1444,294.65,-0.0011188003336428665
0.0003,428832,1.9150583057125914e-05,2218,4.009072938515601e-05,4.119300866499543,428944,193,0.03,0.03,1448,294.65,-0.002022754357312806
0.0003,431120,1.857588085840689e-05,2230,2.6173549372288107e-05,2.610495373606682,431232,193,0.03,0.03,1452,296.61,-0.002024653978878632
0.0003,431904,2.0022060425617383e-05,2234,2.4817346400141105e-05,5.6624124106019735,432016,193,0.03,0.03,1456,296.61,-0.005077310808701441
0.0003,433008,2.3865372213549563e-05,2240,6.673836628579011e-05,-1.7569976672530174,433120,193,0.03,0.03,1460,296.61,-0.002361021572141908
0.0003,433632,2.494993123036693e-05,2243,2.6175748075729643e-05,-5.6357347667217255,433744,193,0.03,0.03,1464,296.61,0.00013416391448117793
0.0003,435552,2.2480675738734135e-05,2253,3.0408148518290545e-05,-2.2962683364748955,435664,193,0.04,0.04,1468,294.45,-0.007704975228989497
0.0003,436688,1.9039685525967798e-05,2259,2.4555941593007446e-05,-1.4183341339230537,436800,193,0.05,0.05,1472,292.34,-0.003879625117406249
0.0003,437440,1.899801850413496e-05,2262,2.5821717088092555e-05,-4.729801215231419,437552,193,0.05,0.05,1476,292.34,-0.006658163263637107
0.0003,438384,1.931105532548827e-05,2267,2.977530130010564e-05,3.533757008612156,438496,193,0.05,0.05,1480,292.34,-0.009404080978129059
0.0003,440352,2.294789157986088e-05,2276,3.8768426179558446e-05,2.40353112667799,440464,193,0.03,0.03,1484,295.67,-0.00785280202399008
0.0003,441488,1.953219475581136e-05,2282,4.128922626023268e-05,-4.163303654640913,441600,193,0.03,0.03,1488,295.67,-0.003593176370486617
0.0003,442240,1.959816097496514e-05,2286,3.5191360211683786e-05,-0.933597706258297,442352,193,0.03,0.03,1492,295.67,-0.006699214267428033
0.0003,443184,1.8307314576304634e-05,2291,2.8901422581384395e-05,-5.0729049406945705,443296,193,0.03,0.03,1496,295.67,-0.004277895961422473
0.0003,445056,1.9367890445209923e-05,2301,3.27084424043278e-05,1.6213300079107285,445168,193,0.04,0.04,1500,294.15,-0.009547773224767298
0.0003,446288,1.8994157358065422e-05,2307,3.714195969450884e-05,-1.4164569675922394,446400,193,0.04,0.04,1504,294.15,-0.004235124142724089
0.0003,447040,2.161604322736821e-05,2311,5.7894971632777015e-05,0.4915041998028755,447152,193,0.04,0.04,1508,294.15,-0.006690312715363689
0.0003,447456,2.0538230728561757e-05,2314,2.638140085764462e-05,-5.621922977268696,447568,193,0.05,0.05,1512,291.16,-0.0068189802404958755
0.0003,448368,1.8252566519549873e-05,2318,4.277182495115994e-05,5.131164360791445,448480,193,0.06,0.06,1516,289.26,-0.0038992469490040094
0.0003,450304,2.064147599867283e-05,2328,3.4789258165801584e-05,-6.341872349381447,450416,193,0.06,0.06,1520,289.26,-0.00547859218204394
0.0003,451520,2.171384471694182e-05,2334,4.257209513980342e-05,1.1261976510286331,451632,193,0.06,0.06,1524,289.26,-0.0006883374589961022
0.0003,452256,2.3719790760878823e-05,2338,3.1122545919970435e-05,2.3608206659555435,452368,193,0.06,0.06,1528,289.26,-0.006051204516552389
0.0003,453168,2.1190234747336945e-05,2343,3.9312313674599864e-05,-1.2473222091794014,453280,193,0.06,0.06,1532,289.26,-0.005611485030385666
0.0003,454752,2.2092665176387527e-05,2351,3.305892539628985e-05,-6.42315599322319,454864,193,0.07,0.07,1536,286.27,0.0005882293044123799
0.0003,455904,2.07619673346926e-05,2357,3.9897864894555823e-05,6.910950317978859,456016,193,0.07,0.07,1540,286.27,-0.0035185138185624965
0.0003,457008,2.3178073320195836e-05,2362,3.6274481090003974e-05,1.8540493547916412,457120,193,0.07,0.07,1544,286.27,-0.004434200825926382
0.0003,457648,2.235441411357897e-05,2365,4.550801679670258e-05,-5.5018360540270805,457760,193,0.07,0.07,1548,286.27,-0.0013856761797796935
0.0003,458944,1.7620614471525187e-05,2371,3.6309884649199375e-05,7.066157802939415,459056,193,0.08,0.08,1552,282.1,-8.376407640753314e-05
0.0003,459920,1.7627304259804077e-05,2376,3.360870675805927e-05,4.422594249248505,460032,193,0.08,0.08,1556,282.1,0.0022662899282295257
0.0003,461456,2.1609028863167623e-05,2384,2.5689022834285424e-05,2.4046501610428095,461568,193,0.08,0.08,1560,282.1,0.0051693508721655235
0.0003,462432,2.3925136360958277e-05,2389,3.3513442303956253e-05,2.0625748559832573,462544,193,0.08,0.08,1564,282.1,-0.0014019966474734247
0.0003,463744,2.071945868920011e-05,2396,4.944993690969568e-05,3.108686249703169,463856,193,0.07,0.07,1568,284.26,-0.0023520649010606576
0.0003,464640,1.9687714029714698e-05,2400,3.864966072342213e-05,-0.4502431470900774,464752,193,0.08,0.08,1572,281.76,-0.0033650163968559355
0.0003,465504,2.1531141442210355e-05,2405,4.237546067997755e-05,2.572627730667591,465616,193,0.08,0.08,1576,281.76,-0.003035272064153105
0.0003,466256,2.3332907403528225e-05,2409,7.122671979686857e-05,-1.2757516875863075,466368,193,0.1,0.1,1580,278.71,0.002425543367280625
0.0003,467184,2.2390641674974177e-05,2414,2.448785255637631e-05,-2.5885894671082497,467296,193,0.11,0.11,1584,276.92,-0.002073046372970566
0.0003,469168,2.061789825802407e-05,2423,5.761231648193643e-05,4.119541130959988,469280,193,0.11,0.11,1588,276.92,0.0008685876528033987
0.0003,470304,2.245366522402037e-05,2429,2.8039912422173074e-05,-3.170575700700283,470416,193,0.11,0.11,1592,276.92,-0.00147470818774309
0.0003,471056,2.0546657196973683e-05,2433,2.9181518470977608e-05,-1.7444688379764557,471168,193,0.11,0.11,1596,276.92,0.0003402270085643977
0.0003,471984,2.085741914470418e-05,2438,3.889489096309262e-05,2.24160080216825,472096,193,0.1,0.1,1600,278.44,-0.00020511542970780283
0.0003,473968,1.9609209289228602e-05,2449,3.315661069791531e-05,-6.035274535417557,474080,193,0.1,0.1,1604,278.44,-0.0014664135160273872
0.0003,475104,2.04613617142968e-05,2455,3.296391116691666e-05,0.26114705950021744,475216,193,0.1,0.1,1608,278.44,-0.001315009045356419
0.0003,475632,2.1846138110959146e-05,2457,2.9666153409380058e-05,-2.2889340072870255,475744,193,0.1,0.1,1612,281.02,-0.0006310129392659292
0.0003,476576,2.1955082843305718e-05,2461,3.371360583059868e-05,-6.469376541674137,476688,193,0.1,0.1,1616,282.02,-0.0012787301820935681
0.0003,478656,1.8878679384215502e-05,2472,2.6432201764237107e-05,-5.222291514277458,478768,193,0.11,0.11,1620,279.94,-0.0016427113660029136
0.0003,479664,1.8787666817843274e-05,2477,3.77860643538952e-05,-0.1525285243988037,479776,193,0.12,0.12,1624,277.5,0.002384909945249092
0.0003,480096,2.0428789071047504e-05,2479,6.037531329639023e-05,10.868417367339134,480208,193,0.12,0.12,1628,277.5,-0.0017356217576889321
0.0003,481008,2.168168600746867e-05,2483,3.216883033019258e-05,1.651707760989666,481120,193,0.12,0.12,1632,277.5,0.0002897013837355189
0.0003,483056,2.0950466819158464e-05,2493,2.925852044199928e-05,2.21063220128417,483168,193,0.11,0.11,1636,280.49,-0.0026435890213178936
0.0003,484464,2.288286202656309e-05,2500,2.3024971142149298e-05,-10.938681960105896,484576,193,0.11,0.11,1640,280.49,0.006816346227424219
0.0003,484896,2.2937497647035343e-05,2502,3.2198264761973405e-05,-7.171959955245256,485008,193,0.11,0.11,1644,280.49,0.004747283372125821
0.0003,485776,2.166433353067987e-05,2507,2.6231396759612835e-05,7.879674181342125,485888,193,0.12,0.12,1648,279.35,0.0025512207284918986
0.0003,487856,2.4597502829237783e-05,2517,5.702344060409814e-05,-1.742554448544979,487968,193,0.1,0.1,1652,283.58,0.004691691370680928
0.0003,489264,2.257901405755547e-05,2525,3.149521307932446e-05,-9.469308644533157,489376,193,0.1,0.1,1656,283.58,0.0030648622268927284
0.0003,489696,2.1142515265637485e-05,2527,3.186335300142673e-05,1.2008453831076622,489808,193,0.1,0.1,1660,283.58,0.0014426892012124881
0.0003,490576,2.2603074967264547e-05,2532,3.5722152915695915e-05,-6.028167590498924,490688,193,0.1,0.1,1664,283.58,0.002985101076774299
0.0003,491232,2.2302146021502267e-05,2535,3.854260853586311e-05,10.354619398713112,491344,193,0.11,0.11,1668,281.4,0.0033835990470834076
0.0003,493520,2.1716284550166165e-05,2546,2.2272292994784948e-05,-0.7717241868376732,493632,193,0.09,0.09,1672,286.01,0.004412590118590742
0.0003,494400,1.943123663750157e-05,2551,3.5103103130040836e-05,5.3790517672896385,494512,193,0.09,0.09,1676,286.01,0.004366050125099719
0.0003,495376,2.3258561782313336e-05,2556,2.5785025627556024e-05,-5.43077552318573,495488,193,0.07,0.07,1680,289.06,0.006679868034552783
0.0003,496032,2.2323749590213993e-05,2559,2.9504658130008465e-05,-4.530505679547787,496144,193,0.06,0.06,1684,290.85,0.005368316647945903
0.0003,498320,1.9768819925047865e-05,2571,2.7773581791734614e-05,-7.973464399576187,498432,193,0.06,0.06,1688,290.85,0.007571668793389108
0.0003,499200,1.9235763033975672e-05,2576,2.6810928829945624e-05,-6.209405779838562,499312,193,0.06,0.06,1692,290.85,0.00674791335768532
0.0003,500176,1.924631806105026e-05,2580,3.0269825742834655e-05,-1.3817140683531761,500288,193,0.06,0.06,1696,290.85,0.006873506063129753
0.0003,500832,1.850505611855624e-05,2583,2.413428916270277e-05,-5.263767056167126,500944,193,0.06,0.06,1700,290.85,0.006361693216604181
0.0003,503120,2.0367142155919282e-05,2596,4.125675616251101e-05,7.931250438094139,503232,193,0.06,0.06,1704,290.85,0.007674389780731872
0.0003,504000,2.251544640330394e-05,2600,3.321730775951437e-05,0.7132243923842907,504112,193,0.06,0.06,1708,290.85,0.0059427480737213045
0.0003,504976,2.190174973293324e-05,2605,3.2886286533084785e-05,-7.828358702361584,505088,193,0.05,0.05,1712,291.26,0.008043384194024839
0.0003,505632,2.0759438370987482e-05,2608,3.0007583859514853e-05,2.799224078655243,505744,193,0.04,0.04,1716,292.16,0.010176105599384755
0.0003,507904,2.336028524041467e-05,2620,2.9077912699904118e-05,0.016173169016838074,508016,193,0.04,0.04,1720,291.93,0.008472838322632015
0.0003,508704,2.2054323267184373e-05,2624,3.809222346262686e-05,-3.9477337673306465,508816,193,0.03,0.03,1724,294.37,0.007011098194197984
0.0003,509232,2.3408582364936592e-05,2626,5.8590608261965826e-05,0.7695356346666813,509344,193,0.03,0.03,1728,294.37,0.0073590816973592155
0.0003,509856,2.1930823209004302e-05,2629,6.21927840711578e-05,-4.772648856043816,509968,193,0.04,0.04,1732,292.2,0.00942652412049938
0.0003,512256,2.035613874795672e-05,2642,2.7267668770036835e-05,10.698202826082706,512368,193,0.04,0.04,1736,292.2,0.009840505415922962
0.0003,513504,2.221644558630942e-05,2649,3.094236433298647e-05,-3.321981020271778,513616,193,0.05,0.05,1740,289.21,0.009261486673494801
0.0003,513744,2.141927188858972e-05,2650,2.390422002918058e-05,6.847009904682636,513856,193,0.05,0.05,1744,289.21,0.0114142927195644
0.0003,514592,2.2816029741079547e-05,2654,7.326669333451719e-05,12.635503858327866,514704,193,0.05,0.05,1748,288.21,0.006179202246130444
0.0003,516336,2.4652058186802606e-05,2662,3.049839239110952e-05,2.4116995483636856,516448,193,0.05,0.05,1752,288.21,0.008336841223353986
0.0003,518304,2.4333273358934093e-05,2671,3.062539531129005e-05,4.522150218486786,518416,194,0.05,0.05,1756,288.21,0.008219278148317244
0.0003,518496,2.5015738401634735e-05,2672,7.43966562595233e-05,1.9895878732204437,518608,194,0.06,0.06,1760,285.22,0.006039182670065202
0.0003,519376,2.6548275741333782e-05,2677,3.7351163427956635e-05,3.850603975355625,519488,194,0.06,0.06,1764,285.22,0.005849502500495873
0.0003,519776,2.652071862030425e-05,2678,3.876921982737258e-05,-1.0958963260054588,519888,194,0.05,0.05,1768,287.4,0.01055868474941235
0.0003,522320,2.521975420677336e-05,2691,3.45410237514443e-05,2.3219367302954197,522432,194,0.05,0.05,1772,287.4,0.004787784680956975
0.0003,523296,2.6916103820440185e-05,2696,4.074932041930879e-05,-8.838441163301468,523408,194,0.05,0.05,1776,287.4,0.01000902202213183
0.0003,524176,2.7017140155294328e-05,2700,2.8273921088839415e-05,4.19263756275177,524288,194,0.05,0.05,1780,287.4,0.008715276751900092
0.0003,524576,2.663897794263903e-05,2702,4.48701642881133e-05,0.8456784412264824,524688,194,0.05,0.05,1784,287.4,0.008303654220071621
0.0003,526256,2.459796860421193e-05,2710,6.117734778854356e-05,16.231681883335114,526368,194,0.07,0.07,1788,285.09,0.009457316511543468
0.0003,528096,2.6760872628983634e-05,2719,2.4055466155914473e-05,-1.7757504396140575,528208,194,0.07,0.07,1792,285.09,0.004895573867543135
0.0003,528976,2.4071766688393836e-05,2724,3.137487897220126e-05,5.095485873520374,529088,194,0.07,0.07,1796,285.09,0.008476470080495346
0.0003,529376,2.418527458303288e-05,2726,3.1247992524185975e-05,-2.60579264909029,529488,194,0.07,0.07,1800,285.09,0.005945113327470608
0.0003,531056,2.528632262510655e-05,2734,3.504669467702115e-05,-2.0175464041531086,531168,194,0.07,0.07,1804,285.09,0.0036765527038369328
0.0003,532896,2.4776532313808275e-05,2744,2.87754438659249e-05,1.6311440914869308,533008,194,0.07,0.07,1808,285.09,0.008779611554928124
0.0003,533776,2.5823232476795965e-05,2748,2.8375105671329948e-05,-0.2077233251184225,533888,194,0.07,0.07,1812,285.09,0.011356475370121188
0.0003,534176,2.4509690774721093e-05,2750,3.0038064778636908e-05,-7.865607373416424,534288,194,0.07,0.07,1816,285.09,0.009719843466882594
0.0003,535536,2.6081478040396178e-05,2758,5.144112412835966e-05,0.5704242996871471,535648,194,0.07,0.07,1820,285.28,0.008538964575564023
0.0003,537600,2.557259153945779e-05,2768,3.6617662601656775e-05,1.3102635834366083,537712,194,0.07,0.07,1824,285.28,0.009112822481256444
0.0003,538576,2.3981676463336044e-05,2773,3.7471948644451913e-05,3.06202657148242,538688,194,0.07,0.07,1828,285.28,0.009892288042465225
0.0003,538976,2.463224802795594e-05,2775,2.837168347014085e-05,-4.069400988519192,539088,194,0.06,0.06,1832,287.45,0.009944600096787326
0.0003,540336,2.2202299192031205e-05,2782,3.997764406449278e-05,-1.663190372288227,540448,194,0.06,0.06,1836,287.45,0.00980228406842798
0.0003,542400,2.22638806235409e-05,2793,3.1653287180688494e-05,-0.134707598015666,542512,194,0.05,0.05,1840,290.44,0.008711361340829171
0.0003,543376,2.1056117248008377e-05,2798,5.9176713875785936e-05,-0.8698296397924423,543488,194,0.05,0.05,1844,290.44,0.010570288839517161
0.0003,543568,2.1181980741857842e-05,2799,3.232045168033437e-05,0.16603408753871918,543680,194,0.05,0.05,1848,290.31,0.00947600178187713
0.0003,545120,2.465224463321647e-05,2807,3.880820804624818e-05,3.219543507322669,545232,194,0.05,0.05,1852,290.31,0.01061010273406282
0.0003,547120,2.2166271833157225e-05,2817,4.26337443286684e-05,7.0733721777796745,547232,194,0.05,0.05,1856,290.31,0.011290904789348133
0.0003,548176,2.4544693701500364e-05,2822,3.57770466052898e-05,0.16545123979449272,548288,194,0.04,0.04,1860,293.3,0.015607874462148175
0.0003,548272,2.4449235297652194e-05,2823,5.8885218663817795e-05,-3.5598292499780655,548384,194,0.05,0.05,1864,290.31,0.010802258519106545
0.0003,549088,2.4124022388605226e-05,2827,5.2536259545377106e-05,4.66182553768158,549200,194,0.05,0.05,1868,290.31,0.011102897391538136
0.0003,551120,2.3746804458824045e-05,2836,5.052038613939658e-05,-2.3129143081605434,551232,194,0.05,0.05,1872,290.31,0.016332505736500025
0.0003,552432,2.1576104586529254e-05,2843,3.132903373170848e-05,-4.353679746389389,552544,194,0.05,0.05,1876,290.31,0.016228849854087457
0.0003,553072,2.3189275452750735e-05,2846,4.306959249333886e-05,-5.196036286652088,553184,194,0.05,0.05,1880,290.31,0.013113030836393591
0.0003,553888,2.2520900984090986e-05,2850,3.574737195322086e-05,-5.157142221927643,554000,194,0.05,0.05,1884,290.31,0.017060434140148573
0.0003,555056,2.246290523544303e-05,2856,3.0804936614003964e-05,2.2028548792004585,555168,194,0.04,0.04,1888,290.21,0.013399702758761123
0.0003,556896,2.5005782617881778e-05,2866,4.19837797380751e-05,-0.7135736383497715,557008,194,0.05,0.05,1892,288.07,0.014268963102949783
0.0003,557792,2.6094929239661724e-05,2871,3.258181914134184e-05,-5.362123034894466,557904,194,0.05,0.05,1896,288.07,0.01571135496487841
0.0003,558560,2.406554574463371e-05,2874,3.328779723688058e-05,2.76453460380435,558672,194,0.05,0.05,1900,288.07,0.014042203387361951
0.0003,559856,2.5684903107503487e-05,2881,3.36623875227815e-05,-0.13505490869283676,559968,194,0.05,0.05,1904,288.07,0.015212959915515967
0.0003,561520,2.6849236519410624e-05,2890,7.707633903919486e-05,1.5982187911868095,561632,194,0.06,0.06,1908,285.83,0.014681188855320215
0.0003,562576,2.670207902610855e-05,2895,4.410099552387692e-05,-1.0034048222005367,562688,194,0.06,0.06,1912,285.83,0.015191703103482723
0.0003,562976,2.7977917966381938e-05,2897,3.696106637107732e-05,2.1921792924404144,563088,194,0.06,0.06,1916,285.83,0.015932415903080255
0.0003,564320,2.784666514799028e-05,2904,5.859381735717761e-05,3.566080927848816,564432,194,0.05,0.05,1920,287.95,0.01547729002777487
0.0003,566320,2.674717779882485e-05,2914,3.825247301847412e-05,-6.225397203117609,566432,194,0.05,0.05,1924,287.95,0.016344661882612854
0.0003,566832,2.5729766889526218e-05,2917,4.7452591957153345e-05,19.2801833152771,566944,194,0.06,0.06,1928,284.96,0.018841632117982954
0.0003,567568,2.477126236044569e-05,2920,3.876213497733261e-05,-3.7783749997615814,567680,194,0.06,0.06,1932,284.96,0.016920034948270768
0.0003,568352,2.5632955839682836e-05,2924,3.9681511566413974e-05,11.76377609372139,568464,194,0.06,0.06,1936,284.96,0.015133696040720679
0.0003,570672,2.8981685090911924e-05,2936,5.045388843427645e-05,-4.8385754227638245,570784,194,0.06,0.06,1940,284.96,0.017663019127212465
0.0003,571632,2.7650584570437786e-05,2941,6.898683989220444e-05,-4.938587427139282,571744,194,0.06,0.06,1944,284.96,0.01707336158142425
0.0003,572368,2.797458216718951e-05,2945,5.295609423683345e-05,-11.207311913371086,572480,194,0.05,0.05,1948,287.23,0.019398500793613493
0.0003,573152,2.674282279713225e-05,2949,5.007065021800372e-05,5.026176899671555,573264,194,0.05,0.05,1952,287.23,0.015508892014622688
0.0003,575472,2.925797207353753e-05,2962,4.172299759375164e-05,3.7588483691215515,575584,194,0.05,0.05,1956,287.23,0.01695564010879025
0.0003,576432,2.9375988219726423e-05,2967,4.830478803796723e-05,2.7258539982140064,576544,194,0.05,0.05,1960,287.23,0.016795753996120766
0.0003,577168,2.966745171306684e-05,2971,3.9657363799960876e-05,2.146625332534313,577280,194,0.04,0.04,1964,290.22,0.016086986419395544
0.0003,577952,2.7625266511677182e-05,2975,4.649684808555321e-05,2.9238762967288494,578064,194,0.04,0.04,1968,290.22,0.02054718736326322
0.0003,580272,2.7294695655655232e-05,2987,3.255704609728127e-05,4.227592660114169,580384,194,0.04,0.04,1972,290.22,0.01719560481433291
0.0003,581232,2.7795437631539244e-05,2992,4.1400690690807096e-05,-12.820061206817627,581344,194,0.04,0.04,1976,290.22,0.01913138767122291
0.0003,581968,2.7448937885310443e-05,2996,4.1793394530031946e-05,-2.3853899352252483,582080,194,0.04,0.04,1980,290.22,0.01903537882026285
0.0003,582752,2.8417619773790648e-05,3000,3.9096621435419365e-05,-1.5295360386371613,582864,194,0.04,0.04,1984,290.22,0.016892618587007746
0.0003,584912,2.6972428827320982e-05,3011,3.396780027742352e-05,-3.911380887031555,585024,194,0.04,0.04,1988,290.53,0.017600610459339805
0.0003,585744,2.747999155872094e-05,3016,4.114958960599324e-05,1.356300238519907,585856,194,0.03,0.03,1992,292.67,0.018957568041514605
0.0003,586768,2.7413003067522368e-05,3021,2.714242998536065e-05,6.905631735920906,586880,194,0.03,0.03,1996,292.67,0.020121852052398026
0.0003,587552,2.4828382720443187e-05,3025,4.264841993517621e-05,-0.7988576218485832,587664,194,0.03,0.03,2000,292.67,0.01743976968282368
0.0003,589712,2.5636847340138047e-05,3036,3.502696313262277e-05,5.639380909502506,589824,194,0.03,0.03,2004,292.67,0.018348246288951486
0.0003,590544,2.5857581931632012e-05,3041,3.08140852212091e-05,-3.0788189694285393,590656,194,0.02,0.02,2008,294.91,0.019549449789337814
0.0003,591568,2.5366717068209255e-05,3046,3.599065473736118e-05,-0.8198111727833748,591680,194,0.02,0.02,2012,294.91,0.014022598101291806
0.0003,592352,2.542873710353888e-05,3050,3.2216004456131486e-05,-3.3946623504161835,592464,194,0.02,0.02,2016,294.91,0.01889631460653618
0.0003,594512,2.6991732852366113e-05,3060,5.059438433363539e-05,0.08671682327985764,594624,194,0.02,0.02,2020,294.91,0.016426239075371996
0.0003,595344,2.6234459483021055e-05,3065,4.207599988603761e-05,4.63956443965435,595456,194,0.02,0.02,2024,294.91,0.01940830290550366
0.0003,596368,2.497663854228449e-05,3070,3.043376091227401e-05,-0.9315867051482201,596480,194,0.01,0.01,2028,297.9,0.01989196296199225
0.0003,597152,2.4806102373986505e-05,3074,2.9192620786488988e-05,5.169500038027763,597264,194,0.01,0.01,2032,297.9,0.019892502634320408
0.0003,599312,2.7002844603885023e-05,3085,4.735646916742553e-05,2.2430675514042377,599424,194,0.01,0.01,2036,297.9,0.020441728527657688
0.0003,600144,2.7400027761359524e-05,3089,4.1397421341571317e-05,1.7040091939270496,600256,194,0.01,0.01,2040,297.9,0.019370861584320664
0.0003,600992,2.6520136543695116e-05,3093,2.92361062861346e-05,-1.654422640800476,601104,194,0.02,0.02,2044,294.91,0.020540549943689257
0.0003,601888,2.617734753584955e-05,3098,3.947290099404199e-05,-9.757765650749207,602000,194,0.02,0.02,2048,294.91,0.019828842079732567
0.0003,603920,2.0989531435589015e-05,3109,4.061507866026659e-05,-1.7673927173018456,604032,194,0.02,0.02,2052,294.91,0.0206977489287965
0.0003,604912,2.3349819343820855e-05,3114,3.637122119926062e-05,4.140468113124371,605024,194,0.02,0.02,2056,294.91,0.02259151713224128
0.0003,605792,2.3537735160061857e-05,3118,5.618838906684687e-05,0.14959711581468582,605904,194,0.02,0.02,2060,294.91,0.024505030014552176
0.0003,606688,2.5488195774414635e-05,3123,3.051973521905893e-05,6.836914107203484,606800,194,0.02,0.02,2064,294.91,0.01985096576390788
0.0003,608720,2.289806388944271e-05,3133,4.838540019136417e-05,-6.452598989009857,608832,194,0.02,0.02,2068,294.91,0.021751432213932276
0.0003,609712,2.250180125429324e-05,3138,4.128977218442742e-05,1.604954220354557,609824,194,0.02,0.02,2072,294.91,0.01904354215366766
0.0003,610592,2.3136918571253773e-05,3143,4.114792807285994e-05,-5.635242477059364,610704,194,0.02,0.02,2076,294.91,0.02447223593480885
0.0003,611488,2.440180446683371e-05,3147,2.86882300315483e-05,0.552327036857605,611600,194,0.02,0.02,2080,294.91,0.02293929737061262
0.0003,613520,2.647823157531093e-05,3158,3.994168594090297e-05,-2.3734222128987312,613632,194,0.02,0.02,2084,294.91,0.022854066686704755
0.0003,614512,2.4567000650677073e-05,3163,3.684123089442437e-05,6.573671229183674,614624,194,0.01,0.01,2088,297.01,0.024586086452472955
0.0003,615392,2.5774414325496764e-05,3167,2.677279599083704e-05,-2.732547726482153,615504,194,0.01,0.01,2092,297.01,0.025047998933587223
0.0003,616288,2.3375627733912552e-05,3172,3.430199888043717e-05,2.377360314130783,616400,194,0.01,0.01,2096,297.01,0.022575509501621127
0.0003,617120,2.3412304585690435e-05,3176,3.470186948106857e-05,4.386776372790337,617232,194,0.02,0.02,2100,295.05,0.022892846434842795
0.0003,619120,2.2198458623279294e-05,3187,3.217735769567298e-05,7.646731421351433,619232,194,0.02,0.02,2104,295.05,0.023637553327716887
0.0003,620176,2.4256311007775366e-05,3193,5.289332659685897e-05,-2.074553042650223,620288,194,0.02,0.02,2108,295.05,0.020737161597935483
0.0003,621088,2.5166389036712644e-05,3198,3.3279002821018366e-05,4.178245477378368,621200,194,0.02,0.02,2112,295.05,0.023335214820690453
0.0003,621920,2.3435502271240694e-05,3202,2.962933461958528e-05,4.1301483027637005,622032,194,0.02,0.02,2116,295.05,0.02230288286227733
0.0003,623920,2.3133963054533524e-05,3213,4.835320407892141e-05,4.222261972725391,624032,194,0.02,0.02,2120,295.05,0.023524696589447558
0.0003,624976,2.370651759520115e-05,3218,5.814879375520832e-05,4.503980703651905,625088,194,0.02,0.02,2124,295.05,0.023967852583155036
0.0003,625888,2.4238514811258938e-05,3223,3.439015210915386e-05,-6.049411788582802,626000,194,0.02,0.02,2128,295.05,0.022448143805377185
0.0003,626720,2.4577623207733268e-05,3227,3.3086115195146704e-05,2.1785318180918694,626832,194,0.02,0.02,2132,295.05,0.021903802233282477
0.0003,628272,2.5152816078843898e-05,3235,3.888985042976856e-05,-1.9908749088644981,628384,194,0.03,0.03,2136,293.19,0.021670299815014005
0.0003,628960,2.3821371541998815e-05,3239,2.910108770493025e-05,-3.87156018614769,629072,194,0.04,0.04,2140,290.2,0.020452685304917395
0.0003,630560,2.5667542331575532e-05,3247,3.288848870397487e-05,-5.931057333946228,630672,194,0.03,0.03,2144,293.19,0.019438044051639736
0.0003,631456,2.3878142542343994e-05,3251,2.7539575967239216e-05,-2.6815575137734413,631568,194,0.03,0.03,2148,293.19,0.022636134759522974
0.0003,632736,2.1870980958738073e-05,3258,4.649182494631532e-05,-2.6072599664330482,632848,194,0.04,0.04,2152,290.95,0.019460121460724622
0.0003,633520,2.4114328766700055e-05,3262,3.977712833602709e-05,-4.111252009868622,633632,194,0.05,0.05,2156,287.96,0.020007111656013876
0.0003,634576,2.4001203883017297e-05,3267,5.050828735875257e-05,5.100455306470394,634688,194,0.05,0.05,2160,287.96,0.019889068615157157
0.0003,635552,2.6325813678340637e-05,3272,3.6266379652261094e-05,-5.666365996003151,635664,194,0.05,0.05,2164,287.96,0.019871755386702716
0.0003,637520,2.9353256081776635e-05,3283,3.483141415472346e-05,-1.6177008971571922,637632,194,0.05,0.05,2168,287.96,0.020206683955620974
0.0003,637920,2.9144763857402722e-05,3284,3.270363225738038e-05,-0.6500700749456882,638032,194,0.06,0.06,2172,285.66,0.019775086955633014
0.0003,638848,2.8204332238601637e-05,3289,3.1001622801341e-05,-8.745808243751526,638960,194,0.06,0.06,2176,285.66,0.025633802404627204
0.0003,640160,2.6522495431891002e-05,3296,4.411054840147699e-05,3.8932527229189873,640272,194,0.07,0.07,2180,284.03,0.021462909557158127
0.0003,640912,2.995251850279601e-05,3299,5.552512038775603e-05,1.4538305010646582,641024,194,0.08,0.08,2184,282.46,0.019145516853313893
0.0003,642688,2.5004952476592734e-05,3308,6.211060804162116e-05,5.203651934862137,642800,194,0.08,0.08,2188,282.46,0.01955225586425513
0.0003,643648,2.511223647161387e-05,3312,5.922136301705905e-05,0.3785000778734684,643760,194,0.08,0.08,2192,282.46,0.02210502146044746
0.0003,644960,2.2647110085927125e-05,3319,3.131938177602933e-05,-0.01799948140978813,645072,194,0.08,0.08,2196,282.46,0.02608366950880736
0.0003,645712,2.5186788207065547e-05,3323,5.2877771167914034e-05,-3.358592599630356,645824,194,0.07,0.07,2200,284.42,0.021015965612605214
0.0003,647488,2.3160096020546916e-05,3332,3.1441457508663007e-05,-1.2046452723443508,647600,194,0.07,0.07,2204,284.42,0.027053100522607565
0.0003,648448,2.2979154437052784e-05,3337,5.140646760537493e-05,-5.668909575790167,648560,194,0.07,0.07,2208,284.42,0.021002781519200653
0.0003,649760,2.4242803533525148e-05,3343,3.4851705549954204e-05,10.750447660684586,649872,194,0.07,0.07,2212,284.42,0.02231035172007978
0.0003,650512,2.5198347771038243e-05,3347,4.6744545556975936e-05,5.602297313511372,650624,194,0.07,0.07,2216,284.42,0.02124794339761138
0.0003,652288,2.284350000536506e-05,3355,3.3759582152015355e-05,-4.380532242357731,652400,194,0.07,0.07,2220,284.42,0.023057106300257146
0.0003,653248,1.9938170339628414e-05,3360,0.00011265111174907361,2.2896765805780888,653360,194,0.07,0.07,2224,284.42,0.02213086956180632
0.0003,654560,2.2612898533225234e-05,3366,3.6564681863637816e-05,-2.04609489813447,654672,194,0.07,0.07,2228,284.42,0.019626421213615686
0.0003,655312,2.1881409907109628e-05,3370,4.523858444827056e-05,-5.628470242023468,655424,194,0.07,0.07,2232,284.42,0.022061352734453976
0.0003,656912,2.1403067648861906e-05,3378,4.181070460163028e-05,3.0409540459513664,657024,194,0.07,0.07,2236,284.13,0.021802029688842595
0.0003,657760,2.1352575345190417e-05,3382,4.3311531157996797e-05,-5.8680780082941055,657872,194,0.06,0.06,2240,287.12,0.023784715653164312
0.0003,658912,2.2078860979490855e-05,3388,3.9791728795535164e-05,-5.110862568020821,659024,194,0.06,0.06,2244,287.12,0.022555784205906093
0.0003,660112,2.419451857349486e-05,3395,5.005568687010964e-05,-0.4101599305868149,660224,194,0.06,0.06,2248,287.12,0.019191254599718377
0.0003,661712,2.2876341972732916e-05,3403,4.311421321290254e-05,-1.2119213119149208,661824,194,0.05,0.05,2252,289.36,0.02213091356679797
0.0003,662560,2.511733998744603e-05,3408,5.0103913054044824e-05,-0.16556049138307571,662672,194,0.04,0.04,2256,292.35,0.019352369010448456
0.0003,663712,2.703999734876561e-05,3414,4.633097262285446e-05,-5.07504627853632,663824,194,0.04,0.04,2260,292.35,0.022687765973387286
0.0003,664912,2.4182815423046122e-05,3420,4.213415775211615e-05,0.6854887157678604,665024,194,0.04,0.04,2264,292.35,0.021513538784347475
0.0003,666512,2.5045384290933725e-05,3428,3.470302260666358e-05,0.19194814562797546,666624,194,0.04,0.04,2268,292.35,0.019527497875969857
0.0003,667360,2.5876204631458677e-05,3433,4.024815405045956e-05,5.292915016412735,667472,194,0.03,0.03,2272,294.65,0.0200902100186795
0.0003,668512,2.810206069625565e-05,3439,3.5814431385006174e-05,-0.9213335253298283,668624,194,0.03,0.03,2276,294.65,0.01922772271791473
0.0003,669424,2.973990160626272e-05,3443,4.5228167891764315e-05,-1.4897348135709763,669536,194,0.03,0.03,2280,293.29,0.018946407712064683
0.0003,671136,3.1449634889213485e-05,3453,3.972511228766962e-05,3.8920138776302338,671248,194,0.02,0.02,2284,294.86,0.02047776710242033
0.0003,671520,2.998210311488947e-05,3454,3.6206201571076235e-05,6.504328079521656,671632,194,0.03,0.03,2288,293.06,0.01928099838551134
0.0003,672976,2.6773424906423315e-05,3462,3.7812498590028554e-05,-6.040597431361675,673088,194,0.03,0.03,2292,293.06,0.02188276022206992
0.0003,673760,3.061167171836132e-05,3466,3.665975748390338e-05,-1.3104412779211998,673872,194,0.04,0.04,2296,290.82,0.02264737550285645
0.0003,675248,2.587049073099479e-05,3474,4.345723368714971e-05,-6.323422022163868,675360,194,0.04,0.04,2300,290.82,0.023829737096093595
0.0003,676144,2.588461086361349e-05,3478,4.6091809167592146e-05,5.868621185421944,676256,194,0.05,0.05,2304,289.11,0.023251171340234578
0.0003,677248,2.3272460566658992e-05,3484,3.476989104456152e-05,0.9862938858568668,677360,194,0.05,0.05,2308,289.11,0.02348454704042524
0.0003,678176,2.3406874561260338e-05,3489,3.640898148660199e-05,-7.322582006454468,678288,194,0.05,0.05,2312,289.11,0.0214696500916034
0.0003,680048,2.6976273488799052e-05,3499,3.472531921033806e-05,2.1280093044042587,680160,194,0.05,0.05,2316,289.11,0.02358125156024471
0.0003,680944,2.9854820354557887e-05,3504,3.3954463333429885e-05,-4.9110456090420485,681056,194,0.05,0.05,2320,289.11,0.025087282760068774
0.0003,681712,3.004582731591654e-05,3508,4.211977761769958e-05,3.766686551272869,681824,194,0.06,0.06,2324,286.8,0.022520902391988784
0.0003,682912,2.7279233563604066e-05,3514,3.5554993587538775e-05,-1.0474940687417984,683024,194,0.06,0.06,2328,286.8,0.025622289336752146
0.0003,684256,2.7159965384271345e-05,3521,4.1806203398664366e-05,4.481456160545349,684368,194,0.06,0.06,2332,286.8,0.024540420796256512
0.0003,685744,2.7609951644080866e-05,3529,3.898082331943442e-05,-3.920065738260746,685856,194,0.05,0.05,2336,288.95,0.026657835056539625
0.0003,686512,2.721444229791814e-05,3532,4.7334455985037494e-05,1.91579719632864,686624,194,0.05,0.05,2340,288.95,0.02520067908335477
0.0003,687712,2.5444637799409975e-05,3538,8.908637278182141e-05,0.24549605324864388,687824,194,0.05,0.05,2344,288.95,0.022900551790371537
0.0003,688688,2.772545042262209e-05,3543,5.0790577574844065e-05,19.88408261537552,688800,194,0.07,0.07,2348,284.4,0.02582527499180287
0.0003,690416,2.731604058681114e-05,3552,5.085433213025681e-05,4.627950627356768,690528,194,0.07,0.07,2352,284.4,0.02517920482205227
0.0003,690720,2.7190998935111566e-05,3553,3.960904621180816e-05,4.654534548521042,690832,194,0.07,0.07,2356,284.4,0.025948814291041344
0.0003,692176,2.761472671863885e-05,3561,4.080034966591484e-05,3.339350149035454,692288,194,0.08,0.08,2360,282.01,0.02584550774190575
0.0003,692992,2.876825601560995e-05,3565,4.474669060527958e-05,-7.8915029019117355,693104,194,0.08,0.08,2364,282.01,0.022111515689175576
0.0003,695136,2.923719853242801e-05,3577,5.753449477197137e-05,0.14666365087032318,695248,194,0.08,0.08,2368,282.01,0.021241428737994283
0.0003,695520,2.931058747890347e-05,3579,4.185674845302856e-05,3.4417044445872307,695632,194,0.08,0.08,2372,282.01,0.022991232573986053
0.0003,696832,2.7695988933373883e-05,3585,3.7959481119287375e-05,-1.8798940777778625,696944,194,0.09,0.09,2376,279.83,0.025459087803028524
0.0003,697760,2.7069585144090524e-05,3590,3.9391696873281035e-05,-0.16068313270807266,697872,194,0.08,0.08,2380,282.82,0.026559353864286095
0.0003,698656,2.715941627684515e-05,3595,4.5155923089623684e-05,0.7601754125207663,698768,194,0.08,0.08,2384,282.82,0.022062056930735707
0.0003,700288,2.6644447530088655e-05,3603,4.8410243607577286e-05,2.669034853577614,700400,194,0.07,0.07,2388,284.62,0.02436395816039294
0.0003,701152,2.6496601662984176e-05,3608,5.916919099036022e-05,-9.37546220421791,701264,194,0.08,0.08,2392,283.41,0.027404636843129992
0.0003,702176,2.735919088081573e-05,3614,3.630025446454965e-05,-3.0659078657627106,702288,194,0.07,0.07,2396,285.65,0.02708580845501274
0.0003,703312,2.649632949669467e-05,3619,9.265200696972897e-05,4.392774131149054,703424,194,0.08,0.08,2400,283.44,0.02740262250881642
0.0003,704944,2.9147021677999874e-05,3628,6.047476358617132e-05,0.7332757487893105,705056,194,0.07,0.07,2404,285.15,0.02297652733977884
0.0003,705792,2.6532470542406372e-05,3632,4.982306563761085e-05,-2.6639177054166794,705904,194,0.07,0.07,2408,285.15,0.025703468243591487
0.0003,706976,2.6808917823473166e-05,3638,6.666606395810959e-05,0.8131504952907562,707088,194,0.07,0.07,2412,285.15,0.026901235862169415
0.0003,707392,2.7009986297343858e-05,3641,4.9290085826214636e-05,0.4744207561016083,707504,194,0.08,0.08,2416,284.57,0.026820178783964366
0.0003,709744,2.991222538639704e-05,3653,4.7580179170836345e-05,-1.6679181605577469,709856,194,0.08,0.08,2420,284.57,0.02862050523981452
0.0003,710592,2.887348887270491e-05,3657,4.089717265287618e-05,1.5829853788018227,710704,194,0.07,0.07,2424,286.88,0.027941879699938
0.0003,711776,3.1111723046706175e-05,3664,5.31123495193242e-05,-3.3467529639601707,711888,194,0.07,0.07,2428,286.88,0.029168473673053086
0.0003,712192,3.0478049779958383e-05,3666,4.909148447040934e-05,-0.2888743057847023,712304,194,0.07,0.07,2432,286.88,0.02881732117384672
0.0003,714544,2.831446943218907e-05,3678,4.8019154405665176e-05,2.2596945762634277,714656,194,0.07,0.07,2436,286.88,0.028304623789153993
0.0003,715312,3.0272844469436677e-05,3682,0.00011515629626046575,2.7333376333117485,715424,194,0.08,0.08,2440,283.89,0.02471175033133477
0.0003,716368,3.350175825289625e-05,3687,4.226544592711434e-05,-1.1429607048630714,716480,194,0.08,0.08,2444,283.89,0.027825622993987054
0.0003,716960,2.9597524758173677e-05,3691,5.976064869628317e-05,6.802731066942215,717072,194,0.06,0.06,2448,288.44,0.026204531895928085
0.0003,719312,2.8922750630044902e-05,3704,4.5728528675681446e-05,-2.4570119082927704,719424,194,0.06,0.06,2452,288.44,0.027609247714281082
0.0003,720112,2.9044027201052813e-05,3708,5.933114255185501e-05,0.5385776907205582,720224,194,0.06,0.06,2456,288.44,0.030164677067659795
0.0003,720976,3.189503922840231e-05,3713,7.070282254062477e-05,1.5183208994567394,721088,194,0.06,0.06,2460,288.48,0.03129302186425775
0.0003,721616,3.172305787302321e-05,3716,4.611355143424589e-05,-1.6895433701574802,721728,194,0.06,0.06,2464,288.48,0.0327345326077193
0.0003,723936,3.113901902906946e-05,3728,6.899833419993229e-05,2.5509535670280457,724048,194,0.06,0.06,2468,288.48,0.030689234321471304
0.0003,724912,3.20703354645957e-05,3733,5.2389633765415056e-05,-5.435667172074318,725024,194,0.06,0.06,2472,288.48,0.03163217706605792
0.0003,725632,2.8256395808057277e-05,3737,8.788384843683161e-05,-5.433789364993572,725744,194,0.06,0.06,2476,288.36,0.034518206026405096
0.0003,726384,2.981660725254187e-05,3740,5.293139861350937e-05,9.526817828416824,726496,194,0.06,0.06,2480,288.36,0.03179506922606379
0.0003,727456,3.1362898653242155e-05,3746,6.281510877670371e-05,2.183125361800194,727568,194,0.06,0.06,2484,288.36,0.03193210926838219
0.0003,729168,3.131794187538617e-05,3754,4.893579512099677e-05,8.863477542996407,729280,194,0.07,0.07,2488,287.05,0.029429576126858592
0.0003,730432,2.7918126306758495e-05,3760,6.369664629346516e-05,4.302538439631462,730544,194,0.06,0.06,2492,288.26,0.03327380970586091
0.0003,731184,2.7889206876352546e-05,3764,8.430477873844211e-05,-7.9664663299918175,731296,194,0.06,0.06,2496,288.26,0.033832927932962775
0.0003,732256,2.9099510811647633e-05,3770,9.206589174937108e-05,2.041686862707138,732368,194,0.05,0.05,2500,290.47,0.03241863998118788
0.0003,733968,3.0336339932546252e-05,3779,6.476869111793349e-05,-4.0362097304314375,734080,194,0.05,0.05,2504,290.47,0.036979116732254624
0.0003,735232,2.669370519470249e-05,3786,6.313687595138617e-05,7.210680890828371,735344,194,0.05,0.05,2508,290.47,0.03744640958029777
0.0003,735984,2.6852914061237243e-05,3790,8.390545690417639e-05,0.49727244302630424,736096,194,0.05,0.05,2512,290.47,0.036698311334475875
0.0003,736192,2.802093638365477e-05,3791,5.1768555181297415e-05,3.0184448305517435,736304,194,0.05,0.05,2516,289.35,0.03850728110410273
0.0003,738544,3.3229902783205034e-05,3803,6.579670184692077e-05,1.55399189889431,738656,194,0.05,0.05,2520,289.35,0.03561025147791952
0.0003,740032,3.4918972005471005e-05,3811,6.772248025299632e-05,-10.29483811557293,740144,194,0.05,0.05,2524,289.35,0.03581079631112516
0.0003,740784,3.191063206031686e-05,3814,5.222168442742259e-05,5.301697738468647,740896,194,0.05,0.05,2528,289.35,0.04002502886578441
0.0003,740992,3.3407893397452426e-05,3815,7.214487504825229e-05,-5.374644637107849,741104,194,0.05,0.05,2532,289.35,0.03484695591032505
0.0003,743344,3.223597104806686e-05,3828,6.105592797212012e-05,1.4847885854542255,743456,194,0.05,0.05,2536,289.35,0.0346966803772375
0.0003,744832,3.5510436646291055e-05,3835,7.018020164650807e-05,2.108211912214756,744944,194,0.04,0.04,2540,292.34,0.039236519718542695
0.0003,745584,3.5732418382394826e-05,3839,5.990461477267672e-05,-5.029911935329437,745696,194,0.04,0.04,2544,292.34,0.034124357742257416
0.0003,745792,3.609478267208033e-05,3840,6.935105329830549e-05,5.193256005644798,745904,194,0.04,0.04,2548,292.34,0.036819917848333716
0.0003,748144,3.7705439808632946e-05,3853,6.709161584694812e-05,-7.666931852698326,748256,194,0.04,0.04,2552,292.34,0.036326527362689376
0.0003,749632,3.3208528975592344e-05,3860,7.001804169703973e-05,-8.668957024812698,749744,194,0.04,0.04,2556,292.34,0.03643944708164781
0.0003,750384,3.193364182152436e-05,3864,9.277785147787654e-05,-4.394845075905323,750496,194,0.03,0.03,2560,294.69,0.036213999381288886
0.0003,750592,3.084905051764508e-05,3865,8.048608492572384e-05,-8.466927379369736,750704,194,0.03,0.03,2564,294.69,0.035315284272655845
0.0003,752944,3.781695613724878e-05,3877,5.9710461528084124e-05,-3.2265818417072296,753056,194,0.03,0.03,2568,294.69,0.03745563281700015
0.0003,754432,3.74221051515633e-05,3885,6.724486866005464e-05,-4.100871279835701,754544,194,0.03,0.03,2572,294.69,0.03773104096762836
0.0003,755184,3.4601569723236025e-05,3889,7.289171776392322e-05,-3.6466883569955826,755296,194,0.02,0.02,2576,296.99,0.03812378237489611
0.0003,755392,3.438713042669406e-05,3890,6.422801175176573e-05,16.057172417640686,755504,194,0.02,0.02,2580,296.99,0.03565848188009113
0.0003,757712,3.622936742431193e-05,3902,0.00010149889999411243,0.3550613299012184,757824,194,0.03,0.03,2584,294.0,0.03818952548317611
0.0003,758928,3.3481217542430386e-05,3908,9.995809818974521e-05,3.2581286281347275,759040,194,0.02,0.02,2588,295.31,0.038955074502155185
0.0003,759776,3.250944450883253e-05,3913,6.849778719697497e-05,1.7030289992690086,759888,194,0.02,0.02,2592,295.31,0.03665501088835299
0.0003,760160,3.248591065130313e-05,3915,6.933589747859514e-05,-1.356043130159378,760272,194,0.03,0.03,2596,295.25,0.03840322175528854
0.0003,762512,3.5211119438827154e-05,3927,8.49844748245232e-05,2.098011579364538,762624,194,0.03,0.03,2600,295.25,0.03879973629955202
0.0003,763728,3.6488907198872766e-05,3933,5.604462558039813e-05,-7.138133347034454,763840,194,0.03,0.03,2604,295.25,0.03944033675361425
0.0003,764576,3.7321548916224856e-05,3937,8.915447324397974e-05,-2.9493187479674816,764688,194,0.03,0.03,2608,295.25,0.03830490296240896
0.0003,764960,3.978023755735194e-05,3939,5.782035896118032e-05,4.130368784070015,765072,194,0.03,0.03,2612,295.25,0.039923021802678704
0.0003,767312,3.478145072222105e-05,3952,5.0970261781912996e-05,-1.3901462778449059,767424,194,0.02,0.02,2616,296.95,0.039827222004532814
0.0003,768528,3.915716479241382e-05,3958,6.525432741000259e-05,-6.432151220738888,768640,194,0.02,0.02,2620,296.95,0.038237890345044434
0.0003,769376,3.992805295638391e-05,3962,6.135139278740098e-05,1.1042288802564144,769488,194,0.02,0.02,2624,296.95,0.03811934997793287
0.0003,769760,3.879385758409626e-05,3964,6.467858179348696e-05,7.9504033625125885,769872,194,0.02,0.02,2628,296.95,0.037284797173924744
0.0003,770816,3.906332722181105e-05,3970,7.336796443269122e-05,1.4367301985621452,770928,194,0.03,0.03,2632,294.63,0.03990039974451065
0.0003,772992,4.322693825997703e-05,3981,6.505821374958032e-05,10.770275831222534,773104,194,0.04,0.04,2636,293.28,0.03823895251844078
0.0003,773968,4.176653874310432e-05,3986,5.612138033939118e-05,-3.840297408401966,774080,194,0.04,0.04,2640,293.28,0.04300227225758135
0.0003,774560,3.9252987789950566e-05,3989,8.779235827205412e-05,-1.611861303448677,774672,194,0.04,0.04,2644,293.28,0.04142089025117457
0.0003,775616,4.1261181422669324e-05,3994,6.486081201728666e-05,0.8687574882060289,775728,194,0.04,0.04,2648,293.28,0.042538675712421536
0.0003,777792,3.9948121639099554e-05,4005,5.5382397022185614e-05,-3.359939083456993,777904,194,0.04,0.04,2652,293.28,0.041613061213865876
0.0003,778768,3.60337210167927e-05,4011,5.0620484216779005e-05,5.981128394603729,778880,194,0.04,0.04,2656,293.28,0.04278694465756416
0.0003,779216,3.8174649944267e-05,4013,4.804917273304454e-05,1.5217177458107471,779328,194,0.05,0.05,2660,290.29,0.04016496299300343
0.0003,780272,3.7292562637958326e-05,4018,4.8530162530369125e-05,2.041839860379696,780384,194,0.05,0.05,2664,290.29,0.0426251667086035
0.0003,781744,3.962405708080041e-05,4026,8.000119237294712e-05,-2.083099637180567,781856,194,0.05,0.05,2668,290.29,0.0416430551558733
0.0003,783232,3.8772431480538216e-05,4033,9.014794568429352e-05,-3.0977816730737686,783344,194,0.05,0.05,2672,290.29,0.04172458965331316
0.0003,784016,3.674862227853737e-05,4037,5.4737799018766964e-05,3.324234079569578,784128,194,0.05,0.05,2676,290.29,0.04454209585674107
0.0003,785072,3.665575536615506e-05,4043,5.982043012409122e-05,0.7093409523367882,785184,194,0.05,0.05,2680,290.29,0.0424289230722934
0.0003,786544,3.0108525038485823e-05,4050,4.483359873574955e-05,-0.3480531442910433,786656,194,0.04,0.04,2684,293.28,0.041280495934188366
0.0003,787728,3.254660850871005e-05,4056,5.423698098638852e-05,2.5435813143849373,787840,194,0.05,0.05,2688,290.74,0.04305515997111797
0.0003,788768,3.298576348242932e-05,4061,5.6843256743377424e-05,-4.3322334215044975,788880,194,0.05,0.05,2692,290.74,0.0407988540828228
0.0003,789872,3.4116116466975654e-05,4067,5.2129190066807496e-05,3.3367071636021137,789984,194,0.04,0.04,2696,290.8,0.04157601250335574
0.0003,791344,3.448072652645351e-05,4075,7.904181052253989e-05,2.5885784029960632,791456,194,0.04,0.04,2700,290.8,0.04141628788784146
0.0003,792528,3.352902604092378e-05,4081,4.7340811420326645e-05,0.06355465948581696,792640,194,0.04,0.04,2704,290.8,0.03997957147657871
0.0003,793568,3.542425588420883e-05,4086,4.664155540012871e-05,0.8119344413280487,793680,194,0.04,0.04,2708,290.8,0.04365264647640288
0.0003,794672,3.104039751633536e-05,4092,4.603014997428545e-05,-1.4245810098946095,794784,194,0.04,0.04,2712,290.8,0.03912513132672757
0.0003,796144,2.8735337650687143e-05,4099,4.5239569999466767e-05,0.7923906780779362,796256,194,0.04,0.04,2716,290.8,0.041938269045203924
0.0003,797328,3.018733457338385e-05,4106,4.9151764528687636e-05,-5.302372828125954,797440,194,0.05,0.05,2720,288.54,0.043476167134940624
0.0003,798176,2.5943623995772214e-05,4110,4.836449897993589e-05,-0.6381249185651541,798288,194,0.05,0.05,2724,288.54,0.040844638482667506
0.0003,798592,2.5632876145209593e-05,4112,4.4522738676278095e-05,1.642411444336176,798704,194,0.05,0.05,2728,288.54,0.03996131254825741
0.0003,800416,2.822355224907369e-05,4121,3.6097637007515004e-05,0.5879251062870026,800528,194,0.04,0.04,2732,290.86,0.03948265523649752
0.0003,802128,2.9263237934173958e-05,4130,4.6237594233389245e-05,-1.9775324612855911,802240,194,0.03,0.03,2736,292.21,0.03639250306878239
0.0003,802976,2.9310285071915132e-05,4134,4.279312918242795e-05,4.77701398730278,803088,194,0.03,0.03,2740,292.21,0.0387041955254972
0.0003,803392,2.8125199946771318e-05,4136,6.041527421984938e-05,6.6570509523153305,803504,194,0.03,0.03,2744,292.21,0.03984286414925009
0.0003,805216,2.8157281349194818e-05,4146,5.658250745455007e-05,0.569664316251874,805328,194,0.03,0.03,2748,292.21,0.03898282826412469
0.0003,806928,2.886521588152391e-05,4155,5.891270461688691e-05,-0.04567898437380791,807040,194,0.03,0.03,2752,292.21,0.04068198404274881
0.0003,807776,2.8532994178931403e-05,4159,5.4915727332627284e-05,0.5487182028591633,807888,194,0.03,0.03,2756,292.21,0.03650946984998882
0.0003,808192,2.7649967250908958e-05,4161,4.506741368004441e-05,-2.7480001747608185,808304,194,0.02,0.02,2760,295.2,0.038767611142247915
0.0003,809216,2.5931126401701476e-05,4166,4.7310285253843176e-05,10.130699574947357,809328,194,0.03,0.03,2764,293.18,0.04041009256616235
0.0003,811728,2.6426956196701212e-05,4180,4.624498649263842e-05,9.945547997951508,811840,194,0.03,0.03,2768,293.18,0.040387492859736085
0.0003,812576,2.6997568738806876e-05,4184,5.0507345008554694e-05,-1.008351869881153,812688,194,0.03,0.03,2772,293.18,0.037113023456186056
0.0003,812992,2.590489930298645e-05,4186,4.33489865372394e-05,2.9793258793652058,813104,194,0.03,0.03,2776,293.18,0.04025087284389883
0.0003,814016,2.6607294330460718e-05,4191,9.511178063803527e-05,-4.380710657685995,814128,194,0.03,0.03,2780,293.18,0.037643182557076216
0.0003,814816,2.6297751560377947e-05,4196,6.895363776493468e-05,-3.8637502752244473,814928,194,0.06,0.06,2784,286.89,0.03951399016659707
0.0003,816528,2.9774358949907764e-05,4205,3.738835232525162e-05,5.725214749574661,816640,194,0.06,0.06,2788,287.28,0.040003993548452854
0.0003,817760,2.8001894747831102e-05,4211,5.7923558188122115e-05,5.552637122571468,817872,194,0.06,0.06,2792,287.28,0.03901925741229206
0.0003,818816,2.902397181969718e-05,4217,4.8748312224233814e-05,-4.493312269449234,818928,194,0.06,0.06,2796,287.28,0.040124563267454505
0.0003,819616,2.9509494652302237e-05,4221,6.041979349902249e-05,-5.827259086072445,819728,194,0.06,0.06,2800,287.28,0.03987084538675845
0.0003,820848,2.6944512114823738e-05,4227,6.442067672196572e-05,3.5578414238989353,820960,194,0.08,0.08,2804,282.55,0.03938381210900843
0.0003,821632,2.4991330178636417e-05,4231,4.769374777424673e-05,3.11776839569211,821744,194,0.08,0.08,2808,282.55,0.04157021862920374
0.0003,822624,2.621217572595924e-05,4237,6.044500503321615e-05,6.759606450796127,822736,194,0.08,0.08,2812,282.55,0.04012832068838179
0.0003,824416,2.785348317502212e-05,4246,4.842884129629965e-05,0.08206369169056416,824528,194,0.08,0.08,2816,282.55,0.03877286007627845
0.0003,824976,2.946005747617164e-05,4249,6.266140530897246e-05,5.932102851569653,825088,194,0.09,0.09,2820,280.21,0.037598934140987694
0.0003,826128,2.922237979419151e-05,4255,7.419161397592688e-05,-4.497975215315819,826240,194,0.08,0.08,2824,282.47,0.03635574993677437
0.0003,827040,2.8814208917538053e-05,4260,6.551701028456591e-05,7.000447861850262,827152,194,0.1,0.1,2828,277.74,0.03647540672682226
0.0003,828272,3.198357444489375e-05,4266,6.712249535212322e-05,-5.402384091168642,828384,194,0.1,0.1,2832,277.74,0.039844119106419384
0.0003,829472,3.198006993443414e-05,4272,4.936154516599345e-05,3.5297239683568478,829584,194,0.1,0.1,2836,277.74,0.038903129287064075
0.0003,830928,2.8500890380200872e-05,4280,7.070884873883188e-05,4.487763553857803,831040,194,0.1,0.1,2840,277.74,0.040945398388430476
0.0003,831840,2.880068564081739e-05,4285,6.947842962290451e-05,-2.917659252882004,831952,194,0.1,0.1,2844,277.74,0.0374126493697986
0.0003,833072,2.5391369035787648e-05,4291,4.243611635956768e-05,2.505136251449585,833184,194,0.1,0.1,2848,277.74,0.036246378906071186
0.0003,834272,3.0058442348490644e-05,4297,7.374983351837727e-05,6.5237510204315186,834384,194,0.1,0.1,2852,277.74,0.036530238459818065
0.0003,835728,2.8578319529515284e-05,4305,3.98635281726456e-05,-1.0206261426210403,835840,194,0.1,0.1,2856,277.74,0.03790118312463164
0.0003,836640,3.438979092607042e-05,4310,4.274452180652588e-05,1.442470347508788,836752,194,0.1,0.1,2860,277.74,0.03571640164591372
0.0003,837872,3.217993298676447e-05,4316,4.811653184333409e-05,-5.082253061234951,837984,194,0.09,0.09,2864,279.76,0.032684125821106136
0.0003,839072,3.0512352509504126e-05,4322,4.966524875271716e-05,0.974642988294363,839184,194,0.09,0.09,2868,279.76,0.03461541625438258
0.0003,840528,2.8615718520086375e-05,4330,4.2854065782194084e-05,6.107204787433147,840640,194,0.09,0.09,2872,279.76,0.03247328789439052
0.0003,841440,2.9520766247514985e-05,4335,8.011060594981245e-05,4.9262935519218445,841552,194,0.09,0.09,2876,279.76,0.03523446980398148
0.0003,842640,3.0248301186475146e-05,4341,6.224721346370643e-05,0.7866692803800106,842752,194,0.1,0.1,2880,277.59,0.034218326676636934
0.0003,843824,2.9116841346876754e-05,4347,5.4418931654254266e-05,-5.800630763173103,843936,194,0.07,0.07,2884,283.88,0.03491899778600782
0.0003,844848,3.0039690955163678e-05,4352,5.0209047117277805e-05,-1.2269047498703003,844960,194,0.06,0.06,2888,286.03,0.03566503373440355
0.0003,846240,2.4388347696913115e-05,4358,4.7451557520616916e-05,-1.907418504357338,846352,194,0.06,0.06,2892,286.03,0.03612799907568842
0.0003,847440,2.283616436216107e-05,4364,4.7154584080999484e-05,0.8060017973184586,847552,194,0.06,0.06,2896,286.03,0.03667243989184499
0.0003,848624,2.7125674023409374e-05,4370,7.994185295956413e-05,4.224462922662497,848736,194,0.06,0.06,2900,286.03,0.03314567485358566
0.0003,849648,2.7215073259867495e-05,4375,7.063458269840339e-05,5.366330254822969,849760,194,0.04,0.04,2904,290.76,0.03570794948609546
0.0003,850768,2.7695451763065648e-05,4381,5.314284067026165e-05,-2.963645040988922,850880,194,0.05,0.05,2908,289.16,0.033956092316657305
0.0003,851424,2.683950106074917e-05,4384,5.4934397212491604e-05,3.017264537513256,851536,194,0.05,0.05,2912,289.16,0.03459682560060173
0.0003,853344,2.916573714628612e-05,4393,7.643816707059159e-05,0.3833448141813278,853456,194,0.06,0.06,2916,286.83,0.03325519838836044
0.0003,853776,2.8793060209864052e-05,4395,5.4377365700020164e-05,0.513999305665493,853888,194,0.05,0.05,2920,289.17,0.03612615040037781
0.0003,855232,2.617494635615003e-05,4403,4.141106023780594e-05,5.501968681812286,855344,194,0.05,0.05,2924,289.17,0.03626590978819877
0.0003,856160,2.7391878461457964e-05,4407,4.747573984786868e-05,0.17631308734416962,856272,194,0.04,0.04,2928,290.91,0.03580534888897091
0.0003,857328,2.561623534802493e-05,4413,0.0001053777696142788,-0.717474140226841,857440,194,0.05,0.05,2932,288.59,0.03717592649627477
0.0003,858272,2.465609577484429e-05,4418,4.028881789963634e-05,0.1981747541576624,858384,194,0.05,0.05,2936,288.59,0.03595594607759267
0.0003,859264,2.8139428422946366e-05,4423,5.128577186042094e-05,0.8843807354569435,859376,194,0.06,0.06,2940,285.6,0.03638803248759359
0.0003,860368,2.8154582878414658e-05,4429,6.862488271508482e-05,-3.42156383395195,860480,194,0.06,0.06,2944,285.6,0.03549645375460386
0.0003,862048,3.207393706361472e-05,4438,6.92159637765144e-05,-2.4437251035124063,862160,194,0.06,0.06,2948,285.6,0.0344148053554818
0.0003,863024,3.231982691431767e-05,4443,9.448445189264021e-05,-3.8534768372774124,863136,194,0.06,0.06,2952,285.6,0.03433957661036402
0.0003,864064,2.6148062715947162e-05,4449,4.8177309281527414e-05,-3.312158204615116,864176,194,0.06,0.06,2956,285.6,0.03857642225921154
0.0003,865168,2.5997887178164092e-05,4455,4.517077888976928e-05,1.0181190893054008,865280,194,0.06,0.06,2960,285.6,0.036768818157725036
0.0003,866848,3.0348055815920816e-05,4463,5.570955806888378e-05,1.4194096848368645,866960,194,0.06,0.06,2964,285.6,0.035437554004602134
0.0003,867824,2.911561205110047e-05,4468,6.338249283999176e-05,-2.1122125685214996,867936,194,0.06,0.06,2968,285.6,0.03606941015459597
0.0003,868864,2.7194966264687537e-05,4473,5.381745779686753e-05,1.2565652541816235,868976,194,0.06,0.06,2972,285.6,0.035902044735848904
0.0003,869632,2.7697840209839342e-05,4477,6.472776772170619e-05,2.847495786845684,869744,194,0.07,0.07,2976,283.45,0.03481227345764637
0.0003,870624,3.157832111355674e-05,4482,5.776221132691717e-05,-5.701578333973885,870736,194,0.06,0.06,2980,285.62,0.03289877949282527
0.0003,872416,3.0244619665609207e-05,4492,5.35474561047522e-05,-8.660937294363976,872528,194,0.07,0.07,2984,282.63,0.03649103525094688
0.0003,872976,2.722432463997393e-05,4495,6.301306075329194e-05,1.464337907731533,873088,194,0.07,0.07,2988,282.63,0.035191800678148866
0.0003,874128,2.893343094001466e-05,4501,4.339959605204058e-05,1.7530847452580929,874240,194,0.07,0.07,2992,282.63,0.033779502380639315
0.0003,875392,2.88148232812091e-05,4507,0.00013793287916996633,0.7922732457518578,875504,194,0.07,0.07,2996,282.63,0.03538982046302408
0.0003,876448,3.202415155101335e-05,4513,7.279244942992591e-05,-0.3792074788361788,876560,194,0.09,0.09,3000,277.77,0.03320210077799857
0.0003,877472,3.137045996481902e-05,4519,3.8639381955363206e-05,1.2900856733322144,877584,194,0.09,0.09,3004,277.77,0.036830437136814
0.0003,878464,2.9671633910766104e-05,4524,6.480765739524941e-05,-4.119352079927921,878576,194,0.09,0.09,3008,276.98,0.03784221305977553
0.0003,878720,3.0434139262069948e-05,4525,4.688181138590153e-05,-1.0277527272701263,878832,194,0.11,0.11,3012,271.58,0.0331163767259568
0.0003,880192,3.009137117260252e-05,4533,4.2499672531448596e-05,0.19464333355426788,880304,194,0.1,0.1,3016,273.91,0.03460409084800631
0.0003,881248,3.293084932920465e-05,4538,5.686137137672631e-05,1.8264523036777973,881360,194,0.11,0.11,3020,271.82,0.036488874233327806
0.0003,882272,2.849765905921231e-05,4544,3.496353133414232e-05,-6.857225611805916,882384,194,0.12,0.12,3024,269.76,0.03384122019633651
0.0003,883280,2.8493862942013948e-05,4549,3.861638208491058e-05,-1.5558986440300941,883392,194,0.11,0.11,3028,272.75,0.031504583603236824
0.0003,884656,2.8222216315043624e-05,4556,4.438852488419798e-05,3.1702686436474323,884768,194,0.1,0.1,3032,275.07,0.03458060452248901
0.0003,886048,3.292489327577641e-05,4563,3.810527630321303e-05,1.144937202334404,886160,194,0.1,0.1,3036,275.07,0.02992299827747047
0.0003,887072,3.2441763551105396e-05,4567,5.681689845005167e-05,-4.848271258175373,887184,194,0.09,0.09,3040,278.06,0.0327756532933563
0.0003,888080,3.106006238340342e-05,4570,4.7194983949339075e-05,-1.7993088737130165,888192,194,0.09,0.09,3044,278.06,0.03499664401169866
0.0003,888832,2.8864309570053592e-05,4572,4.345508943970344e-05,-2.6837359070777893,888944,194,0.1,0.1,3048,276.08,0.030880542821250856
0.0003,890624,2.7245466185377154e-05,4577,5.132578883149108e-05,-12.87194612622261,890736,194,0.1,0.1,3052,276.08,0.032842498389072716
0.0003,891824,2.3549941829514864e-05,4581,5.899181303448131e-05,-5.717506870627403,891936,194,0.1,0.1,3056,276.08,0.035282325465232134
0.0003,892880,2.4157768621080322e-05,4584,6.781226124985551e-05,4.8475075121968985,892992,194,0.1,0.1,3060,276.08,0.028788944124244153
0.0003,893632,2.7618315129984694e-05,4586,4.205714822091977e-05,-0.31257541105151176,893744,194,0.1,0.1,3064,276.08,0.03169415332376957
0.0003,895424,2.8624036872315628e-05,4591,5.90040856423002e-05,4.486786488443613,895536,195,0.1,0.1,3068,276.08,0.03571663412731141
0.0003,896624,3.0192209806045867e-05,4595,4.2347529529251915e-05,6.053560942411423,896736,195,0.1,0.1,3072,276.08,0.03465489367954433
0.0003,897680,2.8308174478297587e-05,4598,3.7116046541996184e-05,1.8109535872936249,897792,195,0.09,0.09,3076,278.23,0.034938024589791894
0.0003,898432,2.9483059392987343e-05,4600,3.473379160823242e-05,-5.414194405078888,898544,195,0.09,0.09,3080,278.23,0.03386921051423997
0.0003,900224,2.7973054557151045e-05,4605,3.8693445048920694e-05,1.0196189060807228,900336,195,0.08,0.08,3084,281.22,0.03396618855185807
0.0003,900896,2.9904505822742067e-05,4607,5.0719235446194944e-05,-6.308216691017151,901008,195,0.09,0.09,3088,278.9,0.033470782451331615
0.0003,902480,2.6190597509412328e-05,4611,5.281600101625372e-05,-3.588280938565731,902592,195,0.09,0.09,3092,278.9,0.03318682895042002
0.0003,903104,2.7938756716139324e-05,4613,3.870242778702959e-05,-3.1343487203121185,903216,195,0.09,0.09,3096,278.9,0.03310796641744673
0.0003,903920,2.79369616009717e-05,4616,5.0797963012882974e-05,-0.7958274707198143,904032,195,0.09,0.09,3100,279.39,0.03267896780744195
0.0003,905248,2.698261960176751e-05,4620,4.697402789588523e-05,1.1259981095790863,905360,195,0.1,0.1,3104,277.45,0.03436337492894381
0.0003,905696,2.7117527565678756e-05,4621,0.00010974502595217928,-7.890238802880049,905808,196,0.1,0.1,3108,277.86,0.03336553054396063
0.0003,907504,2.7777219429481192e-05,4626,4.21135983970089e-05,-3.6794546842575073,907616,196,0.08,0.08,3112,283.26,0.031718555954284966
0.0003,908656,2.950584939753753e-05,4629,3.4407962516525004e-05,3.393746107816696,908768,196,0.08,0.08,3116,283.26,0.0337628562701866
0.0003,910048,2.928458570750081e-05,4633,5.781398306226038e-05,11.342999950051308,910160,196,0.07,0.07,3120,285.35,0.033882293733768165
0.0003,910496,2.8654531774918723e-05,4635,4.174913385668333e-05,-2.4778912961483,910608,196,0.06,0.06,3124,287.41,0.03345979726873338
0.0003,911792,2.8706268039968563e-05,4638,4.9027593831851846e-05,2.9692548848688602,911904,196,0.07,0.07,3128,285.12,0.03183713729958981
0.0003,913248,2.5662135840320843e-05,4643,6.031089856151084e-05,10.43535441160202,913360,196,0.07,0.07,3132,285.12,0.03133171412628144
0.0003,914624,2.959476967134833e-05,4647,4.73992902811915e-05,2.6203619092702866,914736,196,0.07,0.07,3136,285.12,0.03419505257625133
0.0003,915296,2.6060955633511185e-05,4648,4.2648276462387e-05,-6.755295604467392,915408,196,0.07,0.07,3140,285.12,0.03394250257406384
0.0003,916592,3.044534469154314e-05,4652,4.579187384479155e-05,4.919596336781979,916704,197,0.07,0.07,3144,285.12,0.03111502982210368
0.0003,917632,2.801891400849854e-05,4655,7.923852933799935e-05,-1.6480417624115944,917744,197,0.07,0.07,3148,285.23,0.035683478228747845
0.0003,919200,2.6290354753655265e-05,4660,4.7871059109638736e-05,6.2068648636341095,919312,197,0.07,0.07,3152,285.23,0.03242091822903603
0.0003,920096,2.915232903433207e-05,4662,4.03129058668128e-05,0.48537787050008774,920208,197,0.07,0.07,3156,285.23,0.03133367164991796
0.0003,920848,3.3342529604851734e-05,4664,3.8849281054353924e-05,0.057745203375816345,920960,197,0.08,0.08,3160,282.94,0.031421237043105066
0.0003,921904,3.010433465533424e-05,4668,6.066426385586965e-05,0.37625011801719666,922016,197,0.09,0.09,3164,280.73,0.030742835719138384
0.0003,922848,2.834803296991595e-05,4670,4.652279619676847e-05,2.763372154906392,922960,197,0.1,0.1,3168,278.53,0.031080990098416805
0.0003,924224,2.9149214583412686e-05,4674,4.42963081468406e-05,0.8981076963245869,924336,197,0.11,0.11,3172,276.32,0.029740857775323093
0.0003,925424,2.866153806735383e-05,4678,5.064390802544949e-05,7.406753405928612,925536,197,0.11,0.11,3176,276.32,0.027453222079202533
0.0003,926192,3.174944436068472e-05,4680,8.884455519364565e-05,-11.758233964443207,926304,197,0.12,0.12,3180,274.0,0.029476878349669278
0.0003,927232,2.81070110759174e-05,4683,4.023598694402608e-05,0.877590361982584,927344,198,0.12,0.12,3184,274.0,0.028772159945219755
0.0003,928128,2.8029601935486426e-05,4685,4.84183062781085e-05,-3.1807697117328644,928240,198,0.12,0.12,3188,274.3,0.027535212109796703
0.0003,929328,2.934842814283911e-05,4689,3.688188996875397e-05,-0.5368726961314678,929440,198,0.13,0.13,3192,272.05,0.028044809063430876
0.0003,930608,2.96541708166842e-05,4693,0.00011083996741945157,-5.916710190474987,930720,198,0.13,0.13,3196,272.05,0.028054047841578722
0.0003,931712,3.218413098693418e-05,4696,5.07788137724674e-05,1.983480766415596,931824,198,0.11,0.11,3200,276.42,0.030853658798150718
0.0003,932672,3.166752526340133e-05,4698,5.040205883233284e-05,-5.478074416518211,932784,198,0.11,0.11,3204,275.76,0.027603737311437726
0.0003,934048,3.213776881239028e-05,4702,8.203384072658082e-05,-2.9666864424943924,934160,198,0.1,0.1,3208,277.74,0.02524875837843865
0.0003,935248,2.683619538856874e-05,4706,5.042783357112057e-05,2.18159456923604,935360,198,0.1,0.1,3212,277.74,0.02641476650023833
0.0003,936304,3.104415281995898e-05,4709,3.8651944237244606e-05,0.4335844051092863,936416,198,0.1,0.1,3216,277.74,0.030225515249185264
0.0003,937472,3.0020791541574e-05,4712,7.590359791720402e-05,-6.1829987689852715,937584,198,0.1,0.1,3220,277.74,0.028679252602159977
0.0003,938720,2.7997219149256125e-05,4716,4.9827342252228846e-05,0.9803228490054607,938832,199,0.11,0.11,3224,275.53,0.029277471941895783
0.0003,939824,2.8582400091181626e-05,4719,5.248520733402984e-05,7.357346374541521,939936,199,0.1,0.1,3228,277.82,0.03137459035497159
0.0003,940592,2.9520334123844805e-05,4721,5.1956657671325956e-05,-3.3797402679920197,940704,199,0.1,0.1,3232,277.82,0.030459155677817762
0.0003,942016,2.8184720463286794e-05,4725,5.441563325803145e-05,-1.7374986410140991,942128,199,0.12,0.12,3236,274.26,0.029097374179400504
0.0003,943200,2.5662203142928774e-05,4729,5.767867855865916e-05,-6.933709628880024,943312,199,0.12,0.12,3240,274.26,0.029803941026329994
0.0003,943728,2.5853545025711355e-05,4730,5.293113179050124e-05,-0.8325376734137535,943840,199,0.12,0.12,3244,274.26,0.029208278574515134
0.0003,945392,3.335320548103482e-05,4735,6.746037013272144e-05,14.99508821964264,945504,199,0.11,0.11,3248,276.13,0.028603333164937794
0.0003,946816,3.166198712278856e-05,4739,7.545347341419983e-05,-9.772607937455177,946928,199,0.11,0.11,3252,276.13,0.027922687004320323
0.0003,947776,2.9312324727470696e-05,4742,6.321287378341367e-05,-2.136230818927288,947888,199,0.12,0.12,3256,274.17,0.03164416737854481
0.0003,948448,2.6677200935409928e-05,4744,3.841816089789063e-05,7.729896500706673,948560,199,0.11,0.11,3260,276.46,0.03130898647941649
0.0003,949808,2.919705354997859e-05,4748,3.88412656775472e-05,-3.3505042027682066,949920,200,0.1,0.1,3264,278.67,0.02913713245652616
0.0003,951616,3.0965281894168584e-05,4753,6.670400250641251e-05,-4.355946719646454,951728,200,0.09,0.09,3268,280.87,0.030201528454199433
0.0003,951984,3.269494891355862e-05,4754,6.470705841365998e-05,2.5831082314252853,952096,200,0.09,0.09,3272,280.88,0.02627888583811
0.0003,952576,3.716895025718259e-05,4756,4.7470160097873304e-05,-6.329910591244698,952688,200,0.12,0.12,3276,272.4,0.03163815988227725
0.0003,953248,3.1588150704919826e-05,4758,4.9402573495171964e-05,-2.5486135110259056,953360,200,0.11,0.11,3280,274.72,0.02976646483875811
0.0003,954448,2.779423084575683e-05,4761,5.3810368058293534e-05,-6.505428411066532,954560,200,0.12,0.12,3284,272.62,0.028379098046571016
0.0003,956448,3.374114294274477e-05,4767,7.005950033089903e-05,3.2352331951260567,956560,200,0.11,0.11,3288,274.64,0.03063339926302433
0.0003,957376,3.19562475397106e-05,4769,4.398001283334452e-05,6.43892390280962,957488,200,0.1,0.1,3292,276.89,0.034347827662713826
0.0003,958048,3.455207229308144e-05,4771,7.389627739939897e-05,-0.9490459971129894,958160,200,0.1,0.1,3296,276.89,0.033563526754733175
0.0003,959248,3.1816336331758066e-05,4775,5.102052671190904e-05,-2.045641988515854,959360,200,0.1,0.1,3300,276.89,0.03299479454290122
0.0003,961248,3.3677453529890045e-05,4781,5.478751199916587e-05,0.26679133623838425,961360,201,0.09,0.09,3304,279.49,0.03385198232717812
0.0003,962176,2.921136240274791e-05,4783,6.280969523686508e-05,5.274930953979492,962288,201,0.09,0.09,3308,279.49,0.035466066910885274
0.0003,962720,3.0998077818367165e-05,4785,4.2195528180855035e-05,1.6151798497885466,962832,201,0.1,0.1,3312,277.2,0.03379047173075378
0.0003,963824,3.30552513787552e-05,4788,4.566916572912305e-05,1.1171765178442001,963936,201,0.1,0.1,3316,277.2,0.0342450721655041
0.0003,966048,3.1593570156474016e-05,4795,4.1966495246015256e-05,3.175304524600506,966160,201,0.1,0.1,3320,277.2,0.03640196565538645
0.0003,966976,3.445174615990254e-05,4797,8.961282446762198e-05,-0.6052326448261738,967088,201,0.09,0.09,3324,279.41,0.03573835757561028
0.0003,967520,3.13314756112959e-05,4799,5.463409820549714e-05,-5.977763466536999,967632,201,0.1,0.1,3328,277.33,0.03323862503748387
0.0003,967856,3.0476011374958034e-05,4800,4.3102407175865665e-05,0.5331053100526333,967968,201,0.1,0.1,3332,277.33,0.030204096576198936
0.0003,969008,2.7329870135872625e-05,4803,5.153510119271232e-05,-5.13559902459383,969120,201,0.09,0.09,3336,278.53,0.038033328484743834
0.0003,971360,3.617511242737237e-05,4810,5.2275082907726755e-05,4.324104443192482,971472,201,0.09,0.09,3340,278.53,0.038754030712880194
0.0003,972224,3.4531953588157194e-05,4813,0.0002037285560163582,6.355684921145439,972336,202,0.09,0.09,3344,278.53,0.03742064000107348
0.0003,972656,3.5179050883016316e-05,4814,7.703723963459197e-05,3.0221316516399384,972768,202,0.09,0.09,3348,278.53,0.03651821496896446
0.0003,973808,3.362071083756746e-05,4817,4.9173340016750444e-05,6.004089869558811,973920,202,0.09,0.09,3352,278.53,0.03799900133162737
0.0003,975984,3.456147737779247e-05,4824,6.069951314202626e-05,1.9940260909497738,976096,202,0.09,0.09,3356,278.37,0.03834642213769257
0.0003,976784,3.170060608681524e-05,4826,4.65351304228534e-05,-0.6081379558891058,976896,202,0.1,0.1,3360,275.94,0.04013734054751694
0.0003,977328,3.253635486544226e-05,4827,5.438205266727891e-05,3.0505115687847137,977440,202,0.1,0.1,3364,275.94,0.036441843840293586
0.0003,978224,3.5694969938049326e-05,4830,6.830610971064743e-05,4.043468613177538,978336,202,0.11,0.11,3368,273.73,0.039551820955239236
0.0003,978864,3.3603439305807115e-05,4832,4.513262229011161e-05,3.972075179219246,978976,202,0.11,0.11,3372,274.02,0.04354878677986562
0.0003,981376,3.2738610343585606e-05,4839,5.313896065217705e-05,3.3498822078108788,981488,202,0.09,0.09,3376,282.27,0.04112947918474674
0.0003,982128,3.254871990066022e-05,4841,5.4108281119624735e-05,-0.5098820216953754,982240,202,0.09,0.09,3380,282.27,0.03864388621877879
0.0003,983024,3.32714773776388e-05,4844,4.474664046938415e-05,-0.43635543063282967,983136,202,0.08,0.08,3384,284.37,0.03791047621052712
0.0003,983664,3.3189668556588003e-05,4846,7.660757410121732e-05,-2.6200877726078033,983776,202,0.08,0.08,3388,284.37,0.04034372069872916
0.0003,986176,3.068093883484835e-05,4853,4.4059693550480006e-05,4.455811247229576,986288,203,0.08,0.08,3392,284.37,0.03696284838952124
0.0003,986928,3.4370441198916524e-05,4855,4.943342617025337e-05,-2.9340443834662437,987040,203,0.08,0.08,3396,284.37,0.036668865010142326
0.0003,987824,3.332701362523949e-05,4858,4.602328363034758e-05,-2.1280670166015625,987936,203,0.08,0.08,3400,284.37,0.04091123631224036
0.0003,988464,3.5373986975173466e-05,4860,7.221229293463693e-05,6.370497137308121,988576,203,0.08,0.08,3404,284.37,0.04006942664273083
0.0003,990976,3.375896380930499e-05,4867,4.889342392289109e-05,-2.5572771430015564,991088,203,0.08,0.08,3408,284.37,0.03817227960098535
0.0003,991424,3.394121358724078e-05,4868,4.1995242554548895e-05,-6.262863874435425,991536,203,0.08,0.08,3412,284.4,0.03808484203182161
0.0003,992464,2.9812152774866263e-05,4872,5.802694511203299e-05,-4.234239082783461,992576,203,0.09,0.09,3416,281.98,0.037763223866932094
0.0003,993008,2.9698784715037618e-05,4873,4.436666995388805e-05,1.757667951285839,993120,203,0.09,0.09,3420,281.98,0.03459091333206743
0.0003,993392,2.9732776056334842e-05,4874,4.643589215902466e-05,0.11388393118977547,993504,203,0.1,0.1,3424,279.91,0.03814012510702014
0.0003,995952,3.1047175752974e-05,4882,4.050304698921536e-05,6.540055312216282,996064,204,0.1,0.1,3428,279.42,0.038107174914330244
0.0003,996528,3.206280848644383e-05,4884,5.658521070017741e-05,-3.624032586812973,996640,204,0.11,0.11,3432,276.43,0.03544008999597281
0.0003,997424,2.8298956976868794e-05,4886,6.137158743513282e-05,2.495296634733677,997536,204,0.1,0.1,3436,278.79,0.040083806961774826
0.0003,998144,2.9392793635452108e-05,4888,4.470202998163586e-05,0.6895367354154587,998256,204,0.1,0.1,3440,278.79,0.03717014309950173
