rollout/ep_len_mean,time/episodes,time/total_timesteps,time/time_elapsed,rollout/ep_rew_mean,time/fps,rollout/success_rate,train/n_updates,train/actor_loss,train/learning_rate,train/critic_loss,train/ent_coef_loss,train/ent_coef
100.0,4,1600,0,-21.0154345,1763,0.0,,,,,,
100.0,8,1600,0,-21.0154345,1762,0.0,,,,,,
100.0,12,1600,0,-21.0154345,1761,0.0,,,,,,
100.0,16,1600,0,-21.0154345,1761,0.0,,,,,,
96.90625,20,3200,1,-23.3315245,1853,0.03125,,,,,,
96.90625,24,3200,1,-23.3315245,1853,0.03125,,,,,,
96.90625,28,3200,1,-23.3315245,1853,0.03125,,,,,,
96.90625,32,3200,1,-23.3315245,1852,0.03125,,,,,,
93.93877551020408,36,4800,2,-22.44442118367347,2001,0.061224489795918366,,,,,,
93.93877551020408,40,4800,2,-22.44442118367347,2001,0.061224489795918366,,,,,,
93.93877551020408,44,4800,2,-22.44442118367347,2001,0.061224489795918366,,,,,,
93.93877551020408,48,4800,2,-22.44442118367347,2001,0.061224489795918366,,,,,,
95.43076923076923,52,6400,3,-23.447435630769235,2039,0.046153846153846156,,,,,,
95.43076923076923,56,6400,3,-23.447435630769235,2039,0.046153846153846156,,,,,,
95.43076923076923,60,6400,3,-23.447435630769235,2039,0.046153846153846156,,,,,,
95.43076923076923,64,6400,3,-23.447435630769235,2038,0.046153846153846156,,,,,,
96.33333333333333,68,8000,3,-23.82047039506173,2006,0.037037037037037035,,,,,,
96.33333333333333,72,8000,3,-23.82047039506173,2006,0.037037037037037035,,,,,,
96.33333333333333,76,8000,3,-23.82047039506173,2006,0.037037037037037035,,,,,,
96.33333333333333,80,8000,3,-23.82047039506173,2006,0.037037037037037035,,,,,,
95.28571428571429,84,8032,4,-23.437178083333333,2003,0.047619047619047616,,,,,,
95.91752577319588,88,9600,4,-23.84588871134021,1988,0.041237113402061855,,,,,,
95.91752577319588,92,9600,4,-23.84588871134021,1988,0.041237113402061855,,,,,,
95.91752577319588,96,9600,4,-23.84588871134021,1988,0.041237113402061855,,,,,,
96.04,100,9632,4,-23.71991244,1986,0.04,,,,,,
96.04,104,11200,7,-24.769104900000002,1590,0.04,74,-5.520099639892578,0.001,0.19162626564502716,-0.4909193515777588,0.9295094609260559
96.04,108,11200,7,-24.769104900000002,1590,0.04,,,,,,
96.04,112,11200,7,-24.769104900000002,1590,0.04,,,,,,
96.04,116,11232,7,-25.09177582,1582,0.04,76,-5.556070804595947,0.001,0.31233149766921997,-0.5031039714813232,0.9276488423347473
96.48,120,12800,9,-25.47328082,1335,0.04,174,-5.948026657104492,0.001,0.07310333847999573,-1.1687004566192627,0.8409469127655029
96.48,124,12800,9,-25.47328082,1335,0.04,,,,,,
96.48,128,12800,9,-25.47328082,1335,0.04,,,,,,
96.48,132,12832,9,-25.024461849999998,1330,0.04,176,-5.950078010559082,0.001,0.103134885430336,-1.1795878410339355,0.8392650485038757
98.0,136,14400,12,-25.675972990000005,1195,0.03,274,-6.264294624328613,0.001,0.05557505786418915,-1.8423126935958862,0.7608738541603088
98.0,140,14400,12,-25.675972990000005,1195,0.03,,,,,,
98.0,144,14400,12,-25.675972990000005,1194,0.03,,,,,,
97.01,148,14416,12,-25.261157800000007,1193,0.04,275,-6.313645362854004,0.001,0.057225342839956284,-1.8485974073410034,0.7601130604743958
97.01,152,16000,14,-24.355876079999998,1123,0.04,374,-6.594634056091309,0.001,0.18730440735816956,-2.51347017288208,0.6884185671806335
97.01,156,16000,14,-24.355876079999998,1123,0.04,,,,,,
97.01,160,16000,14,-24.355876079999998,1123,0.04,,,,,,
97.01,164,16016,14,-24.44338875,1123,0.04,375,-6.646300792694092,0.001,0.05078960210084915,-2.531902551651001,0.6877294182777405
95.03,168,16736,15,-23.71234243,1089,0.06,420,-6.837311267852783,0.001,0.04472365975379944,-2.8241662979125977,0.6574352383613586
95.03,172,17600,16,-23.599588209999997,1056,0.06,474,-7.002822399139404,0.001,0.05305468291044235,-3.19229793548584,0.6228418946266174
95.03,176,17600,16,-23.599588209999997,1056,0.06,,,,,,
95.03,180,17616,16,-23.55441464,1055,0.06,475,-7.037990570068359,0.001,0.055403679609298706,-3.1881613731384277,0.6222187280654907
95.19,184,17872,17,-23.65681564,1048,0.06,491,-7.1340012550354,0.001,0.07111980020999908,-3.297178030014038,0.612338662147522
93.94,188,18784,18,-23.056648380000006,1018,0.08,548,-7.242877960205078,0.001,0.0679159164428711,-3.6962943077087402,0.5784032344818115
93.94,192,19200,19,-22.21214766,1004,0.08,574,-7.3903608322143555,0.001,0.05291842296719551,-3.848395824432373,0.5635513663291931
93.94,196,19200,19,-22.21214766,1004,0.08,,,,,,
93.94,200,19232,19,-22.22042629,1003,0.08,576,-7.354776859283447,0.001,0.046213679015636444,-3.864231586456299,0.5624252557754517
93.94,204,20384,20,-22.052319099999995,976,0.08,648,-7.591876029968262,0.001,0.3718726634979248,-4.359787464141846,0.523335337638855
93.84,208,20800,21,-21.918989590000002,967,0.09,674,-7.68743371963501,0.001,0.08329777419567108,-4.546045780181885,0.5099012851715088
93.84,212,20800,21,-21.918989590000002,967,0.09,,,,,,
93.84,216,20832,21,-21.258283919999993,966,0.09,676,-7.600343704223633,0.001,0.07370699942111969,-4.541905403137207,0.5088819861412048
93.4,220,21680,22,-21.019786870000004,949,0.09,729,-7.871412754058838,0.001,0.033463284373283386,-4.894768714904785,0.4826010465621948
93.4,224,22400,23,-20.74532767,941,0.09,774,-8.002586364746094,0.001,0.039487335830926895,-5.187755584716797,0.46136099100112915
93.4,228,22400,23,-20.74532767,941,0.09,,,,,,
93.4,232,22432,23,-20.68606322,940,0.09,776,-7.947274208068848,0.001,0.03020467422902584,-5.198197364807129,0.4604390263557434
93.86,236,23280,25,-20.581761730000004,930,0.08,829,-8.04971694946289,0.001,0.3594561517238617,-5.591464996337891,0.436665803194046
93.86,240,24000,26,-20.924500300000005,920,0.08,874,-8.186767578125,0.001,0.07088904827833176,-5.875149250030518,0.41745051741600037
93.86,244,24000,26,-20.924500300000005,920,0.08,,,,,,
93.86,248,24016,26,-20.746713970000005,920,0.08,875,-8.248391151428223,0.001,0.21113482117652893,-5.8879499435424805,0.41703304648399353
93.86,252,24752,27,-20.868345939999998,916,0.08,921,-8.371776580810547,0.001,0.030217189341783524,-6.179949760437012,0.3982853591442108
93.86,256,25600,28,-20.8608639,910,0.08,974,-8.409200668334961,0.001,0.02544977515935898,-6.547436714172363,0.37771838903427124
93.86,260,25600,28,-20.8608639,910,0.08,,,,,,
93.86,264,25616,28,-20.70904306,910,0.08,975,-8.396934509277344,0.001,0.027016570791602135,-6.559016227722168,0.3773405849933624
94.85,268,25872,28,-21.108890419999998,909,0.07,991,-8.502213478088379,0.001,0.0382574126124382,-6.682621002197266,0.3713485300540924
94.85,272,27040,30,-21.12695051,900,0.07,1064,-8.586965560913086,0.001,0.029698623344302177,-7.15540885925293,0.34520071744918823
94.85,276,27200,30,-20.87671566,898,0.07,1074,-8.703363418579102,0.001,0.046061672270298004,-7.252796173095703,0.3417651355266571
93.86,280,27216,30,-20.4359453,898,0.08,1075,-8.583755493164062,0.001,0.02569424733519554,-7.221741199493408,0.34142324328422546
94.69,284,27232,30,-20.69211646,897,0.07,1076,-8.555739402770996,0.001,0.03848898783326149,-7.220419406890869,0.34108176827430725
95.94,288,28384,31,-21.16402388,889,0.05,1148,-8.711090087890625,0.001,0.25440195202827454,-7.718567371368408,0.3173832595348358
95.94,292,28800,32,-21.065339790000003,886,0.05,1174,-8.772262573242188,0.001,0.021404683589935303,-7.866058349609375,0.3092384338378906
95.94,296,28816,32,-21.27775838,886,0.05,1175,-8.763580322265625,0.001,0.022868245840072632,-7.89553689956665,0.3089292347431183
95.94,300,28832,32,-21.14981323,886,0.05,1176,-8.775033950805664,0.001,0.03681797906756401,-7.897295951843262,0.3086203634738922
95.94,304,29984,34,-20.782523020000003,878,0.05,1248,-8.97142219543457,0.001,0.02321965992450714,-8.384912490844727,0.2871791124343872
96.04,308,30400,34,-20.27930247,874,0.04,1274,-8.936600685119629,0.001,0.08544138073921204,-8.546258926391602,0.2798084616661072
96.04,312,30416,34,-20.397775290000002,874,0.04,1275,-9.000271797180176,0.001,0.04078243672847748,-8.587589263916016,0.27952873706817627
96.04,316,30432,34,-20.247148310000004,874,0.04,1276,-8.988569259643555,0.001,0.026091182604432106,-8.556174278259277,0.2792492210865021
96.31,320,31280,35,-20.370433,869,0.04,1329,-9.01278018951416,0.001,0.018088899552822113,-8.906486511230469,0.2648298144340515
96.31,324,32000,36,-19.512260809999997,868,0.04,1374,-8.978559494018555,0.001,0.028988638892769814,-9.281076431274414,0.25317174196243286
96.31,328,32016,36,-19.863989760000003,868,0.04,1375,-9.038442611694336,0.001,0.030967913568019867,-9.238243103027344,0.252918541431427
95.32,332,32032,36,-19.47727251,868,0.05,1376,-9.142528533935547,0.001,0.025666577741503716,-9.186838150024414,0.252665638923645
95.32,336,32752,37,-19.51121634,862,0.05,1421,-9.099571228027344,0.001,0.29936137795448303,-9.599376678466797,0.24154819548130035
95.32,340,33600,39,-18.89608388,856,0.05,1474,-9.159429550170898,0.001,0.17898641526699066,-9.909067153930664,0.2290799915790558
96.31,344,33616,39,-19.73472956,856,0.04,1475,-9.264142990112305,0.001,0.027376700192689896,-9.896427154541016,0.22885112464427948
96.31,348,33632,39,-19.5114066,856,0.04,1476,-9.262977600097656,0.001,0.01752351224422455,-9.942544937133789,0.22862254083156586
96.31,352,34352,40,-19.61770422,851,0.04,1521,-9.248499870300293,0.001,0.026355797424912453,-10.254532814025879,0.21856878697872162
95.32,356,35040,41,-19.63199994,845,0.05,1564,-9.292104721069336,0.001,0.03190160542726517,-10.511739730834961,0.20936670899391174
95.32,360,35200,41,-19.645620370000003,845,0.05,1574,-9.324044227600098,0.001,0.07088802754878998,-10.625826835632324,0.2072857767343521
96.31,364,35216,41,-20.131785580000003,845,0.04,1575,-9.295841217041016,0.001,0.29516172409057617,-10.588031768798828,0.20707868039608002
96.31,368,35680,42,-20.07117217,840,0.04,1604,-9.33324909210205,0.001,0.01744954288005829,-10.781106948852539,0.2011631429195404
96.31,372,36640,43,-20.02787023,835,0.04,1664,-9.39506721496582,0.001,0.023079868406057358,-11.156224250793457,0.18944989144802094
96.31,376,36800,44,-20.07007243,834,0.04,1674,-9.329559326171875,0.001,0.3122175931930542,-11.265143394470215,0.18756400048732758
96.31,380,36816,44,-20.26327979,834,0.04,1675,-9.364047050476074,0.001,0.016410712152719498,-11.297739028930664,0.1873764842748642
97.3,384,37280,44,-20.270438889999994,833,0.03,1704,-9.441339492797852,0.001,0.025300689041614532,-11.462298393249512,0.18202000856399536
97.3,388,38240,46,-20.823796110000004,827,0.03,1764,-9.457096099853516,0.001,0.015289306640625,-11.869535446166992,0.17142263054847717
97.3,392,38400,46,-21.288510280000004,825,0.03,1774,-9.504737854003906,0.001,0.030739739537239075,-11.96688461303711,0.16972041130065918
97.3,396,38416,46,-21.34103442,825,0.03,1775,-9.524133682250977,0.001,0.031575676053762436,-11.885430335998535,0.1695510745048523
97.3,400,38880,47,-22.03828731,823,0.03,1804,-9.52404499053955,0.001,0.017630230635404587,-12.096887588500977,0.1647108793258667
97.3,404,39840,48,-22.68232489,818,0.03,1864,-9.52258586883545,0.001,0.02713123895227909,-12.520832061767578,0.1551247388124466
97.3,408,40000,48,-23.556307279999995,817,0.03,1874,-9.557743072509766,0.001,0.01526976190507412,-12.630188941955566,0.15358132123947144
97.3,412,40016,48,-23.621932829999995,817,0.03,1875,-9.554083824157715,0.001,0.12029183655977249,-12.585988998413086,0.15342780947685242
97.3,416,40480,49,-23.57195401,815,0.03,1904,-9.553878784179688,0.001,0.019591884687542915,-12.725725173950195,0.14904582500457764
98.02,420,41440,51,-23.71836365,809,0.02,1964,-9.559772491455078,0.001,0.014226377941668034,-13.175508499145508,0.14037249982357025
98.02,424,41600,51,-24.49909216,808,0.02,1974,-9.592642784118652,0.001,0.02032369002699852,-13.232211112976074,0.13897673785686493
97.03,428,41616,51,-23.999158290000004,808,0.03,1975,-9.557540893554688,0.001,0.01457025296986103,-13.304981231689453,0.1388380080461502
97.03,432,41872,51,-24.151182649999996,808,0.03,1991,-9.637639999389648,0.001,0.04747098311781883,-13.461675643920898,0.13663630187511444
98.02,436,42800,53,-24.227685700000002,803,0.02,2049,-9.59579086303711,0.001,0.01992323063313961,-13.705013275146484,0.1289440393447876
98.02,440,43200,53,-24.759224,801,0.02,2074,-9.657344818115234,0.001,0.017994198948144913,-13.934125900268555,0.1257656365633011
98.02,444,43216,53,-24.719926519999998,801,0.02,2075,-9.659852981567383,0.001,0.023112379014492035,-13.907918930053711,0.1256401538848877
98.02,448,43472,54,-24.51759695,800,0.02,2091,-9.68602180480957,0.001,0.01741407811641693,-14.073017120361328,0.12364881485700607
98.02,452,44400,55,-24.701948849999997,796,0.02,2149,-9.752130508422852,0.001,0.021734964102506638,-14.46795654296875,0.11668571829795837
99.01,456,44800,56,-24.813706879999994,794,0.01,2174,-9.693256378173828,0.001,0.025586210191249847,-14.542356491088867,0.1138063371181488
99.01,460,44816,56,-25.09898903,794,0.01,2175,-9.641853332519531,0.001,0.014570361003279686,-14.637643814086914,0.11369273066520691
98.02,464,44848,56,-24.79067417,794,0.02,2177,-9.695688247680664,0.001,0.023051485419273376,-14.633695602416992,0.11346586048603058
97.26,468,45552,57,-24.518017639999997,791,0.03,2221,-9.672653198242188,0.001,0.037628043442964554,-14.905754089355469,0.10858777165412903
96.27,472,46240,58,-24.255420649999998,791,0.04,2264,-9.755349159240723,0.001,0.0629889965057373,-15.213134765625,0.10402366518974304
95.28,476,46400,58,-24.721173309999998,791,0.05,2274,-9.79554557800293,0.001,0.018304789438843727,-15.214956283569336,0.10298983752727509
95.28,480,46416,58,-24.484889540000005,791,0.05,2275,-9.755353927612305,0.001,0.049164775758981705,-15.284774780273438,0.10288705676794052
95.28,484,46800,59,-24.837279270000003,792,0.05,2299,-9.633572578430176,0.001,0.015073955059051514,-15.457512855529785,0.1004524677991867
95.28,488,47600,60,-24.427320020000003,789,0.05,2349,-9.728218078613281,0.001,0.02087966352701187,-15.696331024169922,0.09556660056114197
95.28,492,48000,60,-24.508596760000003,787,0.05,2374,-9.734359741210938,0.001,0.014419402927160263,-15.819286346435547,0.09321264177560806
95.28,496,48016,60,-24.433688770000003,787,0.05,2375,-9.6967134475708,0.001,0.06841656565666199,-15.89301872253418,0.09311984479427338
95.28,500,48400,61,-23.825799669999995,785,0.05,2399,-9.632866859436035,0.001,0.09615644812583923,-15.977767944335938,0.09091688692569733
95.28,504,49200,62,-23.242720430000006,785,0.05,2449,-9.76206111907959,0.001,0.017758555710315704,-16.33667755126953,0.08649156987667084
94.29,508,49600,63,-22.26555005,786,0.06,2474,-9.662120819091797,0.001,0.0414901003241539,-16.587451934814453,0.08436255156993866
93.3,512,49616,63,-22.49014783,786,0.07,2475,-9.758487701416016,0.001,0.04771249741315842,-16.581350326538086,0.08427847921848297
93.3,516,49648,63,-22.649550360000003,786,0.07,2477,-9.71495246887207,0.001,0.3769717216491699,-16.566898345947266,0.0841105580329895
93.3,520,50352,64,-22.61435164,785,0.07,2521,-9.658683776855469,0.001,0.016023222357034683,-16.91412925720215,0.08049879223108292
93.3,524,51200,65,-22.639501950000003,783,0.07,2574,-9.690778732299805,0.001,0.023300470784306526,-17.11071014404297,0.0763549879193306
94.29,528,51216,65,-22.92569022,783,0.06,2575,-9.652193069458008,0.001,0.01570453681051731,-17.261032104492188,0.07627898454666138
94.29,532,51248,65,-22.86940034,783,0.06,2577,-9.716440200805664,0.001,0.024562738835811615,-17.263723373413086,0.07612718641757965
94.29,536,51952,66,-22.72611707,782,0.06,2621,-9.634522438049316,0.001,0.03993299603462219,-17.541454315185547,0.07286475598812103
94.29,540,52800,67,-22.75703458,780,0.06,2674,-9.799314498901367,0.001,0.021029077470302582,-17.851028442382812,0.06912121176719666
94.29,544,52816,67,-22.58720114,780,0.06,2675,-9.77847671508789,0.001,0.01558610238134861,-17.975038528442383,0.06905236840248108
94.29,548,52848,67,-22.707681660000002,780,0.06,2677,-9.701459884643555,0.001,0.019208908081054688,-17.74173355102539,0.06891481578350067
93.6,552,53312,68,-22.48042757999999,779,0.07,2706,-9.768977165222168,0.001,0.022711360827088356,-18.021902084350586,0.06695236265659332
93.6,556,54272,69,-22.483632880000005,777,0.07,2766,-9.742420196533203,0.001,0.018821660429239273,-18.561695098876953,0.06307129561901093
93.6,560,54416,70,-22.591921319999997,776,0.07,2775,-9.701614379882812,0.001,0.008015250787138939,-18.542617797851562,0.0625080019235611
93.6,564,54432,70,-22.570233350000002,777,0.07,2776,-9.678258895874023,0.001,0.3468814194202423,-18.592491149902344,0.062445785850286484
94.36,568,54880,70,-22.55578638,776,0.06,2804,-9.72353458404541,0.001,0.0122155100107193,-18.66152000427246,0.06072980910539627
95.35,572,55600,71,-23.270557169999996,775,0.05,2849,-9.664499282836914,0.001,0.698606014251709,-19.13194465637207,0.058070845901966095
96.34,576,56016,72,-22.513954200000008,774,0.04,2875,-9.700685501098633,0.001,0.021761823445558548,-19.07054901123047,0.0565895177423954
96.34,580,56032,72,-22.623134160000003,774,0.04,2876,-9.691308975219727,0.001,0.018762633204460144,-19.19670295715332,0.056533291935920715
96.34,584,56480,72,-22.135426550000002,774,0.04,2904,-9.746174812316895,0.001,0.01984511688351631,-19.292400360107422,0.054982587695121765
96.34,588,57200,74,-21.890435429999997,772,0.04,2949,-9.665822982788086,0.001,0.029674412682652473,-19.650619506835938,0.05257776379585266
96.34,592,57616,74,-21.550395369999997,772,0.04,2975,-9.558388710021973,0.001,0.31437885761260986,-19.8128719329834,0.0512361153960228
96.34,596,57632,74,-21.883371120000007,772,0.04,2976,-9.636419296264648,0.001,0.039585359394550323,-19.720069885253906,0.05118526145815849
96.34,600,58080,75,-21.58771187,771,0.04,3004,-9.745407104492188,0.001,0.01580502651631832,-20.021709442138672,0.04977983981370926
96.34,604,58800,76,-21.7511235,770,0.04,3049,-9.554671287536621,0.001,0.305925190448761,-20.18413543701172,0.04760497063398361
96.34,608,59216,76,-22.604937449999998,769,0.04,3075,-9.723464965820312,0.001,0.01338327955454588,-20.33959197998047,0.04639206826686859
96.34,612,59232,77,-22.908935709999994,769,0.04,3076,-9.65022087097168,0.001,0.3477628827095032,-20.530855178833008,0.046346090734004974
97.33,616,59600,77,-22.711419050000003,769,0.03,3099,-9.662144660949707,0.001,0.06518144905567169,-20.575157165527344,0.045301832258701324
97.33,620,60096,78,-23.025006340000004,768,0.03,3130,-9.695930480957031,0.001,0.02133895643055439,-20.722990036010742,0.043931663036346436
97.33,624,60816,79,-23.168940720000002,766,0.03,3175,-9.622542381286621,0.001,0.014772811904549599,-21.06850814819336,0.042015496641397476
97.33,628,60832,79,-23.018905009999997,766,0.03,3176,-9.541675567626953,0.001,0.019807275384664536,-20.850223541259766,0.041973814368247986
96.34,632,61072,79,-22.966497420000007,766,0.04,3191,-9.60316276550293,0.001,0.013132719323039055,-21.070228576660156,0.041353464126586914
96.34,636,61552,80,-22.981804949999997,765,0.04,3221,-9.674262046813965,0.001,0.35581493377685547,-21.222463607788086,0.04014263674616814
96.34,640,62400,81,-22.636405829999998,765,0.04,3274,-9.712198257446289,0.001,0.3662678599357605,-21.648574829101562,0.038093697279691696
96.34,644,62416,81,-21.93999117,765,0.04,3275,-9.592326164245605,0.001,0.028250303119421005,-21.74945831298828,0.038056060671806335
96.34,648,62672,81,-22.038624369999997,764,0.04,3291,-9.56021785736084,0.001,0.3351282477378845,-21.701623916625977,0.037459660321474075
96.04,652,62912,82,-21.84305194,764,0.04,3306,-9.606285095214844,0.001,0.01017848215997219,-21.867576599121094,0.036908600479364395
96.04,656,63872,83,-22.542805819999998,763,0.04,3366,-9.479218482971191,0.001,0.3415721654891968,-22.429080963134766,0.034779779613018036
96.04,660,64016,83,-22.54973287,762,0.04,3375,-9.460034370422363,0.001,0.34424299001693726,-22.44535255432129,0.034470293670892715
97.03,664,64048,83,-22.056840760000004,762,0.03,3377,-9.638591766357422,0.001,0.01764283888041973,-22.38274383544922,0.03440186753869057
97.03,668,64512,84,-22.48818589,763,0.03,3406,-9.559175491333008,0.001,0.35721907019615173,-22.43124771118164,0.0334281250834465
97.03,672,65472,85,-22.264625459999998,762,0.03,3466,-9.536823272705078,0.001,0.01790686696767807,-22.823196411132812,0.03150825574994087
97.03,676,65616,86,-22.326855230000007,762,0.03,3475,-9.527006149291992,0.001,0.01094056200236082,-22.928855895996094,0.031229503452777863
97.03,680,65648,86,-22.245631640000006,762,0.03,3477,-9.537510871887207,0.001,0.01794542744755745,-22.787893295288086,0.03116779401898384
97.03,684,66112,86,-22.37492599,762,0.03,3506,-9.53171157836914,0.001,0.011033955961465836,-23.149494171142578,0.03028690814971924
97.03,688,67072,88,-22.718949119999998,760,0.03,3566,-9.400067329406738,0.001,0.35258519649505615,-23.326505661010742,0.028550637885928154
97.03,692,67216,88,-22.479331070000004,760,0.03,3575,-9.465177536010742,0.001,0.01791653409600258,-23.250133514404297,0.0282985158264637
97.03,696,67248,88,-22.258174370000003,760,0.03,3577,-9.468820571899414,0.001,0.021342286840081215,-23.147464752197266,0.028242936357855797
96.04,700,67696,89,-22.18966222,760,0.04,3605,-9.56606388092041,0.001,0.02386256493628025,-23.402118682861328,0.02747594751417637
96.04,704,68400,90,-22.072249769999996,758,0.04,3649,-9.499505996704102,0.001,0.007412182167172432,-23.741294860839844,0.026314975693821907
96.49,708,68816,90,-20.703367250000007,757,0.04,3675,-9.509149551391602,0.001,0.009182188659906387,-23.827945709228516,0.025655556470155716
95.5,712,68832,90,-20.40187368,757,0.05,3676,-9.50419807434082,0.001,0.014418425969779491,-24.024925231933594,0.025630563497543335
94.58,716,68944,91,-20.530883550000002,757,0.06,3683,-9.473011016845703,0.001,0.0133736003190279,-24.044147491455078,0.02545582503080368
94.58,720,69552,91,-20.25373543,756,0.06,3721,-9.545732498168945,0.001,0.010737685486674309,-24.21578598022461,0.02452736534178257
94.58,724,70272,92,-19.73819058,756,0.06,3766,-9.377130508422852,0.001,0.010199625045061111,-23.858375549316406,0.023470057174563408
94.58,728,70432,93,-19.764612979999995,756,0.06,3776,-9.368368148803711,0.001,0.013224814087152481,-24.2949161529541,0.02324300818145275
94.58,732,70448,93,-19.753516759999997,756,0.06,3777,-9.385614395141602,0.001,0.015951169654726982,-24.18189811706543,0.023220404982566833
94.58,736,70896,93,-19.55221549,755,0.06,3805,-9.295427322387695,0.001,0.009003075771033764,-24.647985458374023,0.02259528636932373
94.58,740,71648,94,-19.885965719999998,754,0.06,3852,-9.34775161743164,0.001,0.33382880687713623,-24.72149658203125,0.021583227440714836
94.58,744,72032,95,-20.145368719999997,754,0.06,3876,-9.339926719665527,0.001,0.021017810329794884,-24.40325164794922,0.021086575463414192
94.58,748,72048,95,-20.21947623,754,0.06,3877,-9.385623931884766,0.001,0.024632172659039497,-24.366825103759766,0.02106628008186817
95.57,752,72496,96,-20.67866257,754,0.05,3905,-9.26350212097168,0.001,0.022885477170348167,-24.907154083251953,0.020498426631093025
95.57,756,73248,97,-20.342042040000003,754,0.05,3952,-9.308170318603516,0.001,0.019148757681250572,-25.426170349121094,0.019593659788370132
95.57,760,73632,97,-20.31774919,755,0.05,3976,-9.287420272827148,0.001,0.015268898569047451,-25.7176513671875,0.019142035394906998
95.57,764,73648,97,-20.25585972,755,0.05,3977,-9.350506782531738,0.001,0.013812275603413582,-25.3315372467041,0.019123440608382225
95.57,768,74096,98,-19.824571310000003,754,0.05,4005,-9.317037582397461,0.001,0.30948108434677124,-25.227306365966797,0.01861252821981907
93.59,772,74496,98,-19.22461548,754,0.07,4030,-9.330793380737305,0.001,0.011507715098559856,-25.085981369018555,0.01816822774708271
93.59,776,75200,99,-19.136367000000003,754,0.07,4074,-9.333550453186035,0.001,0.01454361341893673,-25.589702606201172,0.017414579167962074
93.59,780,75232,99,-19.13922654,754,0.07,4076,-9.210147857666016,0.001,0.03165996074676514,-25.534408569335938,0.01738094910979271
93.59,784,75488,100,-19.23954204,754,0.07,4092,-9.202634811401367,0.001,0.01611177623271942,-25.730846405029297,0.01711658388376236
93.59,788,76096,100,-19.056662040000003,754,0.07,4130,-9.25320053100586,0.001,0.011035263538360596,-26.364059448242188,0.016502156853675842
93.59,792,76800,101,-19.449410909999997,753,0.07,4174,-9.262138366699219,0.001,0.012891208752989769,-26.17491912841797,0.01580551080405712
93.59,796,76832,101,-19.453713329999996,753,0.07,4176,-9.129554748535156,0.001,0.030538197606801987,-25.800994873046875,0.01577465608716011
94.58,800,77088,102,-20.29804819,753,0.06,4192,-9.149378776550293,0.001,0.022958073765039444,-26.031158447265625,0.015531152486801147
94.58,804,77696,103,-20.4928869,753,0.06,4230,-9.125720024108887,0.001,0.310811311006546,-26.473793029785156,0.014972837641835213
95.12,808,78400,104,-20.733147950000003,752,0.05,4274,-9.225238800048828,0.001,0.01182924211025238,-26.241840362548828,0.014359639957547188
95.12,812,78432,104,-20.6226116,752,0.05,4276,-9.19332504272461,0.001,0.007284183986485004,-26.558273315429688,0.014332270249724388
97.03,816,78688,104,-21.26768058,752,0.03,4292,-9.110897064208984,0.001,0.3154618740081787,-25.961210250854492,0.014114994555711746
97.03,820,79296,105,-21.4205412,753,0.03,4330,-9.10015869140625,0.001,0.03676819056272507,-25.512405395507812,0.013620208017528057
97.03,824,80000,106,-21.004358970000002,752,0.03,4374,-9.129114151000977,0.001,0.023967349901795387,-26.108678817749023,0.013066742569208145
98.02,828,80032,106,-21.249191010000004,752,0.02,4376,-9.096824645996094,0.001,0.016620375216007233,-26.814369201660156,0.013042153790593147
98.02,832,80288,106,-20.844836230000002,751,0.02,4392,-9.139669418334961,0.001,0.30561214685440063,-26.904212951660156,0.012845618650317192
98.02,836,80896,107,-21.10365754,751,0.02,4430,-9.161515235900879,0.001,0.019968274980783463,-26.992197036743164,0.012394453398883343
98.02,840,81600,108,-20.817031139999997,751,0.02,4474,-8.99795150756836,0.001,0.011193279176950455,-26.581233978271484,0.011884775944054127
98.02,844,81632,108,-20.78206974,751,0.02,4476,-9.119729042053223,0.001,0.019600246101617813,-26.557388305664062,0.011862434446811676
98.02,848,81888,108,-20.83140697,751,0.02,4492,-9.055235862731934,0.001,0.040629319846630096,-26.665510177612305,0.011685655452311039
98.02,852,82496,109,-20.594749489999998,752,0.02,4530,-9.048638343811035,0.001,0.3032956123352051,-25.770458221435547,0.01127576269209385
98.02,856,83200,110,-20.140720740000003,751,0.02,4574,-9.030170440673828,0.001,0.01681424304842949,-27.880294799804688,0.01082546915858984
98.02,860,83232,110,-20.22275414,751,0.02,4576,-9.116214752197266,0.001,0.02034265547990799,-27.325958251953125,0.010805108584463596
98.02,864,83488,111,-20.156872149999998,751,0.02,4592,-9.018192291259766,0.001,0.01596820540726185,-26.936546325683594,0.010643770918250084
98.02,868,84096,111,-19.93641262,751,0.02,4630,-9.015727996826172,0.001,0.05086026340723038,-27.75450325012207,0.010274676606059074
100.0,872,84800,112,-20.11000144,751,0.0,4674,-8.96096134185791,0.001,0.00876888819038868,-28.457599639892578,0.00986167136579752
100.0,876,84832,112,-19.90015122,751,0.0,4676,-8.986485481262207,0.001,0.015206084586679935,-27.849430084228516,0.00984332524240017
100.0,880,85088,113,-19.8665862,751,0.0,4692,-8.957659721374512,0.001,0.010157612152397633,-24.19839859008789,0.009699253365397453
100.0,884,85696,114,-19.9139478,750,0.0,4730,-8.891777038574219,0.001,0.00873565673828125,-28.24920654296875,0.00936658214777708
100.0,888,86400,115,-19.5073433,749,0.0,4774,-8.82011604309082,0.001,0.011317362077534199,-27.642648696899414,0.008991566486656666
100.0,892,86432,115,-18.95779174,749,0.0,4776,-8.822212219238281,0.001,0.3217877149581909,-27.592466354370117,0.008974950760602951
100.0,896,86688,115,-19.071818710000002,749,0.0,4792,-8.829963684082031,0.001,0.012508103623986244,-28.561410903930664,0.008841846138238907
99.01,900,87152,116,-19.036975629999997,748,0.01,4821,-8.967692375183105,0.001,0.008791035041213036,-27.820894241333008,0.008603204973042011
99.01,904,87872,117,-18.8658765,748,0.01,4866,-8.830974578857422,0.001,0.02260010689496994,-27.126117706298828,0.008251872844994068
99.01,908,88032,117,-18.65426832,747,0.01,4876,-8.92028522491455,0.001,0.022242549806833267,-28.323875427246094,0.00817696563899517
99.01,912,88144,117,-19.09261226,747,0.01,4883,-8.876043319702148,0.001,0.014025884680449963,-28.006786346435547,0.00812422577291727
99.01,916,88752,118,-18.708305579999998,746,0.01,4921,-8.777181625366211,0.001,0.30363211035728455,-27.431190490722656,0.007846848107874393
99.01,920,89472,120,-18.64121495,745,0.01,4966,-8.820619583129883,0.001,0.03269590437412262,-27.623252868652344,0.0075309984385967255
99.01,924,89632,120,-19.09044655,745,0.01,4976,-8.847596168518066,0.001,0.010343866422772408,-24.938159942626953,0.007462346460670233
99.01,928,89744,120,-19.05865219,745,0.01,4983,-8.785184860229492,0.001,0.01579706370830536,-24.563186645507812,0.007416935637593269
98.07,932,90128,121,-18.850262710000003,744,0.02,5007,-8.811229705810547,0.001,0.29096829891204834,-29.011241912841797,0.007258639205247164
98.07,936,90848,122,-18.73419588,744,0.02,5052,-8.81823444366455,0.001,0.014809368178248405,-28.200183868408203,0.0069687822833657265
98.07,940,91232,122,-18.535803939999997,744,0.02,5076,-8.752467155456543,0.001,0.1763271540403366,-26.81321907043457,0.006818230263888836
98.07,944,91248,122,-18.459121999999997,744,0.02,5077,-8.890240669250488,0.001,0.014438440091907978,-27.138601303100586,0.0068120588548481464
98.07,948,91728,123,-18.069781609999996,744,0.02,5107,-8.690727233886719,0.001,0.018674449995160103,-29.383575439453125,0.006636534817516804
98.07,952,92448,124,-18.18354129,744,0.02,5152,-8.643280982971191,0.001,0.15579372644424438,-28.93976402282715,0.006362763699144125
98.07,956,92832,124,-18.712691980000002,743,0.02,5176,-8.70195198059082,0.001,0.07879795879125595,-29.676424026489258,0.006221769377589226
98.07,960,92848,124,-18.851353340000003,743,0.02,5177,-8.742130279541016,0.001,0.006834329571574926,-29.706531524658203,0.006215856410562992
98.07,964,93328,125,-18.900139829999997,743,0.02,5207,-8.688030242919922,0.001,0.018239889293909073,-26.62700653076172,0.006045319605618715
98.07,968,94048,126,-19.04862446,742,0.02,5252,-8.687097549438477,0.001,0.011796589940786362,-28.32749366760254,0.0058204177767038345
98.07,972,94432,127,-18.92188431,741,0.02,5276,-8.653241157531738,0.001,0.007374239154160023,-28.469247817993164,0.005695412866771221
98.07,976,94448,127,-19.5390825,741,0.02,5277,-8.72012710571289,0.001,0.012945834547281265,-29.04250717163086,0.005690228193998337
98.07,980,94928,128,-19.80721277,741,0.02,5307,-8.582222938537598,0.001,0.010125992819666862,-29.190793991088867,0.005534075200557709
98.07,984,95648,129,-19.723034350000002,741,0.02,5352,-8.725767135620117,0.001,0.033327240496873856,-27.321399688720703,0.0053101796656847
97.08,988,96032,129,-19.57652957,740,0.03,5376,-8.588445663452148,0.001,0.020186936482787132,-22.701221466064453,0.0052004666067659855
97.08,992,96048,129,-19.852641399999996,740,0.03,5377,-8.654667854309082,0.001,0.016784880310297012,-23.366125106811523,0.005196314305067062
97.08,996,96496,130,-19.79837113,740,0.03,5405,-8.63947868347168,0.001,0.00658017722889781,-28.757761001586914,0.005075397435575724
98.07,1000,97200,131,-19.02620668,740,0.02,5449,-8.520359992980957,0.001,0.03633115440607071,-24.524349212646484,0.0048875692300498486
98.07,1004,97632,131,-19.21001933,740,0.02,5476,-8.494606018066406,0.001,0.006072499323636293,-25.7550048828125,0.004781361203640699
98.07,1008,97648,131,-19.08026766,740,0.02,5477,-8.58405590057373,0.001,0.016730675473809242,-26.6850528717041,0.004777370952069759
98.07,1012,98096,132,-18.87903671,739,0.02,5505,-8.615254402160645,0.001,0.0073087504133582115,-26.143898010253906,0.004665801767259836
98.07,1016,98800,133,-18.956600859999998,739,0.02,5549,-8.57552719116211,0.001,0.2809011936187744,-28.567829132080078,0.004493751563131809
98.07,1020,99232,134,-18.538245410000002,738,0.02,5576,-8.463970184326172,0.001,0.01684996485710144,-25.454092025756836,0.004395780153572559
98.07,1024,99248,134,-18.30681725,738,0.02,5577,-8.449834823608398,0.001,0.259784460067749,-26.797929763793945,0.004392350558191538
97.08,1028,99504,134,-18.12980142,738,0.03,5593,-8.468576431274414,0.001,0.009469904005527496,-24.6940975189209,0.00433696573600173
98.02,1032,100096,135,-18.446035670000004,738,0.02,5630,-8.490240097045898,0.001,0.008095083758234978,-27.22439193725586,0.004207800608128309
98.02,1036,100800,136,-18.89573452,737,0.02,5674,-8.479988098144531,0.001,0.014219310134649277,-25.795574188232422,0.004051863681524992
98.02,1040,100832,136,-19.20669114,737,0.02,5676,-8.490379333496094,0.001,0.00876619666814804,-26.813982009887695,0.004045089706778526
98.02,1044,101104,137,-19.49644104,737,0.02,5693,-8.419349670410156,0.001,0.030818015336990356,-23.7457275390625,0.003990953788161278
98.02,1048,101696,137,-19.60786808,737,0.02,5730,-8.506053924560547,0.001,0.2717832922935486,-25.03447723388672,0.0038691761437803507
98.02,1052,102400,138,-19.456707039999998,736,0.02,5774,-8.473546981811523,0.001,0.008062461391091347,-28.596614837646484,0.003737021004781127
98.02,1056,102432,139,-19.07867296,736,0.02,5776,-8.353386878967285,0.001,0.0073324041441082954,-26.275527954101562,0.0037304777652025223
98.02,1060,102704,139,-19.01149942,736,0.02,5793,-8.440885543823242,0.001,0.012862011790275574,-23.53445053100586,0.0036765653640031815
98.02,1064,103296,140,-19.0857642,736,0.02,5830,-8.392749786376953,0.001,0.005929302889853716,-27.126279830932617,0.0035737273283302784
97.03,1068,103872,141,-19.07824467,735,0.03,5866,-8.446855545043945,0.001,0.014635012485086918,-27.451244354248047,0.0034684757702052593
97.03,1072,104032,141,-19.2752139,735,0.03,5876,-8.353740692138672,0.001,0.012450139969587326,-27.336711883544922,0.003439385676756501
97.03,1076,104144,141,-18.81584354,735,0.03,5883,-8.398675918579102,0.001,0.2663353681564331,-25.981096267700195,0.0034196244087070227
97.03,1080,104752,142,-18.80508213,734,0.03,5921,-8.350746154785156,0.001,0.0069115012884140015,-15.306392669677734,0.0033277838956564665
97.03,1084,105472,143,-18.802687029999998,734,0.03,5966,-8.411261558532715,0.001,0.006994733586907387,-27.295654296875,0.003213406540453434
98.02,1088,105632,143,-18.906714479999998,734,0.02,5976,-8.391736030578613,0.001,0.030588287860155106,-24.23995018005371,0.0031855106353759766
98.02,1092,105744,144,-18.667793839999998,734,0.02,5983,-8.376224517822266,0.001,0.024218033999204636,-25.17629051208496,0.003166578710079193
98.02,1096,106352,144,-18.551408159999998,733,0.02,6021,-8.357381820678711,0.001,0.008089995011687279,-26.886484146118164,0.0030650640837848186
98.02,1100,107072,146,-18.62905103,733,0.02,6066,-8.349489212036133,0.001,0.017880816012620926,-26.932636260986328,0.0029477530624717474
98.02,1104,107232,146,-18.39998894,732,0.02,6076,-8.303695678710938,0.001,0.028601858764886856,-24.430221557617188,0.002923346357420087
97.03,1108,107264,146,-18.346634129999998,732,0.03,6078,-8.253934860229492,0.001,0.009370183572173119,-25.930679321289062,0.002918609417974949
97.03,1112,107728,146,-18.029343099999995,733,0.03,6107,-8.23755168914795,0.001,0.008049492724239826,-25.086111068725586,0.0028507309034466743
97.03,1116,108464,147,-18.02861021,733,0.03,6153,-8.335428237915039,0.001,0.011896482668817043,-26.057329177856445,0.0027489550411701202
97.03,1120,108832,148,-19.128534090000002,733,0.03,6176,-8.265473365783691,0.001,0.01280115731060505,-23.66095733642578,0.0027008175384253263
97.03,1124,108864,148,-19.1728501,733,0.03,6178,-8.293813705444336,0.001,0.00975105632096529,-25.50265121459961,0.002696736715734005
98.02,1128,109328,149,-19.22957209,733,0.02,6207,-8.336856842041016,0.001,0.011721917428076267,-25.819072723388672,0.0026377008762210608
98.02,1132,110064,149,-19.29058512,733,0.02,6253,-8.199970245361328,0.001,0.25224024057388306,-26.085247039794922,0.0025410964153707027
98.02,1136,110432,150,-19.118795530000003,733,0.02,6276,-8.15330696105957,0.001,0.007377744186669588,-19.238035202026367,0.0024966560304164886
98.02,1140,110464,150,-19.27387601,733,0.02,6278,-8.178407669067383,0.001,0.010057778097689152,-17.606882095336914,0.002493391279131174
98.02,1144,110928,151,-19.01763821,734,0.02,6307,-8.195415496826172,0.001,0.005553409457206726,-20.69780921936035,0.0024425345472991467
98.02,1148,111664,152,-19.11694677,734,0.02,6353,-8.152015686035156,0.001,0.009301375597715378,-25.74945831298828,0.0023543168790638447
98.02,1152,112032,152,-19.230257499999997,733,0.02,6376,-8.076844215393066,0.001,0.008356694132089615,-21.75415802001953,0.0023107563611119986
98.02,1156,112064,152,-18.95265913,733,0.02,6378,-8.17886734008789,0.001,0.011110827326774597,-23.67084503173828,0.0023071395698934793
98.02,1160,112528,153,-19.00420509,733,0.02,6407,-8.137433052062988,0.001,0.0074377176351845264,-23.66132164001465,0.002253981539979577
98.02,1164,113264,154,-18.863391410000002,733,0.02,6453,-8.17856502532959,0.001,0.011496378108859062,-27.3508243560791,0.002179094823077321
99.01,1168,113632,155,-19.08610996,732,0.01,6476,-8.120363235473633,0.001,0.015114937908947468,-24.41921043395996,0.0021375026553869247
99.01,1172,113664,155,-18.741796530000002,732,0.01,6478,-8.060856819152832,0.001,0.021868355572223663,-23.961366653442383,0.002133989240974188
99.01,1176,114128,155,-18.643698999999998,732,0.01,6507,-8.110488891601562,0.001,0.040054045617580414,-22.618412017822266,0.0020866787526756525
99.01,1180,114864,156,-18.841274439999996,732,0.01,6553,-8.050859451293945,0.001,0.005280322395265102,-23.04207992553711,0.0020180516876280308
99.01,1184,115232,157,-18.591234279999995,732,0.01,6576,-8.064620018005371,0.001,0.009452798403799534,-19.542556762695312,0.001983539666980505
99.01,1188,115264,157,-18.71603157,732,0.01,6578,-8.0110502243042,0.001,0.015004179440438747,-17.893726348876953,0.001980746863409877
99.01,1192,115728,157,-19.093911020000004,733,0.01,6607,-8.026555061340332,0.001,0.0425976887345314,-22.690271377563477,0.001942722941748798
99.01,1196,116464,158,-18.87298171,733,0.01,6653,-8.036057472229004,0.001,0.006774766370654106,-22.177047729492188,0.0018808025633916259
99.01,1200,116832,159,-19.037817729999997,732,0.01,6676,-7.968623161315918,0.001,0.008937032893300056,-22.91808319091797,0.001848992775194347
99.01,1204,116864,159,-18.98269364,733,0.01,6678,-8.064393997192383,0.001,0.0034810220822691917,-20.47427749633789,0.0018462089356034994
100.0,1208,117328,160,-18.94772854,733,0.0,6707,-7.871625900268555,0.001,0.01655801385641098,-18.162004470825195,0.0018080049194395542
100.0,1212,118064,161,-19.32345659,732,0.0,6753,-8.003032684326172,0.001,0.012451190501451492,-17.338634490966797,0.001751201692968607
99.01,1216,118432,161,-19.00287298,732,0.01,6776,-7.915905952453613,0.001,0.014832116663455963,-22.714534759521484,0.0017298192251473665
99.01,1220,118448,161,-19.01391564,732,0.01,6777,-7.9927077293396,0.001,0.007129883859306574,-23.804195404052734,0.0017288100207224488
99.01,1224,118896,162,-18.436532240000005,732,0.01,6805,-8.004097938537598,0.001,0.01162971742451191,-17.115243911743164,0.001695210812613368
99.01,1228,119600,163,-18.32698772,731,0.01,6849,-7.995141506195068,0.001,0.006962816696614027,-21.708026885986328,0.0016713867662474513
97.03,1232,119920,163,-17.76586725,731,0.03,6869,-7.950143814086914,0.001,0.004972807131707668,-18.608848571777344,0.0016516727628186345
97.03,1236,120032,164,-17.44888552,731,0.03,6876,-7.863927364349365,0.001,0.005778895691037178,-19.321880340576172,0.0016441283514723182
96.04,1240,120064,164,-17.06055631,731,0.04,6878,-7.975404262542725,0.001,0.007845977321267128,-21.51898193359375,0.0016419637249782681
96.04,1244,120528,164,-17.065511869999998,731,0.04,6907,-7.906033992767334,0.001,0.007178591098636389,-18.567853927612305,0.001611471176147461
96.04,1248,121264,165,-17.06292595,731,0.04,6953,-7.875868320465088,0.001,0.006501802708953619,-11.148172378540039,0.0015656951582059264
96.04,1252,121632,166,-17.118321639999998,730,0.04,6976,-7.88548469543457,0.001,0.0068392022512853146,-15.974103927612305,0.0015495548723265529
96.04,1256,121664,166,-17.283089150000002,730,0.04,6978,-7.90745735168457,0.001,0.0044852253049612045,-21.1905574798584,0.0015481036389246583
96.04,1260,122128,167,-17.178684790000005,730,0.04,7007,-7.829911231994629,0.001,0.008551663719117641,-11.487297058105469,0.0015185088850557804
96.04,1264,122864,168,-17.199063719999998,730,0.04,7053,-7.8099164962768555,0.001,0.22832059860229492,-25.428428649902344,0.0014758666511625051
95.05,1268,123232,168,-17.27884289,730,0.05,7076,-7.839176654815674,0.001,0.007908139377832413,-20.77153778076172,0.0014487640000879765
95.05,1272,123248,168,-17.69163771,730,0.05,7077,-7.726662635803223,0.001,0.007105878554284573,-18.741641998291016,0.0014476011274382472
95.05,1276,123696,169,-17.912249160000002,731,0.05,7105,-7.752679824829102,0.001,0.013262061402201653,-22.301862716674805,0.0014235905837267637
95.05,1280,124400,170,-17.61126161,731,0.05,7149,-7.833244323730469,0.001,0.0049049388617277145,-13.150924682617188,0.0013788132928311825
95.05,1284,124832,170,-17.9572522,731,0.05,7176,-7.76713228225708,0.001,0.010907451622188091,-13.092416763305664,0.0013585271080955863
95.05,1288,124848,170,-17.79076286,731,0.05,7177,-7.763349533081055,0.001,0.004236188251525164,-10.303006172180176,0.0013578567886725068
95.05,1292,125296,171,-17.75912898,730,0.05,7205,-7.758913993835449,0.001,0.0035616238601505756,-12.953298568725586,0.0013407664373517036
95.05,1296,126000,172,-18.12121504,730,0.05,7249,-7.709975719451904,0.001,0.005700523033738136,-12.574380874633789,0.0013091001892462373
95.05,1300,126432,173,-18.15677141,730,0.05,7276,-7.717106819152832,0.001,0.012384804897010326,-18.3040714263916,0.0012908832868561149
95.05,1304,126448,173,-18.393583749999998,730,0.05,7277,-7.734375476837158,0.001,0.008057288825511932,-17.585716247558594,0.001290132524445653
95.05,1308,126896,173,-18.3473937,729,0.05,7305,-7.810541152954102,0.001,0.004085219465196133,-15.547958374023438,0.0012668035924434662
95.05,1312,127600,174,-18.108307200000002,729,0.05,7349,-7.6831583976745605,0.001,0.004778752569109201,-12.229836463928223,0.0012357763480395079
96.04,1316,128032,175,-18.27600604,729,0.04,7376,-7.664973258972168,0.001,0.012195584364235401,-11.241336822509766,0.0012161086779087782
96.04,1320,128048,175,-18.034718,729,0.04,7377,-7.681870460510254,0.001,0.007838753052055836,-10.492084503173828,0.0012154745636507869
95.05,1324,128304,175,-17.744126429999998,729,0.05,7393,-7.647978782653809,0.001,0.008975883945822716,-8.044633865356445,0.0012066932395100594
95.05,1328,128896,176,-18.03551268,728,0.05,7430,-7.7439165115356445,0.001,0.00584016740322113,-10.815511703491211,0.001186951296404004
96.04,1332,129536,177,-18.28435763,728,0.04,7470,-7.649864196777344,0.001,0.0042428430169820786,-12.938011169433594,0.0011626440100371838
97.03,1336,129648,177,-18.6269695,728,0.03,7477,-7.675463676452637,0.001,0.005469124764204025,-13.414630889892578,0.0011590365320444107
97.03,1340,129744,178,-18.586777650000002,728,0.03,7483,-7.755888938903809,0.001,0.005690531339496374,-11.410303115844727,0.0011557588586583734
97.03,1344,130352,179,-18.609018419999998,728,0.03,7521,-7.693668365478516,0.001,0.01718774437904358,-5.205981254577637,0.0011357985204085708
97.03,1348,131136,179,-18.860878810000003,729,0.03,7570,-7.673320293426514,0.001,0.0025747213512659073,-9.783266067504883,0.0011116457171738148
97.03,1352,131248,179,-19.14730957,729,0.03,7577,-7.620774269104004,0.001,0.005620931275188923,-8.88551139831543,0.001108210301026702
97.03,1356,131344,180,-18.989705259999997,729,0.03,7583,-7.619585037231445,0.001,0.010279383510351181,-14.116601943969727,0.0011055850191041827
97.03,1360,131952,181,-19.081048399999997,728,0.03,7621,-7.621870994567871,0.001,0.004731559660285711,-14.282939910888672,0.001083074021153152
97.03,1364,132736,182,-19.266240800000002,727,0.03,7670,-7.575445175170898,0.001,0.0029158208053559065,-14.121139526367188,0.001059139147400856
98.02,1368,132848,182,-19.039162840000003,727,0.02,7677,-7.58716344833374,0.001,0.0048056710511446,-14.157853126525879,0.0010556087363511324
98.02,1372,132944,182,-19.00202468,727,0.02,7683,-7.6057939529418945,0.001,0.009031811729073524,-13.242127418518066,0.0010521814692765474
98.02,1376,133552,183,-18.77750925,727,0.02,7721,-7.571287631988525,0.001,0.003458573017269373,-9.144365310668945,0.0010343240574002266
98.02,1380,134336,184,-18.63260282,726,0.02,7770,-7.566793918609619,0.001,0.019588343799114227,-6.554293632507324,0.0010179601376876235
97.03,1384,134448,184,-18.357492089999997,726,0.03,7777,-7.539484024047852,0.001,0.4453907012939453,-8.548969268798828,0.0010159577941522002
97.03,1388,134480,185,-18.47318849,726,0.03,7779,-7.470547199249268,0.001,0.12155600637197495,-5.382864475250244,0.0010154163464903831
97.03,1392,134928,185,-18.327455120000003,726,0.03,7807,-7.498550891876221,0.001,0.006297967862337828,-5.1246442794799805,0.0010093377204611897
97.03,1396,135664,186,-18.26580434,726,0.03,7853,-7.552873134613037,0.001,0.20567508041858673,-9.064496040344238,0.0009914280381053686
97.03,1400,136048,187,-18.70104969,727,0.03,7877,-7.455945014953613,0.001,0.00539130624383688,-16.252483367919922,0.0009815110825002193
97.03,1404,136080,187,-18.518085130000003,727,0.03,7879,-7.487654209136963,0.001,0.003612973727285862,-16.350341796875,0.000980544020421803
97.03,1408,136528,187,-18.53408858,726,0.03,7907,-7.463799476623535,0.001,0.004742712713778019,-12.495601654052734,0.0009660568321123719
96.04,1412,137216,188,-18.336142719999998,726,0.04,7950,-7.4205403327941895,0.001,0.0190371535718441,3.805875778198242,0.0009493545512668788
96.04,1416,137632,189,-18.406229649999997,726,0.04,7976,-7.449470520019531,0.001,0.007473289035260677,-8.732131958007812,0.0009461242589168251
96.04,1420,137648,189,-18.409929890000004,726,0.04,7977,-7.439858436584473,0.001,0.005356300622224808,-8.9527587890625,0.0009457913110964
97.03,1424,138096,190,-18.84575311,726,0.03,8005,-7.493613243103027,0.001,0.005373901687562466,-5.545513153076172,0.0009366800077259541
97.03,1428,138816,191,-18.78482062,725,0.03,8050,-7.312085151672363,0.001,0.00454327929764986,-4.324525833129883,0.0009239341015927494
98.02,1432,139232,191,-19.117223520000003,725,0.02,8076,-7.464985370635986,0.001,0.0037835044786334038,1.2518913745880127,0.0009202013025060296
98.02,1436,139248,191,-19.211647210000002,725,0.02,8077,-7.463953018188477,0.001,0.009572139009833336,0.15240788459777832,0.0009202543878927827
97.03,1440,139520,192,-19.122471969999996,725,0.03,8094,-7.440132141113281,0.001,0.00713118351995945,-0.7781847715377808,0.0009228721028193831
97.03,1444,140096,193,-19.126438040000004,725,0.03,8130,-7.395609378814697,0.001,0.021756870672106743,-7.57065486907959,0.0009158915490843356
97.03,1448,140816,194,-19.011196979999998,725,0.03,8175,-7.398225784301758,0.001,0.010081182233989239,-3.6168322563171387,0.0009067832143045962
97.03,1452,140848,194,-18.926397859999998,724,0.03,8177,-7.330086708068848,0.001,0.010774807073175907,-6.5399065017700195,0.0009066332131624222
96.04,1456,140960,194,-18.805213309999996,724,0.04,8184,-7.412728309631348,0.001,0.023768629878759384,-9.989666938781738,0.0009054779657162726
95.05,1460,141344,194,-18.38904217,724,0.05,8208,-7.312867164611816,0.001,0.01105823926627636,-8.464454650878906,0.0008971856441348791
95.05,1464,142064,195,-18.07847357,725,0.05,8253,-7.308623790740967,0.001,0.0361863374710083,-13.393821716308594,0.0008731987909413874
95.05,1468,142448,196,-18.45247577,725,0.05,8277,-7.342055320739746,0.001,0.004403670318424702,-7.487432479858398,0.000861006265040487
95.05,1472,142480,196,-18.358166819999997,725,0.05,8279,-7.351372241973877,0.001,0.006465074606239796,-8.206411361694336,0.0008601674344390631
95.05,1476,142944,197,-18.65917398,724,0.05,8308,-7.315549850463867,0.001,0.006666562519967556,-6.424238204956055,0.0008476510993205011
95.05,1480,143664,198,-18.967903730000003,724,0.05,8353,-7.299445152282715,0.001,0.203222393989563,-6.8510637283325195,0.0008311252458952367
96.04,1484,144048,198,-19.18219153,724,0.04,8377,-7.244075775146484,0.001,0.011438461020588875,2.3847076892852783,0.0008269290556199849
96.04,1488,144080,198,-19.078492110000003,724,0.04,8379,-7.289885520935059,0.001,0.007886666804552078,4.71357536315918,0.000826970033813268
96.04,1492,144544,199,-18.93210055,724,0.04,8408,-7.272259712219238,0.001,0.005599875934422016,-9.315927505493164,0.0008258450543507934
96.04,1496,145264,200,-18.76810912,724,0.04,8453,-7.285793304443359,0.001,0.011330096051096916,-9.364763259887695,0.0008033355697989464
96.04,1500,145648,200,-18.03595906,724,0.04,8477,-7.265218257904053,0.001,0.008241387084126472,-2.47511625289917,0.0007941596559248865
95.05,1504,145664,201,-17.951991290000002,724,0.05,8478,-7.238582611083984,0.001,0.00928682554513216,-1.267148494720459,0.0007939582574181259
95.05,1508,146096,201,-18.14735577,724,0.05,8505,-7.18831729888916,0.001,0.008882731199264526,-2.249943256378174,0.0007875666487962008
96.04,1512,146816,202,-18.300659800000002,725,0.04,8550,-7.210502624511719,0.001,0.008941208943724632,0.5209241509437561,0.0007819182355888188
96.04,1516,147232,203,-18.18607711,725,0.04,8576,-7.220364570617676,0.001,0.007955184206366539,-8.919939994812012,0.0007796151912771165
96.04,1520,147264,203,-18.410360869999998,725,0.04,8578,-7.150167942047119,0.001,0.014848437160253525,-6.846832752227783,0.0007790978997945786
96.04,1524,147696,203,-18.18918471,724,0.04,8605,-7.246281623840332,0.001,0.2077786922454834,-9.781214714050293,0.0007698015542700887
96.04,1528,148416,204,-18.05576314,724,0.04,8650,-7.231471061706543,0.001,0.0038240717258304358,-3.6974081993103027,0.0007562529062852263
95.05,1532,148816,205,-18.06727963,724,0.05,8675,-7.247623443603516,0.001,0.0028115790337324142,-7.448698043823242,0.0007514956523664296
95.05,1536,148848,205,-17.86007258,724,0.05,8677,-7.137005805969238,0.001,0.004491457715630531,-5.378990173339844,0.0007509837159886956
96.04,1540,149120,205,-18.01030356,724,0.04,8694,-7.0754804611206055,0.001,0.2158433049917221,0.19266247749328613,0.0007471967255696654
96.04,1544,149696,206,-18.19597669,723,0.04,8730,-7.097911834716797,0.001,0.264376699924469,-8.121952056884766,0.0007427850505337119
96.04,1548,150416,207,-18.143990929999994,723,0.04,8775,-7.065922737121582,0.001,0.004010742995887995,-5.834872245788574,0.0007319013238884509
96.04,1552,150448,207,-17.821199,723,0.04,8777,-7.108193397521973,0.001,0.0037503717467188835,-7.057581901550293,0.0007312276866286993
97.03,1556,150720,208,-18.44164739,723,0.03,8794,-7.108792304992676,0.001,0.0034369961358606815,-16.97840690612793,0.0007240442209877074
98.02,1560,151296,209,-18.76718561,723,0.02,8830,-7.14805793762207,0.001,0.00485198013484478,-2.614041805267334,0.0007105829427018762
97.03,1564,151952,210,-18.53264448,723,0.03,8871,-7.109124660491943,0.001,0.004938900470733643,-11.20664119720459,0.0007010938134044409
97.03,1568,152048,210,-18.12664387,723,0.03,8877,-7.086853981018066,0.001,0.006717980839312077,-13.667228698730469,0.0006984051433391869
97.03,1572,152160,210,-18.178741549999998,723,0.03,8884,-7.1734466552734375,0.001,0.007029963191598654,-4.5786919593811035,0.0006953924312256277
96.04,1576,152544,211,-17.89734193,722,0.04,8908,-7.1167802810668945,0.001,0.010427920147776604,1.0943540334701538,0.0006906104972586036
96.04,1580,153280,212,-17.56893063,722,0.04,8954,-7.04343318939209,0.001,0.01646347902715206,0.08694744110107422,0.0006897347630001605
96.04,1584,153648,212,-17.433214550000002,722,0.04,8977,-6.969812393188477,0.001,0.20359736680984497,0.4209780693054199,0.0006910100928507745
96.04,1588,153680,212,-17.65764644,722,0.04,8979,-7.063992977142334,0.001,0.18079867959022522,2.6640357971191406,0.0006910687661729753
96.04,1592,154144,213,-17.922214299999997,721,0.04,9008,-7.135182857513428,0.001,0.006908281706273556,-10.419801712036133,0.0006861071451567113
96.04,1596,154880,214,-17.96737624,721,0.04,9054,-6.99985408782959,0.001,0.1334325671195984,2.2262840270996094,0.0006762786651961505
95.05,1600,155232,215,-18.09749011,721,0.05,9076,-7.0100998878479,0.001,0.005064847879111767,-7.708942413330078,0.0006737028015777469
96.04,1604,155264,215,-18.37418312,721,0.04,9078,-7.039633750915527,0.001,0.006813510786741972,-3.9349546432495117,0.0006733479094691575
96.04,1608,155696,215,-18.46554829,720,0.04,9105,-6.973078727722168,0.001,0.0073721446096897125,24.245471954345703,0.0006696059135720134
95.05,1612,156096,216,-18.39000528,720,0.05,9130,-6.9945387840271,0.001,0.01159958727657795,-1.8465263843536377,0.0006839506095275283
95.05,1616,156832,217,-18.37383317,719,0.05,9176,-6.946322441101074,0.001,0.006218761205673218,-11.939053535461426,0.0006712839822284877
95.05,1620,156848,217,-18.351765009999998,719,0.05,9177,-7.013394832611084,0.001,0.011091213673353195,-11.007355690002441,0.000670819019433111
95.05,1624,157120,218,-18.271289650000003,719,0.05,9194,-7.073216915130615,0.001,0.012577100656926632,-1.0182435512542725,0.0006634278106503189
94.06,1628,157568,219,-17.98919045,719,0.06,9222,-6.9122490882873535,0.001,0.033171627670526505,5.626023292541504,0.0006668888381682336
95.05,1632,158352,220,-17.95832794,718,0.05,9271,-6.931623458862305,0.001,0.007630978710949421,-12.950124740600586,0.0006609141710214317
95.05,1636,158448,220,-17.96905623,718,0.05,9277,-6.911965847015381,0.001,0.07115127146244049,-8.71036434173584,0.0006576529121957719
95.05,1640,158576,220,-17.77856473,718,0.05,9285,-6.922057151794434,0.001,0.02430899254977703,-6.819154739379883,0.0006538958405144513
95.05,1644,159168,221,-17.499845899999997,718,0.05,9322,-6.940519332885742,0.001,0.003176178317517042,1.6960780620574951,0.00065459223696962
95.05,1648,159952,222,-17.282306549999998,717,0.05,9371,-6.931670188903809,0.001,0.009216450154781342,4.455434322357178,0.0006612858269363642
95.05,1652,160048,222,-17.90587837,718,0.05,9377,-6.921177864074707,0.001,0.004445044323801994,3.660207509994507,0.0006629724521189928
95.05,1656,160176,223,-17.638981920000003,717,0.05,9385,-6.8410725593566895,0.001,0.010478504002094269,-3.197303533554077,0.000664520775899291
95.05,1660,160768,224,-17.797075660000004,717,0.05,9422,-6.897772789001465,0.001,0.00834475178271532,-4.635180473327637,0.0006613914738409221
96.04,1664,161552,224,-18.110258650000002,718,0.04,9471,-6.881440162658691,0.001,0.006654046941548586,0.05362081527709961,0.0006524186464957893
96.04,1668,161648,224,-18.39956096,718,0.04,9477,-6.87432861328125,0.001,0.005089226178824902,-3.630117416381836,0.0006519394810311496
96.04,1672,161776,225,-18.42509456,718,0.04,9485,-6.872194290161133,0.001,0.009198995307087898,1.0762618780136108,0.0006519142189063132
97.03,1676,162368,225,-18.39916918,718,0.03,9522,-6.89064359664917,0.001,0.004488840699195862,-4.834146499633789,0.0006512624095194042
97.03,1680,163152,226,-18.594305939999998,718,0.03,9571,-6.881196975708008,0.001,0.0029168850742280483,13.279085159301758,0.0006651602452620864
97.03,1684,163248,227,-18.60643972,718,0.03,9577,-6.817216873168945,0.001,0.0028491741977632046,5.126646041870117,0.0006714719347655773
97.03,1688,163376,227,-18.658424550000003,718,0.03,9585,-6.845550537109375,0.001,0.04065316170454025,0.07185792922973633,0.0006767621962353587
97.03,1692,163968,228,-18.71410157,718,0.03,9622,-6.885006427764893,0.001,0.0034607001580297947,-4.577578067779541,0.0006821000133641064
97.03,1696,164752,229,-18.67793121,718,0.03,9671,-6.749976634979248,0.001,0.00553743913769722,-2.4222207069396973,0.0006791955674998462
98.02,1700,164848,229,-18.832009599999996,718,0.02,9677,-6.736572265625,0.001,0.004799565766006708,-1.3184378147125244,0.0006797664100304246
98.02,1704,164976,229,-18.69010872,718,0.02,9685,-6.811577320098877,0.001,0.008975910022854805,-4.782046318054199,0.0006787639576941729
98.02,1708,165568,230,-18.385505900000002,718,0.02,9722,-6.78304386138916,0.001,0.006304677575826645,-1.9850438833236694,0.0006721032550558448
99.01,1712,166352,231,-18.38307833,717,0.01,9771,-6.790260314941406,0.001,0.0033276043832302094,-5.31029748916626,0.0006663204985670745
99.01,1716,166448,231,-18.42940946,718,0.01,9777,-6.773455619812012,0.001,0.00634750397875905,-3.5000381469726562,0.0006650872528553009
99.01,1720,166576,232,-18.435157710000002,717,0.01,9785,-6.704444885253906,0.001,0.01371718943119049,3.9050779342651367,0.0006638572667725384
99.01,1724,167168,232,-18.614820039999998,717,0.01,9822,-6.74868631362915,0.001,0.005603335332125425,-10.674726486206055,0.0006613524165004492
100.0,1728,167952,234,-19.16604633,717,0.0,9871,-6.764367580413818,0.001,0.004780008923262358,-9.526594161987305,0.0006334627396427095
100.0,1732,168048,234,-19.00181286,717,0.0,9877,-6.631110191345215,0.001,0.17806914448738098,-3.4708023071289062,0.0006304211565293372
100.0,1736,168176,234,-19.084278400000002,717,0.0,9885,-6.772218704223633,0.001,0.006314914673566818,-8.005148887634277,0.0006273079197853804
100.0,1740,168768,235,-19.394083360000003,717,0.0,9922,-6.7266035079956055,0.001,0.004660769831389189,-12.137739181518555,0.0006101499311625957
100.0,1744,169552,236,-19.554421650000005,717,0.0,9971,-6.642790794372559,0.001,0.00690997950732708,-12.941734313964844,0.0005793790332973003
99.01,1748,169648,236,-19.163384159999996,717,0.01,9977,-6.686468601226807,0.001,0.004585615359246731,-9.97237777709961,0.0005756188184022903
98.02,1752,169664,236,-18.85348169,717,0.02,9978,-6.686670303344727,0.001,0.006472157780081034,-14.683867454528809,0.0005749990814365447
98.02,1756,170112,237,-19.06037095,717,0.02,10006,-6.706003189086914,0.001,0.016683483496308327,-4.2783331871032715,0.000558978586923331
98.02,1760,170816,238,-18.94959103,717,0.02,10050,-6.639866828918457,0.001,0.01023938413709402,-5.364410877227783,0.0005489328177645802
98.02,1764,171232,238,-18.73150935,717,0.02,10076,-6.627284526824951,0.001,0.004248587414622307,-3.4160423278808594,0.0005437664804048836
98.02,1768,171264,238,-18.444705359999997,717,0.02,10078,-6.651126861572266,0.001,0.01178915798664093,-5.17159366607666,0.0005431598401628435
98.02,1772,171712,239,-18.53680037,717,0.02,10106,-6.596837520599365,0.001,0.011873377487063408,-3.479700803756714,0.0005325459642335773
98.02,1776,172416,240,-18.64631218,717,0.02,10150,-6.598089218139648,0.001,0.023379327729344368,-2.288328170776367,0.000525958021171391
98.02,1780,172832,240,-18.897679359999998,717,0.02,10176,-6.590143203735352,0.001,0.007685746531933546,-0.25917720794677734,0.0005197640275582671
98.02,1784,172864,240,-19.00964994,717,0.02,10178,-6.557939052581787,0.001,0.008266760967671871,-0.10942119359970093,0.0005194575642235577
98.02,1788,173312,241,-18.78769811,717,0.02,10206,-6.566923141479492,0.001,0.1580844521522522,14.337739944458008,0.0005223785992711782
98.02,1792,174016,242,-18.585594790000002,717,0.02,10250,-6.650447845458984,0.001,0.00444944528862834,5.164089679718018,0.0005230690585449338
98.02,1796,174432,243,-18.43997861,717,0.02,10276,-6.589477062225342,0.001,0.004537542350590229,-3.0909180641174316,0.0005346869002096355
98.02,1800,174464,243,-18.37440208,717,0.02,10278,-6.547328948974609,0.001,0.00878419540822506,-6.81370735168457,0.0005350038991309702
98.02,1804,174912,243,-18.60143465,717,0.02,10306,-6.543449401855469,0.001,0.005258913617581129,-6.535498142242432,0.0005301405908539891
98.02,1808,175616,244,-18.652686659999997,718,0.02,10350,-6.54849910736084,0.001,0.004312318749725819,2.5797200202941895,0.0005324545199982822
98.02,1812,176032,245,-18.67367028,718,0.02,10376,-6.559780120849609,0.001,0.005976881366223097,-2.8043980598449707,0.0005330731510184705
97.03,1816,176064,245,-18.751394389999998,718,0.03,10378,-6.5214738845825195,0.001,0.002840314758941531,-2.1539204120635986,0.0005329910782165825
96.04,1820,176176,245,-18.34626283,718,0.04,10385,-6.549947261810303,0.001,0.009705711156129837,-3.2944822311401367,0.0005325211095623672
96.04,1824,176768,246,-18.477590680000002,718,0.04,10422,-6.6213788986206055,0.001,0.0036673839204013348,-4.204813003540039,0.0005242673796601593
96.04,1828,177568,247,-18.28632004,718,0.04,10472,-6.503498077392578,0.001,0.006080492399632931,4.249175071716309,0.0005249966052360833
96.04,1832,177664,247,-18.4746014,718,0.04,10478,-6.46605110168457,0.001,0.002954738214612007,-0.7957377433776855,0.0005251365946605802
96.04,1836,177776,247,-18.34434599,718,0.04,10485,-6.484724044799805,0.001,0.17069731652736664,-1.7790312767028809,0.0005252327537164092
96.04,1840,178368,248,-18.244074360000003,718,0.04,10522,-6.48497200012207,0.001,0.01262843981385231,-7.124494552612305,0.0005208809743635356
96.04,1844,179168,249,-18.15994894,717,0.04,10572,-6.494471549987793,0.001,0.006929602008312941,-6.662596702575684,0.0005080770351924002
97.03,1848,179264,249,-18.43310874,717,0.03,10578,-6.387964725494385,0.001,0.008722709491848946,-5.496832847595215,0.00050594616914168
98.02,1852,179376,249,-18.313655199999996,717,0.02,10585,-6.43630313873291,0.001,0.012418050318956375,-6.674140930175781,0.0005033828201703727
98.02,1856,179968,250,-17.98863107,717,0.02,10622,-6.459164142608643,0.001,0.0023688653018325567,-9.547710418701172,0.0004915117169730365
98.02,1860,180768,252,-17.89880885,717,0.02,10672,-6.384174346923828,0.001,0.005324497353285551,-11.29341983795166,0.00048135497490875423
97.03,1864,180864,252,-17.95806492,717,0.03,10678,-6.338330268859863,0.001,0.0054170237854123116,-11.351298332214355,0.00047943537356331944
97.03,1868,180880,252,-18.0678748,717,0.03,10679,-6.381174087524414,0.001,0.0058568548411130905,-12.509878158569336,0.00047902451478876173
97.03,1872,181344,252,-18.026914950000002,717,0.03,10708,-6.459875106811523,0.001,0.0035051435697823763,-8.748603820800781,0.0004699368146248162
97.03,1876,182080,254,-18.253325980000003,716,0.03,10754,-6.399286270141602,0.001,0.005144175142049789,-6.091028213500977,0.00045537366531789303
97.03,1880,182464,254,-18.21175645,716,0.03,10778,-6.35554838180542,0.001,0.0037601105868816376,-1.6414018869400024,0.00044970502494834363
96.04,1884,182480,254,-18.000160610000002,716,0.04,10779,-6.418463230133057,0.001,0.00619779247790575,-1.3946990966796875,0.00044955729390494525
96.04,1888,182912,255,-18.095399519999997,716,0.04,10806,-6.3648457527160645,0.001,0.004996498581022024,5.1193037033081055,0.0004485983808990568
95.05,1892,183296,255,-18.112799869999996,716,0.05,10830,-6.3305840492248535,0.001,0.16139110922813416,-2.6216201782226562,0.00045521475840359926
94.06,1896,183968,256,-18.143462439999997,716,0.06,10872,-6.3717851638793945,0.001,0.0043388307094573975,8.548012733459473,0.0004604946298059076
94.06,1900,184064,256,-18.23548722,716,0.06,10878,-6.420158386230469,0.001,0.003459480358287692,-0.4012886881828308,0.0004625176079571247
94.06,1904,184176,257,-18.37557697,716,0.06,10885,-6.312491416931152,0.001,0.004550138022750616,1.4382452964782715,0.0004644266446121037
94.06,1908,184768,257,-18.47622156,716,0.06,10922,-6.353757858276367,0.001,0.004513937048614025,1.0117383003234863,0.00046863913303241134
93.07,1912,185296,258,-18.48392148,716,0.07,10955,-6.319704055786133,0.001,0.0015880765859037638,-0.10451555252075195,0.0004670933121815324
94.06,1916,185664,259,-19.501844039999998,716,0.06,10978,-6.388739585876465,0.001,0.01460327673703432,-1.1239694356918335,0.0004655559023376554
95.05,1920,185680,259,-19.79474703,716,0.05,10979,-6.314096450805664,0.001,0.007820110768079758,3.8561487197875977,0.00046553215361200273
95.05,1924,186144,259,-19.433138519999996,716,0.05,11008,-6.289885520935059,0.001,0.0036128845531493425,1.3529236316680908,0.0004659609985537827
95.05,1928,186896,260,-19.248678329999997,716,0.05,11055,-6.293768882751465,0.001,0.004570072516798973,13.246973037719727,0.000474584725452587
95.05,1932,187264,261,-19.40101406,716,0.05,11078,-6.313023567199707,0.001,0.0034867010544985533,-4.228164196014404,0.0004814348940271884
95.05,1936,187280,261,-19.46410631,716,0.05,11079,-6.211642265319824,0.001,0.0021639233455061913,-1.9699115753173828,0.00048135247197933495
95.05,1940,187744,262,-19.60029995,716,0.05,11108,-6.299173355102539,0.001,0.0042686983942985535,-7.674930572509766,0.0004758350842166692
95.05,1944,188496,263,-19.681112149999997,716,0.05,11155,-6.308972358703613,0.001,0.0030002514831721783,2.3661208152770996,0.00048230207175947726
95.05,1948,188864,263,-19.63518369,715,0.05,11178,-6.2119340896606445,0.001,0.10968554019927979,4.489292144775391,0.00048686491209082305
95.05,1952,188880,263,-19.54762319,715,0.05,11179,-6.161861419677734,0.001,0.009280899539589882,0.039582908153533936,0.00048694267752580345
95.05,1956,189344,264,-19.99110896,715,0.05,11208,-6.175243377685547,0.001,0.011379583738744259,16.585773468017578,0.0004958019708283246
95.05,1960,190096,265,-19.72052318,715,0.05,11255,-6.202214241027832,0.001,0.00492866151034832,7.020495414733887,0.0005152371595613658
95.05,1964,190464,266,-19.98313061,715,0.05,11278,-6.2683868408203125,0.001,0.009312113747000694,-9.199771881103516,0.0005197955179028213
96.04,1968,190480,266,-20.110713399999998,715,0.04,11279,-6.184338569641113,0.001,0.0028954993467777967,-6.568370819091797,0.0005195350968278944
96.04,1972,190944,266,-19.94452994,715,0.04,11308,-6.132113933563232,0.001,0.009072921238839626,1.2845572233200073,0.0005120130954310298
96.04,1976,191696,268,-19.47916468,715,0.04,11355,-6.2602128982543945,0.001,0.009082778356969357,-2.5178725719451904,0.0005084308795630932
96.04,1980,192064,268,-19.83553697,715,0.04,11378,-6.139345169067383,0.001,0.16024018824100494,-0.29428553581237793,0.0005087534082122147
97.03,1984,192080,268,-19.891522620000003,715,0.03,11379,-6.156222343444824,0.001,0.15615227818489075,0.7293667793273926,0.0005087849567644298
97.03,1988,192544,269,-19.59141258,714,0.03,11408,-6.169838905334473,0.001,0.003752837423235178,6.988579273223877,0.0005167993949726224
98.02,1992,193296,270,-19.54971749,714,0.02,11455,-6.120584487915039,0.001,0.008636686950922012,-1.023468255996704,0.0005321397911757231
99.01,1996,193664,271,-19.6426789,714,0.01,11478,-6.209251880645752,0.001,0.002750515704974532,12.964176177978516,0.000539038039278239
99.01,2000,193680,271,-19.64500692,714,0.01,11479,-6.162967681884766,0.001,0.03334847837686539,12.66448974609375,0.0005397766944952309
98.02,2004,194128,271,-18.998904349999997,714,0.02,11507,-6.09471321105957,0.001,0.14584167301654816,-2.0232748985290527,0.0005516930832527578
98.02,2008,194816,272,-19.094183190000003,714,0.02,11550,-6.141353607177734,0.001,0.01196276769042015,-2.1125574111938477,0.0005557945114560425
99.01,2012,195232,273,-19.44699556,714,0.01,11576,-6.03804874420166,0.001,0.003973482176661491,6.5281500816345215,0.0005555599927902222
98.02,2016,195280,273,-18.16042942,714,0.02,11579,-6.2147111892700195,0.001,0.0028595353942364454,-2.856969118118286,0.0005563953891396523
97.03,2020,195376,273,-17.83934449,714,0.03,11585,-6.112768173217773,0.001,0.005110924132168293,-2.324923515319824,0.0005573398666456342
97.03,2024,195968,274,-18.109116559999997,713,0.03,11622,-6.11742639541626,0.001,0.0031043565832078457,-2.067074775695801,0.000549367512576282
97.03,2028,196768,275,-17.95896267,713,0.03,11672,-6.039899826049805,0.001,0.003463601227849722,-6.897544860839844,0.0005306683597154915
97.03,2032,196864,275,-17.63530136,713,0.03,11678,-6.07829475402832,0.001,0.0036028132308274508,-10.859365463256836,0.000527106923982501
97.03,2036,196976,276,-17.416670160000002,713,0.03,11685,-6.1123552322387695,0.001,0.0066045853309333324,-3.734905481338501,0.0005227884976193309
97.03,2040,197568,276,-17.20543237,713,0.03,11722,-6.015972137451172,0.001,0.003868554951623082,3.8814854621887207,0.0005195689736865461
97.03,2044,198368,278,-17.144701549999997,713,0.03,11772,-5.984026908874512,0.001,0.003291400382295251,-4.561295986175537,0.0005209289374761283
97.03,2048,198464,278,-16.905558439999997,713,0.03,11778,-5.987327575683594,0.001,0.002781379735097289,-1.9979617595672607,0.0005195866106078029
96.04,2052,198528,278,-17.03308626,713,0.04,11782,-5.992733001708984,0.001,0.003572840942069888,0.464627742767334,0.0005189811927266419
96.04,2056,198944,278,-16.88224949,713,0.04,11808,-6.086721897125244,0.001,0.003299647243693471,-5.717123508453369,0.0005132793448865414
96.04,2060,199696,280,-17.5406407,712,0.04,11855,-5.921736717224121,0.001,0.012853600084781647,0.3754594326019287,0.0005113106453791261
96.04,2064,200064,280,-17.160265749999997,712,0.04,11878,-5.969249725341797,0.001,0.022093288600444794,-2.3621232509613037,0.0005131679936312139
95.05,2068,200096,280,-17.039738439999997,712,0.05,11880,-6.074976921081543,0.001,0.0036110631190240383,-1.7318984270095825,0.0005131728830747306
95.05,2072,200528,281,-17.464643239999997,712,0.05,11907,-5.958056449890137,0.001,0.004124053753912449,-5.695376396179199,0.0005093741347081959
94.06,2076,200912,281,-17.651638320000004,712,0.06,11931,-6.012090682983398,0.001,0.011413639411330223,2.7771246433258057,0.0005011203465983272
93.07,2080,201584,282,-17.18691494,712,0.07,11973,-5.9341888427734375,0.001,0.004663906060159206,-3.713505268096924,0.0005098883411847055
93.07,2084,201664,282,-17.02004527,712,0.07,11978,-5.985899925231934,0.001,0.005248184781521559,-2.1773595809936523,0.0005109163466840982
93.07,2088,201776,283,-17.33632085,712,0.07,11985,-5.895022869110107,0.001,0.1400124728679657,1.6766178607940674,0.0005111573846079409
92.08,2092,202144,283,-17.25241741,712,0.08,12008,-5.893521308898926,0.001,0.00508582778275013,-0.06275784969329834,0.0005181829328648746
92.08,2096,202896,284,-17.13948371,712,0.08,12055,-5.9075775146484375,0.001,0.013506434857845306,-2.487374782562256,0.0005092720966786146
93.07,2100,203264,285,-17.547312770000005,712,0.07,12078,-5.985605716705322,0.001,0.0017501097172498703,-7.1712493896484375,0.0005054135108366609
93.07,2104,203328,285,-17.695342819999997,712,0.07,12082,-5.944174766540527,0.001,0.13702362775802612,-6.682403564453125,0.0005042428965680301
92.08,2108,203744,286,-17.894071,712,0.08,12108,-5.881956577301025,0.001,0.013443662784993649,-1.970007061958313,0.0004936924087814987
92.08,2112,204416,287,-17.91126199,711,0.08,12150,-5.9097394943237305,0.001,0.0034592801239341497,-0.312957763671875,0.0004856679879594594
93.07,2116,204848,287,-18.000961860000004,711,0.07,12177,-5.918466567993164,0.001,0.005264792125672102,1.0267713069915771,0.000480904447613284
94.06,2120,204896,287,-18.4448377,711,0.06,12180,-5.867946147918701,0.001,0.010527443140745163,-1.3950600624084473,0.0004808620142284781
94.06,2124,205344,288,-18.492302109999997,711,0.06,12208,-5.8914594650268555,0.001,0.006545146927237511,-0.6889669895172119,0.00047942076344043016
94.06,2128,206016,289,-18.79244984,711,0.06,12250,-5.8730010986328125,0.001,0.0032468452118337154,11.667776107788086,0.00048417909420095384
94.06,2132,206448,290,-18.983274940000005,711,0.06,12277,-5.764561176300049,0.001,0.1955099105834961,9.658689498901367,0.000505602452903986
94.06,2136,206496,290,-19.250684290000006,711,0.06,12280,-5.8834943771362305,0.001,0.004508289974182844,2.3779959678649902,0.0005077205714769661
94.06,2140,206944,291,-19.602838099999996,710,0.06,12308,-5.877805233001709,0.001,0.00923948921263218,19.40150260925293,0.0005222695181146264
94.06,2144,207616,291,-19.74230102,711,0.06,12350,-5.915146827697754,0.001,0.007368152495473623,5.885200500488281,0.0005508573958650231
94.06,2148,208048,292,-20.10377134,711,0.06,12377,-5.869267463684082,0.001,0.0034018740989267826,1.4084912538528442,0.0005588583298958838
95.05,2152,208096,292,-20.24663201,711,0.05,12380,-5.812709808349609,0.001,0.003048310521990061,-0.4718198776245117,0.000559208623599261
95.05,2156,208544,293,-20.22440204,711,0.05,12408,-5.760659694671631,0.001,0.008977655321359634,0.17692065238952637,0.0005686786025762558
95.05,2160,209216,294,-19.98553818,711,0.05,12450,-5.783286094665527,0.001,0.004205077886581421,-8.806734085083008,0.0005614795372821391
94.06,2164,209632,294,-20.00809797,711,0.06,12476,-5.853359222412109,0.001,0.013376021757721901,-4.177700996398926,0.000546662078704685
95.05,2168,209680,294,-20.13779559,711,0.05,12479,-5.814025402069092,0.001,0.004885719623416662,-7.775074005126953,0.0005451848264783621
95.05,2172,209920,295,-19.706548750000003,710,0.05,12494,-5.874831676483154,0.001,0.006563284434378147,-11.664920806884766,0.0005373560707084835
96.04,2176,210512,296,-19.834229269999998,710,0.04,12531,-5.77189826965332,0.001,0.005176042206585407,-3.0357401371002197,0.0005288892425596714
96.04,2180,211200,297,-19.91621116,710,0.04,12574,-5.7523674964904785,0.001,0.011749709025025368,-8.566524505615234,0.0005224765045568347
96.04,2184,211264,297,-20.76767086,710,0.04,12578,-5.803391456604004,0.001,0.027846790850162506,-9.880149841308594,0.0005205969209782779
96.04,2188,211392,297,-20.9772557,710,0.04,12586,-5.783211708068848,0.001,0.005101659335196018,-4.717992305755615,0.0005162894958630204
97.03,2192,211984,298,-21.338167210000005,710,0.03,12623,-5.780695915222168,0.001,0.14783525466918945,2.5664258003234863,0.000504489871673286
97.03,2196,212800,299,-21.407160340000004,710,0.03,12674,-5.771910667419434,0.001,0.06675055623054504,-2.7044074535369873,0.0004954824107699096
97.03,2200,212864,299,-21.466000770000004,710,0.03,12678,-5.716100692749023,0.001,0.01820904016494751,3.177157402038574,0.0004944434622302651
97.03,2204,212992,299,-21.408007959999996,710,0.03,12686,-5.7050251960754395,0.001,0.004472815431654453,-5.384300708770752,0.0004920853534713387
97.03,2208,213584,300,-21.043748339999997,710,0.03,12723,-5.693596363067627,0.001,0.007729475852102041,1.0096993446350098,0.0004836596781387925
98.02,2212,214400,301,-20.946021369999997,710,0.02,12774,-5.739278793334961,0.001,0.009497474879026413,-2.027456760406494,0.0004849138204008341
98.02,2216,214464,301,-21.13594239,710,0.02,12778,-5.743122100830078,0.001,0.008539346978068352,1.2141879796981812,0.0004848093376494944
98.02,2220,214592,302,-21.28550929,710,0.02,12786,-5.752438545227051,0.001,0.0021454191301018,-0.5124809741973877,0.0004850042751058936
98.02,2224,215184,303,-21.140869970000004,710,0.02,12823,-5.710174083709717,0.001,0.13676777482032776,-10.24283504486084,0.00048595014959573746
98.02,2228,216000,304,-21.05382273,710,0.02,12874,-5.709150314331055,0.001,0.019599396735429764,-0.715613842010498,0.00046846820623613894
98.02,2232,216064,304,-20.851600859999994,710,0.02,12878,-5.7276105880737305,0.001,0.032259948551654816,1.888358235359192,0.00046836951514706016
98.02,2236,216192,304,-20.701772599999998,710,0.02,12886,-5.701329231262207,0.001,0.006030181888490915,-3.8006014823913574,0.0004679136909544468
98.02,2240,216784,305,-20.50236906,710,0.02,12923,-5.671036720275879,0.001,0.11891621351242065,-7.815697193145752,0.0004680863639805466
98.02,2244,217600,306,-20.42454847,710,0.02,12974,-5.669455528259277,0.001,0.01651008427143097,-6.818820476531982,0.00045760851935483515
98.02,2248,217664,306,-20.15321904,709,0.02,12978,-5.682273864746094,0.001,0.0064071426168084145,-4.349169731140137,0.00045722725917585194
98.02,2252,217792,306,-20.45581739,710,0.02,12986,-5.605915546417236,0.001,0.003501270664855838,-10.67562198638916,0.0004541580274235457
98.02,2256,218384,307,-20.54687496,710,0.02,13023,-5.679792404174805,0.001,0.0016409301897510886,-9.858782768249512,0.00043050802196376026
98.02,2260,219200,308,-20.442937779999998,709,0.02,13074,-5.655049800872803,0.001,0.0025077546015381813,2.5978384017944336,0.00041356016299687326
98.02,2264,219264,308,-20.431141849999996,709,0.02,13078,-5.608654975891113,0.001,0.0043657803907990456,-3.770447015762329,0.0004129163862671703
98.02,2268,219328,308,-20.50572349,709,0.02,13082,-5.6283159255981445,0.001,0.12019262462854385,-5.237478256225586,0.0004122911486774683
98.02,2272,219744,309,-20.632831420000002,709,0.02,13108,-5.671509265899658,0.001,0.005657141096889973,-0.7541048526763916,0.0004128512227907777
98.02,2276,220496,310,-20.63795428,709,0.02,13155,-5.634716033935547,0.001,0.003940046764910221,-11.183944702148438,0.000395293056499213
99.01,2280,220864,311,-20.4614536,709,0.01,13178,-5.6400604248046875,0.001,0.0022555580362677574,-0.7105364799499512,0.0003849877684842795
99.01,2284,220928,311,-19.72887882,709,0.01,13182,-5.506989002227783,0.001,0.12840330600738525,6.698418140411377,0.0003845219616778195
99.01,2288,221344,312,-19.472930610000002,709,0.01,13208,-5.586698055267334,0.001,0.0030695449095219374,3.4043076038360596,0.0003896160051226616
99.01,2292,222096,313,-19.31691648,709,0.01,13255,-5.576910495758057,0.001,0.003984901122748852,-6.683402061462402,0.00038200925337150693
97.1,2296,222432,313,-18.77112543,709,0.03,13276,-5.510514736175537,0.001,0.12082169950008392,-6.814540863037109,0.0003720864770002663
97.1,2300,222480,313,-18.59110192,709,0.03,13279,-5.583410739898682,0.001,0.004264002200216055,-6.9919657707214355,0.00037066201912239194
97.1,2304,222720,314,-18.69976508,709,0.03,13294,-5.530681610107422,0.001,0.00207363348454237,7.54986047744751,0.00036773717147298157
97.1,2308,223312,314,-18.478678799999997,709,0.03,13331,-5.503060817718506,0.001,0.002940099686384201,-1.1392230987548828,0.00037877989234402776
96.11,2312,224000,315,-18.548029409999998,709,0.04,13374,-5.4550700187683105,0.001,0.0028584985993802547,5.819047927856445,0.00038358671008609235
96.11,2316,224064,315,-18.52386524,709,0.04,13378,-5.512597560882568,0.001,0.005206751171499491,2.126258611679077,0.0003840834542643279
96.11,2320,224192,316,-18.35237927,709,0.04,13386,-5.539947986602783,0.001,0.004191810730844736,0.08866357803344727,0.00038464556564576924
96.11,2324,224784,317,-18.1657316,709,0.04,13423,-5.500886917114258,0.001,0.003147832117974758,2.2954115867614746,0.0003935798304155469
95.12,2328,225360,317,-17.81471485,709,0.05,13459,-5.5227952003479,0.001,0.014804217964410782,4.458624839782715,0.0004001765919383615
95.12,2332,225664,318,-17.67458401,708,0.05,13478,-5.445833683013916,0.001,0.13119767606258392,12.601947784423828,0.00041024552774615586
95.12,2336,225728,318,-17.63668495,708,0.05,13482,-5.554800987243652,0.001,0.005859976168721914,8.640785217285156,0.00041344575583934784
95.12,2340,226144,319,-17.774739519999997,708,0.05,13508,-5.434572219848633,0.001,0.004068045876920223,-2.412863254547119,0.00042009420576505363
94.13,2344,226944,320,-17.52689457,708,0.06,13558,-5.461174964904785,0.001,0.0021110731177031994,-1.2162327766418457,0.00040979543700814247
94.13,2348,227264,320,-17.36875434,708,0.06,13578,-5.488690376281738,0.001,0.007279427722096443,-2.8351705074310303,0.0004063313826918602
94.13,2352,227296,320,-17.355953279999998,708,0.06,13580,-5.4687347412109375,0.001,0.005193291697651148,-3.9213106632232666,0.00040599668864160776
94.13,2356,227744,321,-17.238609220000004,708,0.06,13608,-5.37516450881958,0.001,0.00799410417675972,-6.0959696769714355,0.0003986708470620215
94.13,2360,228544,322,-17.14602086,708,0.06,13658,-5.435691833496094,0.001,0.0020934445783495903,0.17565667629241943,0.0003854804381262511
95.12,2364,228864,323,-17.31079983,708,0.05,13678,-5.403074741363525,0.001,0.0038029691204428673,4.568919658660889,0.00039008556632325053
95.12,2368,228896,323,-17.10837382,708,0.05,13680,-5.483004570007324,0.001,0.0034249599557369947,1.617799997329712,0.0003903804754372686
95.12,2372,229344,323,-17.157644790000003,708,0.05,13708,-5.398991584777832,0.001,0.10716487467288971,1.2010278701782227,0.00038718964788131416
95.12,2376,230144,325,-17.07615968,707,0.05,13758,-5.392200469970703,0.001,0.0017911817412823439,-4.652498245239258,0.00037525201332755387
95.12,2380,230464,325,-17.163151690000003,707,0.05,13778,-5.360289573669434,0.001,0.011201135814189911,3.1996846199035645,0.0003719317901413888
95.12,2384,230496,325,-17.239599440000003,707,0.05,13780,-5.4623565673828125,0.001,0.005219400394707918,4.296792984008789,0.00037209218135103583
94.13,2388,230736,326,-17.10498081,707,0.06,13795,-5.4249773025512695,0.001,0.0051880283281207085,13.681882858276367,0.00037673398037441075
94.13,2392,231312,327,-17.168932089999995,707,0.06,13831,-5.389919757843018,0.001,0.005345625802874565,0.5373325347900391,0.00040528702083975077
95.05,2396,232000,328,-17.42859365,707,0.05,13874,-5.382180690765381,0.001,0.0019122966332361102,-1.7603328227996826,0.00041921454248949885
95.05,2400,232064,328,-17.622438329999998,707,0.05,13878,-5.371735095977783,0.001,0.004541775211691856,-1.114217758178711,0.0004194356733933091
95.05,2404,232192,328,-17.55936103,706,0.05,13886,-5.373774528503418,0.001,0.0051001617684960365,-6.182814598083496,0.00041919134673662484
94.06,2408,232576,328,-17.25450534,706,0.06,13910,-5.300271987915039,0.001,0.02818988636136055,-1.7420670986175537,0.0004166642320342362
95.05,2412,233360,330,-17.28341763,706,0.05,13959,-5.217817783355713,0.001,0.12208665907382965,-11.553712844848633,0.0004075044998899102
95.05,2416,233664,330,-17.27844152,706,0.05,13978,-5.354626655578613,0.001,0.0030083232559263706,-2.711958408355713,0.0003977345477323979
95.05,2420,233728,330,-17.305843380000002,706,0.05,13982,-5.299196243286133,0.001,0.009369908832013607,-1.7390861511230469,0.00039612178807146847
95.05,2424,234176,331,-17.47228192,706,0.05,14010,-5.365385055541992,0.001,0.0013980455696582794,-9.147784233093262,0.0003870702057611197
96.04,2428,234960,332,-17.676971849999997,706,0.04,14059,-5.306952476501465,0.001,0.0028565414249897003,-8.928590774536133,0.0003695838386192918
96.04,2432,235264,333,-18.016162889999997,706,0.04,14078,-5.321700096130371,0.001,0.0016536653274670243,-5.867717742919922,0.00036338099744170904
95.05,2436,235296,333,-18.01269748,706,0.05,14080,-5.286076545715332,0.001,0.0031990858260542154,-0.2977597713470459,0.00036289996933192015
95.05,2440,235744,333,-17.80470966,706,0.05,14108,-5.348949432373047,0.001,0.0035233651287853718,1.2025178670883179,0.0003607283579185605
96.04,2444,236560,335,-17.913445279999998,706,0.04,14159,-5.255846977233887,0.001,0.0015423713484779,9.959171295166016,0.0003713078622240573
96.04,2448,236864,335,-17.95106332,706,0.04,14178,-5.208968639373779,0.001,0.006839359179139137,-5.964594841003418,0.000377723656129092
96.04,2452,236896,335,-18.034857220000003,706,0.04,14180,-5.318865776062012,0.001,0.004966451320797205,-5.137700080871582,0.00037765936576761305
95.05,2456,237152,335,-18.00397014,706,0.05,14196,-5.312244415283203,0.001,0.0031069060787558556,-3.941708564758301,0.00037620673538185656
95.05,2460,237712,336,-18.21546574,705,0.05,14231,-5.221555709838867,0.001,0.002737168688327074,-11.317916870117188,0.00037452104152180254
94.06,2464,238400,337,-18.07913039,705,0.06,14274,-5.201107025146484,0.001,0.004369302652776241,-4.538166522979736,0.00036362692480906844
94.06,2468,238480,337,-18.13591126,705,0.06,14279,-5.184741973876953,0.001,0.0036887750029563904,-5.819695472717285,0.00036298527265898883
94.06,2472,238592,338,-18.39372397,705,0.06,14286,-5.2767462730407715,0.001,0.018068578094244003,-1.5971488952636719,0.00036203558556735516
93.07,2476,238976,338,-18.349975200000003,705,0.07,14310,-5.28120231628418,0.001,0.005885530263185501,-5.358331203460693,0.0003582840145099908
93.07,2480,239776,339,-18.607773950000002,705,0.07,14360,-5.206472396850586,0.001,0.00367225450463593,-1.1102838516235352,0.00034481295733712614
93.07,2484,240064,340,-18.765819370000003,705,0.07,14378,-5.211421012878418,0.001,0.00696221087127924,-7.639681816101074,0.0003398401022423059
94.06,2488,240128,340,-19.01571799,705,0.06,14382,-5.175575256347656,0.001,0.010384326800704002,-6.85288667678833,0.00033821898978203535
94.06,2492,240576,340,-19.13836346,705,0.06,14410,-5.242030620574951,0.001,0.0037269066087901592,-1.7062580585479736,0.0003289058222435415
93.07,2496,240912,341,-18.89002982,705,0.07,14431,-5.147604942321777,0.001,0.004760162439197302,6.718822956085205,0.0003277679206803441
92.08,2500,241600,342,-18.904601720000002,705,0.08,14474,-5.143065452575684,0.001,0.22551167011260986,3.850525379180908,0.00033107251510955393
92.08,2504,241680,342,-18.698514810000002,705,0.08,14479,-5.2316179275512695,0.001,0.004005261696875095,-0.10550153255462646,0.0003312316839583218
93.07,2508,241792,342,-19.662836280000004,705,0.07,14486,-5.217953681945801,0.001,0.0054635098204016685,1.6552531719207764,0.0003312740009278059
93.07,2512,242416,343,-19.52651846,705,0.07,14525,-5.19832706451416,0.001,0.0036699878983199596,4.772854328155518,0.0003448003262747079
92.08,2516,242976,344,-19.568018570000003,705,0.08,14560,-5.064430236816406,0.001,0.0034123086370527744,0.9280509948730469,0.0003521272155921906
91.09,2520,243264,345,-19.37731532,704,0.09,14578,-5.1737895011901855,0.001,0.004387896507978439,-1.714001178741455,0.0003538409946486354
91.09,2524,243296,345,-19.210281870000003,704,0.09,14580,-5.190756320953369,0.001,0.0029264308977872133,-2.3521595001220703,0.0003540041798260063
91.09,2528,243760,345,-19.53050341,704,0.09,14609,-5.051308631896973,0.001,0.0034809091594070196,3.059325695037842,0.0003531408146955073
91.09,2532,244560,347,-19.751510080000003,704,0.09,14659,-4.997928619384766,0.001,0.04295104742050171,11.035257339477539,0.00035714270779863
92.08,2536,244864,347,-19.882213090000004,704,0.08,14678,-5.097783088684082,0.001,0.0014640877489000559,-8.066872596740723,0.00036211396218277514
92.08,2540,244896,347,-20.003500550000002,704,0.08,14680,-5.1589860916137695,0.001,0.004354182165116072,-4.685181140899658,0.00036201055627316236
92.08,2544,245360,348,-20.06703638,704,0.08,14709,-5.10762882232666,0.001,0.003540554316714406,1.0945600271224976,0.0003554644645191729
92.08,2548,246160,349,-19.9067276,703,0.08,14759,-5.105096817016602,0.001,0.025428244844079018,-8.249713897705078,0.0003436985134612769
92.08,2552,246464,350,-19.73026038,703,0.08,14778,-5.160124778747559,0.001,0.004419439472258091,6.541450023651123,0.0003357412351761013
93.07,2556,246496,350,-19.76219653,703,0.07,14780,-5.109655857086182,0.001,0.11398548632860184,-3.090100049972534,0.00033550531952641904
93.07,2560,246960,350,-19.51076218,703,0.07,14809,-5.025484085083008,0.001,0.007009254768490791,7.909553527832031,0.00034000480081886053
94.06,2564,247760,352,-19.60841585,703,0.06,14859,-5.034233093261719,0.001,0.0025259931571781635,0.6994891166687012,0.000342812214512378
94.06,2568,248064,352,-19.498916970000003,703,0.06,14878,-5.056187629699707,0.001,0.002790015423670411,-5.606167793273926,0.00034031362156383693
93.07,2572,248080,352,-18.74294219,703,0.07,14879,-5.043680191040039,0.001,0.006012661848217249,-4.936962604522705,0.00034010550007224083
94.06,2576,248352,353,-18.71101136,703,0.06,14896,-5.095743179321289,0.001,0.005836250260472298,-4.523097991943359,0.0003360343398526311
94.06,2580,248944,353,-18.296786509999997,703,0.06,14933,-5.0591020584106445,0.001,0.00723029300570488,10.157918930053711,0.0003438919666223228
94.06,2584,249632,354,-17.992547920000003,703,0.06,14976,-5.028245449066162,0.001,0.01173876691609621,0.6586692929267883,0.00036346519482322037
94.06,2588,249680,355,-18.221227759999998,703,0.06,14979,-5.05986213684082,0.001,0.0027018680702894926,-1.9117366075515747,0.00036463694414123893
93.07,2592,249808,355,-18.10502485,703,0.07,14987,-4.975345611572266,0.001,0.009778160601854324,-1.9601298570632935,0.0003665287222247571
95.05,2596,250416,356,-18.54871022,702,0.05,15025,-5.031063556671143,0.001,0.0041021485812962055,2.2621536254882812,0.00036376272328197956
96.04,2600,251216,357,-18.44919327,702,0.04,15075,-4.982844352722168,0.001,0.003150742035359144,-9.786684036254883,0.00037119866465218365
96.04,2604,251280,357,-18.838435209999997,702,0.04,15079,-4.971969127655029,0.001,0.011479811742901802,-9.020984649658203,0.0003700453380588442
96.04,2608,251408,357,-18.507507770000004,702,0.04,15087,-5.038001537322998,0.001,0.05134754627943039,0.029508352279663086,0.00036733687738887966
96.04,2612,252016,358,-18.935848280000002,702,0.04,15125,-4.944110870361328,0.001,0.014825411140918732,-4.721251487731934,0.0003586132370401174
96.04,2616,252576,359,-18.689416460000004,702,0.04,15160,-4.966269016265869,0.001,0.0014758957549929619,-8.45529842376709,0.00035471218870952725
97.03,2620,252880,360,-19.11083366,702,0.03,15179,-4.980840682983398,0.001,0.0331643745303154,5.5583906173706055,0.0003516194992698729
97.03,2624,252928,360,-19.023127860000002,702,0.03,15182,-4.880403518676758,0.001,0.005663944408297539,1.0349030494689941,0.0003515150456223637
97.03,2628,253376,360,-18.933175639999998,702,0.03,15210,-4.962482929229736,0.001,0.010258372873067856,-1.2293305397033691,0.0003471495001576841
97.03,2632,254176,362,-18.86366042,701,0.03,15260,-4.932860851287842,0.001,0.008175021037459373,2.1740670204162598,0.0003401522117201239
97.03,2636,254480,362,-18.57005799,701,0.03,15279,-4.978391170501709,0.001,0.007544111926108599,3.87026047706604,0.00034343707375228405
97.03,2640,254528,362,-18.538829680000003,702,0.03,15282,-4.9600019454956055,0.001,0.07145887613296509,13.820035934448242,0.00034463987685739994
97.03,2644,254976,363,-18.388879819999996,702,0.03,15310,-4.963796615600586,0.001,0.006859141867607832,3.2533702850341797,0.00035785461659543216
97.03,2648,255776,364,-18.54562523,702,0.03,15360,-4.89771842956543,0.001,0.0031447368673980236,-11.004644393920898,0.0003511158574838191
97.03,2652,256080,364,-18.6618486,701,0.03,15379,-4.949724197387695,0.001,0.0022525074891746044,-6.880584239959717,0.0003420235589146614
96.04,2656,256096,364,-18.4744666,701,0.04,15380,-4.979240894317627,0.001,0.006304946728050709,-4.084236145019531,0.0003415844985283911
95.05,2660,256368,365,-18.484423120000002,701,0.05,15397,-4.854963302612305,0.001,0.021508924663066864,-0.20330047607421875,0.0003362010174896568
95.05,2664,256944,366,-18.68752659,701,0.05,15433,-4.906485557556152,0.001,0.1166079118847847,4.195808410644531,0.00033016319503076375
95.05,2668,257632,367,-18.81290705,701,0.05,15476,-4.903451919555664,0.001,0.003675915766507387,1.2454960346221924,0.00033329485449939966
96.04,2672,257696,367,-19.36758515,701,0.04,15480,-4.902700424194336,0.001,0.003397442167624831,3.0918257236480713,0.00033380856621079147
96.04,2676,257968,367,-19.32077017,701,0.04,15497,-4.937098026275635,0.001,0.0017996253445744514,3.407627582550049,0.000335508055286482
96.04,2680,258544,368,-19.59363155,701,0.04,15533,-4.897307395935059,0.001,0.000866307585965842,2.4351274967193604,0.00033591801184229553
96.04,2684,259232,369,-19.730637549999997,701,0.04,15576,-4.854128360748291,0.001,0.003900824813172221,4.135068893432617,0.00033377643558196723
96.04,2688,259296,369,-19.60365333,701,0.04,15580,-4.905261993408203,0.001,0.002188383135944605,2.5489180088043213,0.00033394453930668533
97.03,2692,259568,369,-19.39538248,701,0.03,15597,-4.895775318145752,0.001,0.0019896402955055237,1.8060510158538818,0.00033387733856216073
97.03,2696,260144,370,-19.45595472,701,0.03,15633,-4.910477161407471,0.001,0.0033925368916243315,-9.411188125610352,0.0003323651326354593
97.03,2700,260832,371,-19.284604339999998,702,0.03,15676,-4.888749122619629,0.001,0.10480748116970062,-2.9073641300201416,0.0003220345824956894
97.03,2704,260896,371,-19.197224040000002,702,0.03,15680,-4.842100143432617,0.001,0.0033235005103051662,-9.23558235168457,0.00032099790405482054
97.03,2708,261168,371,-18.95740015,702,0.03,15697,-4.8858208656311035,0.001,0.10344888269901276,0.11082077026367188,0.00031650144956074655
97.03,2712,261744,372,-18.264272520000006,702,0.03,15733,-4.809250831604004,0.001,0.002128048101440072,-0.6436808109283447,0.000314406119287014
98.02,2716,262432,373,-18.742926020000002,702,0.02,15776,-4.796950817108154,0.001,0.00451711006462574,2.0782086849212646,0.0003105938376393169
98.02,2720,262496,373,-18.452615950000002,702,0.02,15780,-4.73884391784668,0.001,0.0014478261582553387,-1.1890411376953125,0.0003099733148701489
98.02,2724,262768,373,-18.810174110000002,702,0.02,15797,-4.805606842041016,0.001,0.018194563686847687,0.9505119323730469,0.0003088166704401374
98.02,2728,263344,374,-18.555097320000005,702,0.02,15833,-4.81421422958374,0.001,0.0338224321603775,3.6957309246063232,0.0003165920206811279
98.02,2732,264032,375,-18.396718540000006,703,0.02,15876,-4.844367980957031,0.001,0.002032363321632147,5.930282115936279,0.00033284665551036596
98.02,2736,264096,375,-18.55666883,703,0.02,15880,-4.776464939117432,0.001,0.0031711433548480272,3.0656275749206543,0.0003352016501594335
98.02,2740,264368,375,-18.463150419999998,703,0.02,15897,-4.724148273468018,0.001,0.018782462924718857,10.190298080444336,0.00034295659861527383
98.02,2744,264944,376,-18.62575632,703,0.02,15933,-4.746119976043701,0.001,0.010189453139901161,2.7413175106048584,0.0003536395961418748
98.02,2748,265632,377,-18.577871960000003,702,0.02,15976,-4.760279655456543,0.001,0.006380927748978138,6.658450126647949,0.0003541524347383529
97.03,2752,265680,377,-18.56465062,702,0.03,15979,-4.695158958435059,0.001,0.05716254562139511,7.932364463806152,0.00035475142067298293
98.02,2756,265808,378,-18.90060299,703,0.02,15987,-4.774335861206055,0.001,0.002505975542590022,2.799299716949463,0.00035688531352207065
99.01,2760,266416,378,-19.15950701,703,0.01,16025,-4.727461338043213,0.001,0.01841825246810913,11.811460494995117,0.0003675627231132239
99.01,2764,267216,380,-18.92543321,702,0.01,16075,-4.762537002563477,0.001,0.002941227052360773,3.2676875591278076,0.0003807295870501548
99.01,2768,267280,380,-18.7456671,702,0.01,16079,-4.689072608947754,0.001,0.09953513741493225,1.4431527853012085,0.0003814069787040353
99.01,2772,267408,380,-18.75185723,702,0.01,16087,-4.757646560668945,0.001,0.01216495968401432,5.932438850402832,0.00038278239662759006
98.02,2776,267776,380,-18.82629153,702,0.02,16110,-4.7240471839904785,0.001,0.0015196050517261028,7.7638092041015625,0.00039265528903342783
98.02,2780,268576,381,-18.84316778,703,0.02,16160,-4.60964298248291,0.001,0.005176246166229248,10.630630493164062,0.00041562601109035313
98.02,2784,268880,382,-18.76729983,703,0.02,16179,-4.737479209899902,0.001,0.007321981713175774,-0.6725989580154419,0.00042244489304721355
98.02,2788,268928,382,-18.974728889999998,703,0.02,16182,-4.653738975524902,0.001,0.002509964630007744,-2.033134937286377,0.000422836426878348
98.02,2792,269376,383,-18.88000809,703,0.02,16210,-4.618660926818848,0.001,0.007795100100338459,13.568340301513672,0.000427293503889814
98.02,2796,270176,384,-18.79618971,703,0.02,16260,-4.731002330780029,0.001,0.00620383583009243,6.878049373626709,0.00045697548193857074
98.02,2800,270480,384,-18.84524784,703,0.02,16279,-4.721494197845459,0.001,0.0029467884451150894,11.526763916015625,0.0004642039129976183
98.02,2804,270528,384,-18.695423599999998,703,0.02,16282,-4.592238903045654,0.001,0.0016541522927582264,18.005168914794922,0.0004658372781705111
98.02,2808,270976,385,-18.800271139999996,703,0.02,16310,-4.683380603790283,0.001,0.0010117599740624428,-3.8964715003967285,0.0004774474073201418
97.03,2812,271776,386,-18.96801677,703,0.03,16360,-4.623941421508789,0.001,0.009336705319583416,11.081182479858398,0.00047255688696168363
97.03,2816,272080,386,-18.89820369,703,0.03,16379,-4.622591972351074,0.001,0.002571545774117112,13.95351505279541,0.0004907379625365138
97.03,2820,272096,386,-18.90528086,703,0.03,16380,-4.562484264373779,0.001,0.048565104603767395,19.300884246826172,0.00049194524763152
97.03,2824,272560,387,-18.68975284,703,0.03,16409,-4.643214702606201,0.001,0.01360624935477972,-3.9832003116607666,0.0005077238893136382
97.03,2828,273376,388,-18.95133114,703,0.03,16460,-4.55472469329834,0.001,0.0025040791369974613,-1.6044554710388184,0.00048391526797786355
97.03,2832,273680,388,-18.891910069999998,703,0.03,16479,-4.577082633972168,0.001,0.027637697756290436,-0.782808780670166,0.0004805325879715383
97.03,2836,273696,389,-18.70557952,703,0.03,16480,-4.617684364318848,0.001,0.0035574049688875675,-0.016698122024536133,0.0004803578194696456
97.03,2840,274160,389,-18.776471780000005,703,0.03,16509,-4.614391803741455,0.001,0.014364010654389858,-6.2226409912109375,0.0004778951988555491
97.03,2844,274976,390,-18.6343736,703,0.03,16560,-4.566073417663574,0.001,0.0309891439974308,3.429208517074585,0.0004545588162727654
97.03,2848,275280,391,-18.50866565,703,0.03,16579,-4.596745014190674,0.001,0.002873294521123171,-12.015578269958496,0.000450681138318032
97.03,2852,275296,391,-18.34420464,703,0.03,16580,-4.6048173904418945,0.001,0.0014809926506131887,-15.032270431518555,0.00045019463868811727
96.12,2856,275424,391,-18.173774760000004,703,0.04,16588,-4.565884590148926,0.001,0.0010098940692842007,-15.809599876403809,0.00044448362314142287
96.12,2860,276032,392,-17.85871208,704,0.04,16626,-4.550207138061523,0.001,0.004320419859141111,-10.728862762451172,0.00041139425593428314
96.12,2864,276816,393,-17.983239640000004,703,0.04,16675,-4.6464972496032715,0.001,0.0035150577314198017,-8.971476554870605,0.0003815983363892883
96.12,2868,276896,393,-17.89747167,703,0.04,16680,-4.553357124328613,0.001,0.001696465304121375,-9.610208511352539,0.0003788504982367158
94.14,2872,276944,393,-17.52495728,703,0.06,16683,-4.456971168518066,0.001,0.09631004929542542,-7.3845367431640625,0.0003773087228182703
95.13,2876,277360,394,-17.43910181,703,0.05,16709,-4.614992618560791,0.001,0.011965911835432053,4.655310153961182,0.0003702453104779124
95.13,2880,278176,395,-17.63597534,703,0.05,16760,-4.523601531982422,0.001,0.004390391521155834,-10.121578216552734,0.0003659058129414916
95.13,2884,278480,395,-17.69201013,703,0.05,16779,-4.510445594787598,0.001,0.011247389949858189,3.278524875640869,0.0003608802508097142
95.13,2888,278544,395,-17.66789102,703,0.05,16783,-4.5131378173828125,0.001,0.012883428484201431,1.5683704614639282,0.0003604209632612765
95.13,2892,278960,396,-17.63917399,704,0.05,16809,-4.541211128234863,0.001,0.000986495753750205,4.672574996948242,0.00036466564051806927
94.14,2896,279344,396,-17.38774419,704,0.06,16833,-4.540031433105469,0.001,0.00810183770954609,3.52480149269104,0.0003710139135364443
94.14,2900,280080,397,-17.38558484,704,0.06,16879,-4.5291643142700195,0.001,0.07636366784572601,6.732413291931152,0.00038790053804405034
94.14,2904,280112,397,-17.61936437,704,0.06,16881,-4.453370094299316,0.001,0.0046440549194812775,8.655792236328125,0.00038869280251674354
94.14,2908,280368,398,-17.290459679999998,704,0.06,16897,-4.514994144439697,0.001,0.0028025642968714237,1.2405016422271729,0.00039586101775057614
95.13,2912,280944,398,-17.583093140000003,704,0.05,16933,-4.483996391296387,0.001,0.0899200439453125,1.193990707397461,0.00039178901351988316
95.13,2916,281680,399,-17.5104175,704,0.05,16979,-4.462700843811035,0.001,0.010036977007985115,7.466344833374023,0.00038900654180906713
94.14,2920,281712,399,-17.2511077,704,0.06,16981,-4.466306686401367,0.001,0.0018926496850326657,1.8719745874404907,0.00038923940155655146
94.14,2924,281824,399,-17.07622834,704,0.06,16988,-4.451980113983154,0.001,0.00662545021623373,9.146026611328125,0.00039083961746655405
94.14,2928,282448,400,-17.071373180000002,704,0.06,17027,-4.516417503356934,0.001,0.0031324366573244333,3.8288121223449707,0.00040189630817621946
94.14,2932,283216,401,-17.27948336,704,0.06,17075,-4.473086357116699,0.001,0.0034759948030114174,1.7339882850646973,0.0004121724050492048
94.14,2936,283312,402,-17.65351915,704,0.06,17081,-4.442061424255371,0.001,0.022226985543966293,2.4415717124938965,0.0004125027044210583
94.14,2940,283424,402,-17.63269627,704,0.06,17088,-4.432454586029053,0.001,0.005857228301465511,0.9088692665100098,0.0004129703447688371
94.14,2944,284048,403,-17.525728870000002,704,0.06,17127,-4.463958740234375,0.001,0.04404471814632416,3.3939406871795654,0.0004129673761781305
94.14,2948,284816,404,-17.344548730000003,704,0.06,17175,-4.436176300048828,0.001,0.00330542353913188,16.690242767333984,0.00042854409548453987
95.13,2952,284912,404,-17.633380159999998,704,0.05,17181,-4.402029037475586,0.001,0.0015908133937045932,4.746918201446533,0.00043352346983738244
96.04,2956,285024,404,-18.0317592,704,0.04,17188,-4.364969253540039,0.001,0.002656870987266302,0.9662679433822632,0.00043796387035399675
95.05,2960,285376,405,-17.963294199999996,704,0.05,17210,-4.384023189544678,0.001,0.09480880200862885,-1.680230975151062,0.0004431887937244028
95.05,2964,286176,406,-18.016620539999998,704,0.05,17260,-4.398064136505127,0.001,0.02231859229505062,5.503711223602295,0.0004337693389970809
94.06,2968,286480,406,-17.914430680000002,704,0.06,17279,-4.345659255981445,0.001,0.010932281613349915,-0.21177005767822266,0.0004354184784460813
96.04,2972,286544,407,-18.121609,703,0.04,17283,-4.349045753479004,0.001,0.08819324523210526,1.1592553853988647,0.000435747264418751
96.04,2976,286960,407,-17.96732174,703,0.04,17309,-4.372655868530273,0.001,0.0814342200756073,-6.044273853302002,0.0004342633474152535
96.04,2980,287776,408,-17.374003159999997,703,0.04,17360,-4.399104118347168,0.001,0.009041008539497852,-2.7387406826019287,0.00042785884579643607
96.04,2984,288080,409,-17.41504773,703,0.04,17379,-4.407097816467285,0.001,0.0019222721457481384,-5.355766296386719,0.00042122832383029163
96.04,2988,288144,409,-17.44932189,703,0.04,17383,-4.357044219970703,0.001,0.0015993260312825441,-0.688700795173645,0.0004197692032903433
96.04,2992,288560,410,-17.53897641,703,0.04,17409,-4.369702339172363,0.001,0.008325166068971157,8.806760787963867,0.00041786659858189523
97.03,2996,289376,411,-17.96126144,703,0.03,17460,-4.331589221954346,0.001,0.0035082974936813116,1.9955596923828125,0.00041891858563758433
97.03,3000,289680,411,-18.10540393,703,0.03,17479,-4.350470066070557,0.001,0.00369604816660285,-3.853806495666504,0.0004233276704326272
97.03,3004,289744,411,-18.261827160000003,703,0.03,17483,-4.335732460021973,0.001,0.006558594293892384,-8.175368309020996,0.00042368954746052623
97.03,3008,290160,412,-18.25234208,703,0.03,17509,-4.378016471862793,0.001,0.013375874608755112,-5.766932487487793,0.00041557944496162236
97.03,3012,290976,413,-18.26004781,703,0.03,17560,-4.308599948883057,0.001,0.013720902614295483,17.076622009277344,0.0003969420213252306
97.03,3016,291280,414,-18.427466730000003,702,0.03,17579,-4.284656524658203,0.001,0.001749509247019887,-1.355659008026123,0.0004061684594489634
98.02,3020,291344,414,-18.63235616,702,0.02,17583,-4.352298259735107,0.001,0.00738692469894886,-6.108944892883301,0.0004068230336997658
98.02,3024,291760,415,-18.73715774,702,0.02,17609,-4.391419410705566,0.001,0.003400411456823349,-4.657526969909668,0.0004047841066494584
98.02,3028,292576,416,-18.542803000000003,702,0.02,17660,-4.342423439025879,0.001,0.0014102495042607188,-9.321524620056152,0.0003866105107590556
97.03,3032,292880,416,-18.155102799999998,702,0.03,17679,-4.3218584060668945,0.001,0.042710382491350174,-14.55056095123291,0.0003750723844859749
97.03,3036,292912,416,-18.217717120000003,702,0.03,17681,-4.325455665588379,0.001,0.0021022367291152477,-12.933562278747559,0.00037367266486398876
97.03,3040,293168,417,-18.05997139,702,0.03,17697,-4.244820594787598,0.001,0.033651456236839294,-6.391335964202881,0.00036303166416473687
97.03,3044,293744,418,-18.03817709,702,0.03,17733,-4.313733100891113,0.001,0.0013041479978710413,-5.428745269775391,0.00034644900006242096
97.03,3048,294480,419,-18.41949301,702,0.03,17779,-4.271919250488281,0.001,0.0056098466739058495,-6.50080680847168,0.000339980615535751
97.03,3052,294512,419,-18.629454550000002,702,0.03,17781,-4.271882057189941,0.001,0.0017000758089125156,-3.9690158367156982,0.00033955194521695375
97.03,3056,294768,419,-18.47808091,702,0.03,17797,-4.300708770751953,0.001,0.0026367343962192535,-5.42859411239624,0.0003353593056090176
97.03,3060,295264,420,-18.255865799999995,702,0.03,17828,-4.2611517906188965,0.001,0.07179507613182068,-3.649380683898926,0.0003268972795922309
97.03,3064,296016,421,-18.29576133,702,0.03,17875,-4.217834949493408,0.001,0.00473205279558897,-6.704595565795898,0.0003208714770153165
98.02,3068,296112,421,-18.55219427,702,0.02,17881,-4.3109259605407715,0.001,0.008985085412859917,-4.838089942932129,0.00031946023227646947
98.02,3072,296240,421,-18.98558489,702,0.02,17889,-4.246978759765625,0.001,0.0031668466981500387,-9.495841026306152,0.0003174793964717537
98.02,3076,296864,422,-19.41560286,701,0.02,17928,-4.293291091918945,0.001,0.016814664006233215,-4.575543403625488,0.00030783165129832923
98.02,3080,297616,424,-19.74551982,701,0.02,17975,-4.2506585121154785,0.001,0.08101462572813034,0.9862076044082642,0.00030135299311950803
98.02,3084,297712,424,-19.66812939,701,0.02,17981,-4.170169830322266,0.001,0.007123956456780434,0.9165687561035156,0.00030146882636472583
98.02,3088,297840,424,-19.63800642,701,0.02,17989,-4.186043739318848,0.001,0.0018176930025219917,0.9851706027984619,0.00030193524435162544
98.02,3092,298464,425,-19.553087050000002,701,0.02,18028,-4.203051567077637,0.001,0.0035903435200452805,7.397060394287109,0.00030716831679455936
98.02,3096,299216,426,-19.28276574,701,0.02,18075,-4.174371719360352,0.001,0.004123985767364502,3.327136278152466,0.0003094762214459479
98.02,3100,299312,426,-19.265913310000002,701,0.02,18081,-4.229471206665039,0.001,0.10643880069255829,15.707941055297852,0.0003096778818871826
98.02,3104,299440,426,-19.21653234,701,0.02,18089,-4.258695125579834,0.001,0.0012045258190482855,30.935829162597656,0.00031346300966106355
98.02,3108,300064,427,-19.60790957,701,0.02,18128,-4.267276287078857,0.001,0.0016510826535522938,0.966651439666748,0.0003432915254961699
98.02,3112,300816,429,-19.55806433,701,0.02,18175,-4.18087100982666,0.001,0.009848191402852535,-10.519939422607422,0.00033725882531143725
98.02,3116,300912,429,-19.168691390000003,701,0.02,18181,-4.1330790519714355,0.001,0.0034829750657081604,-9.826757431030273,0.00033420705585740507
98.02,3120,301040,429,-19.215590390000003,700,0.02,18189,-4.1523637771606445,0.001,0.07449221611022949,-7.460044860839844,0.00033050781348720193
98.02,3124,301664,430,-19.558086959999997,701,0.02,18228,-4.12729549407959,0.001,0.002926418324932456,-0.6890964508056641,0.00031702889828011394
98.02,3128,302416,431,-19.639439649999996,701,0.02,18275,-4.179567813873291,0.001,0.014587292447686195,2.900994062423706,0.0003200563951395452
99.01,3132,302512,431,-19.575800059999995,701,0.01,18281,-4.0802412033081055,0.001,0.00624476931989193,-1.9583600759506226,0.0003210407739970833
99.01,3136,302640,431,-19.253539730000004,700,0.01,18289,-4.059867858886719,0.001,0.0063155647367239,-11.29203987121582,0.000321151630487293
99.01,3140,303264,432,-19.30197686,700,0.01,18328,-4.101175308227539,0.001,0.0027146008796989918,-11.70100212097168,0.00030799402156844735
98.02,3144,303792,433,-19.289961660000003,701,0.02,18361,-4.033602237701416,0.001,0.08135673403739929,-6.943430423736572,0.000297749531455338
98.02,3148,304096,433,-19.46483167,701,0.02,18380,-4.0503435134887695,0.001,0.08141566067934036,9.126625061035156,0.0002944591687992215
98.02,3152,304176,433,-18.51276347,701,0.02,18385,-4.093262195587158,0.001,0.001532727270387113,3.945317506790161,0.00029460579389706254
98.02,3156,304576,434,-18.53161669,701,0.02,18410,-4.149994850158691,0.001,0.002899346873164177,-2.022063732147217,0.0002965895691886544
99.01,3160,305392,435,-19.09828914,701,0.01,18461,-4.200030326843262,0.001,0.005033560562878847,15.777469635009766,0.00030671225977130234
99.01,3164,305696,436,-19.09407966,700,0.01,18480,-4.069689750671387,0.001,0.013620298355817795,11.22836685180664,0.00031563607626594603
99.01,3168,305776,436,-18.7635452,701,0.01,18485,-4.03696346282959,0.001,0.0032630551140755415,7.73464822769165,0.0003181101055815816
99.01,3172,306176,436,-18.564040000000006,700,0.01,18510,-4.084408760070801,0.001,0.001223898958414793,-0.7336351871490479,0.0003232333401683718
99.01,3176,306992,437,-18.423968640000002,701,0.01,18561,-4.05195951461792,0.001,0.01623515971004963,-3.299807071685791,0.000319186772685498
99.01,3180,307296,438,-18.305306619999996,701,0.01,18580,-4.049618721008301,0.001,0.00567540293559432,-5.677508354187012,0.0003147844399791211
99.01,3184,307376,438,-18.386878900000003,700,0.01,18585,-4.016485214233398,0.001,0.0021631610579788685,-2.2427735328674316,0.0003138366446364671
99.01,3188,307776,439,-18.430231459999998,701,0.01,18610,-4.097097396850586,0.001,0.030059324577450752,-0.2541348934173584,0.00031274071079678833
99.01,3192,308592,440,-18.563992799999998,700,0.01,18661,-4.016641139984131,0.001,0.0014092106139287353,-8.640254020690918,0.0002989240165334195
98.02,3196,308880,440,-18.60079974,700,0.02,18679,-4.02706241607666,0.001,0.0011470633326098323,-2.658214569091797,0.00029375715530477464
98.02,3200,308944,440,-18.761174000000004,700,0.02,18683,-4.049638748168945,0.001,0.002997314091771841,-7.603814125061035,0.0002931081980932504
98.02,3204,309360,441,-18.47623763,700,0.02,18709,-4.073019981384277,0.001,0.0031613651663064957,-8.91910457611084,0.0002868192968890071
98.02,3208,310192,442,-18.226810509999996,700,0.02,18761,-4.038592338562012,0.001,0.001466261688619852,-13.311405181884766,0.00026908484869636595
98.02,3212,310480,443,-18.38284436,700,0.02,18779,-4.031371116638184,0.001,0.002540841931477189,4.6333818435668945,0.00026522274129092693
98.02,3216,310544,443,-17.965163500000003,700,0.02,18783,-3.9801037311553955,0.001,0.007664699573069811,7.255331516265869,0.00026510769384913146
98.02,3220,310960,444,-18.12630948,700,0.02,18809,-4.04871940612793,0.001,0.002040259074419737,10.77625846862793,0.0002684683713596314
98.02,3224,311792,445,-18.050760909999997,700,0.02,18861,-4.039367198944092,0.001,0.0019256697269156575,-2.9239156246185303,0.0002747447870206088
98.02,3228,312080,445,-18.31329977,700,0.02,18879,-3.9668822288513184,0.001,0.0011947347084060311,0.19820547103881836,0.0002724827209021896
98.02,3232,312144,445,-18.63318661,700,0.02,18883,-3.9874379634857178,0.001,0.02154165878891945,-9.166241645812988,0.00027181647601537406
98.02,3236,312560,446,-18.72257335,700,0.02,18909,-3.92411732673645,0.001,0.08581994473934174,-6.879857540130615,0.00026568499743007123
98.02,3240,313392,447,-19.210588740000002,700,0.02,18961,-3.967684507369995,0.001,0.002345933811739087,-3.438347578048706,0.0002559418499004096
99.01,3244,313680,447,-19.23423551,700,0.01,18979,-3.959014892578125,0.001,0.0050300294533371925,6.112700939178467,0.0002540334244258702
99.01,3248,313744,448,-19.12757001,700,0.01,18983,-3.9641053676605225,0.001,0.0024265050888061523,5.652825355529785,0.000254213489824906
99.01,3252,314160,448,-19.596698160000003,700,0.01,19009,-3.9274821281433105,0.001,0.17358481884002686,4.524364471435547,0.0002571926743257791
99.01,3256,314992,449,-19.55085845,700,0.01,19061,-3.925873279571533,0.001,0.0037291289772838354,4.957643508911133,0.000265238166321069
99.01,3260,315280,450,-19.654838620000003,700,0.01,19079,-3.937102794647217,0.001,0.0022372505627572536,-0.470456600189209,0.0002649898815434426
99.01,3264,315344,450,-19.68531042,700,0.01,19083,-3.8585166931152344,0.001,0.010815925896167755,-0.30885255336761475,0.000264691625488922
99.01,3268,315760,450,-19.871105359999998,700,0.01,19109,-3.973116636276245,0.001,0.006924856454133987,-7.065854072570801,0.00026299216551706195
99.01,3272,316592,452,-20.1031709,700,0.01,19161,-3.9221160411834717,0.001,0.001386991236358881,-1.5834698677062988,0.0002606463385745883
99.01,3276,316880,452,-20.25135219,700,0.01,19179,-3.981978416442871,0.001,0.00880393572151661,-3.0598812103271484,0.0002603174652904272
99.01,3280,316944,452,-20.19799979,700,0.01,19183,-3.939603328704834,0.001,0.002378034871071577,1.3743141889572144,0.0002600913867354393
99.01,3284,317360,453,-20.36493232,699,0.01,19209,-3.8519704341888428,0.001,0.0011613212991505861,-1.9191443920135498,0.0002588813076727092
99.01,3288,318192,454,-20.358566720000002,699,0.01,19261,-3.9547364711761475,0.001,0.001193627598695457,-0.5359400510787964,0.00027027641772292554
99.01,3292,318480,455,-20.358696770000005,699,0.01,19279,-3.8897695541381836,0.001,0.07804087549448013,3.6109089851379395,0.00027170893736183643
99.01,3296,318512,455,-20.32164341,699,0.01,19281,-3.914895534515381,0.001,0.007990065030753613,-0.5194895267486572,0.0002717856259550899
98.02,3300,318656,455,-19.89168031,699,0.02,19290,-3.8986353874206543,0.001,0.0011369299609214067,1.2986960411071777,0.0002723611250985414
98.02,3304,319264,456,-19.62896108,699,0.02,19328,-3.9182519912719727,0.001,0.002670752117410302,4.49453067779541,0.0002832248283084482
98.02,3308,320016,457,-19.437803820000003,699,0.02,19375,-3.808473825454712,0.001,0.009935280308127403,8.622138977050781,0.0002880761749111116
98.02,3312,320112,457,-19.530623839999997,699,0.02,19381,-3.8026437759399414,0.001,0.0011627612402662635,6.68635368347168,0.00028926742379553616
98.02,3316,320256,457,-19.62286784,699,0.02,19390,-3.8663642406463623,0.001,0.0018049008212983608,4.896605491638184,0.00029139549587853253
98.02,3320,320864,458,-19.686324239999998,699,0.02,19428,-3.9419569969177246,0.001,0.0018419234547764063,-1.849635124206543,0.00029722979525104165
97.03,3324,321440,459,-19.22827427,699,0.03,19464,-3.7790112495422363,0.001,0.004285112023353577,10.970645904541016,0.00030512167722918093
97.03,3328,321696,460,-18.832205440000003,699,0.03,19480,-3.9168055057525635,0.001,0.02208162285387516,4.2728118896484375,0.0003113586863037199
97.03,3332,321776,460,-18.886614420000004,699,0.03,19485,-3.7990403175354004,0.001,0.07585714757442474,7.714341640472412,0.0003129394317511469
97.03,3336,322176,460,-18.71374635,699,0.03,19510,-3.8260207176208496,0.001,0.0029328451491892338,4.03901481628418,0.00031616268097423017
97.03,3340,323040,462,-18.26719098,698,0.03,19564,-3.8474154472351074,0.001,0.007296424824744463,2.727947235107422,0.0003227288252674043
97.03,3344,323296,462,-18.369959820000002,698,0.03,19580,-3.839824914932251,0.001,0.0021816620137542486,4.206665515899658,0.0003261188103351742
97.03,3348,323376,462,-18.30318722,698,0.03,19585,-3.830821990966797,0.001,0.00501903984695673,6.491666316986084,0.000327107758494094
97.03,3352,323776,463,-18.264232030000002,698,0.03,19610,-3.820622444152832,0.001,0.002130909590050578,-2.6233253479003906,0.0003293534100521356
97.03,3356,324640,464,-18.24475284,698,0.03,19664,-3.846536874771118,0.001,0.001465145847760141,2.1546545028686523,0.000324614200508222
97.03,3360,324896,465,-18.063269849999998,698,0.03,19680,-3.754547595977783,0.001,0.004085157997906208,6.251712322235107,0.0003258064098190516
97.03,3364,324976,465,-17.97427613,698,0.03,19685,-3.7049219608306885,0.001,0.0030713360756635666,10.043935775756836,0.00032716424902901053
97.03,3368,325376,465,-17.93167076,698,0.03,19710,-3.6932590007781982,0.001,0.0018322764663025737,-4.214530944824219,0.00033530013752169907
97.03,3372,326240,466,-17.86405139,698,0.03,19764,-3.819981336593628,0.001,0.007018168456852436,0.34083449840545654,0.00033326749689877033
96.04,3376,326496,467,-17.56255495,699,0.04,19780,-3.761998414993286,0.001,0.0010113830212503672,-7.088576793670654,0.000332914903992787
96.04,3380,326544,467,-17.42012312,699,0.04,19783,-3.729548454284668,0.001,0.003152404446154833,-8.632526397705078,0.0003321940021123737
96.04,3384,326960,467,-17.23159712,698,0.04,19809,-3.7256052494049072,0.001,0.0016558689530938864,-5.457629680633545,0.0003229344729334116
96.04,3388,327792,469,-17.28625067,698,0.04,19861,-3.7478833198547363,0.001,0.004840611480176449,-5.631418228149414,0.00031937495805323124
97.03,3392,328096,469,-17.43099146,698,0.03,19880,-3.86409068107605,0.001,0.0010555575136095285,-2.7919063568115234,0.00031346213654614985
97.03,3396,328144,469,-17.484065630000003,698,0.03,19883,-3.7700130939483643,0.001,0.002274941187351942,-3.649477005004883,0.0003128334938082844
98.02,3400,328560,470,-17.868283110000004,698,0.02,19909,-3.7512640953063965,0.001,0.002243076916784048,8.51894760131836,0.00031346571631729603
98.02,3404,329392,471,-18.10943128,698,0.02,19961,-3.623323917388916,0.001,0.003295788075774908,4.479030132293701,0.0003357311652507633
98.02,3408,329696,472,-18.336529190000004,698,0.02,19980,-3.7966971397399902,0.001,0.0034715253859758377,9.045164108276367,0.0003397305845282972
98.02,3412,329744,472,-18.22345875,698,0.02,19983,-3.7493174076080322,0.001,0.0008947180467657745,2.8728795051574707,0.0003405639436095953
98.02,3416,330160,472,-18.34149969,698,0.02,20009,-3.746641159057617,0.001,0.001938594039529562,-1.2187583446502686,0.000344905216479674
98.02,3420,330992,474,-18.07391983,698,0.02,20061,-3.6557397842407227,0.001,0.001526404870674014,-1.99322509765625,0.00035144048160873353
99.01,3424,331296,474,-18.536906709999997,698,0.01,20080,-3.628729820251465,0.001,0.0027968212962150574,-3.0022835731506348,0.00034928167588077486
99.01,3428,331344,474,-18.72669134,698,0.01,20083,-3.664322853088379,0.001,0.07419481873512268,-4.108046531677246,0.0003487527428660542
99.01,3432,331760,475,-18.64297531,698,0.01,20109,-3.7371840476989746,0.001,0.002328820526599884,1.4215850830078125,0.0003447966882959008
99.01,3436,332592,476,-18.87979769,698,0.01,20161,-3.7235817909240723,0.001,0.0017627144698053598,1.8173542022705078,0.0003493564436212182
99.01,3440,332896,476,-18.87305106,698,0.01,20180,-3.6504621505737305,0.001,0.029151614755392075,0.450162410736084,0.00035310914972797036
99.01,3444,332944,476,-18.801217789999995,698,0.01,20183,-3.692992687225342,0.001,0.0017151512438431382,-4.106673240661621,0.0003536379081197083
99.01,3448,333360,477,-18.837846969999998,698,0.01,20209,-3.6686432361602783,0.001,0.0013160640373826027,-12.351037979125977,0.0003499621816445142
99.01,3452,334192,478,-18.840944719999996,698,0.01,20261,-3.645810842514038,0.001,0.0034409980289638042,-12.736087799072266,0.00032161595299839973
99.01,3456,334496,478,-18.645529319999998,698,0.01,20280,-3.699958324432373,0.001,0.0021431907080113888,-5.58671760559082,0.00031227045110426843
99.01,3460,334544,478,-18.503880669999997,698,0.01,20283,-3.6072845458984375,0.001,0.0015679995995014906,-9.356525421142578,0.0003110731777269393
99.01,3464,334960,479,-18.60206365,698,0.01,20309,-3.647420883178711,0.001,0.007735950872302055,-5.267277240753174,0.00030567505746148527
98.02,3468,335360,480,-18.49756979,698,0.02,20334,-3.6445975303649902,0.001,0.006600066553801298,3.9488937854766846,0.0003027639468200505
98.02,3472,336080,481,-18.49793073,698,0.02,20379,-3.5572047233581543,0.001,0.060829758644104004,6.641397476196289,0.0002980373101308942
98.02,3476,336112,481,-18.366393249999998,698,0.02,20381,-3.6251678466796875,0.001,0.0034680094104260206,2.6610991954803467,0.00029804781661368906
99.01,3480,336368,481,-18.745523069999997,698,0.01,20397,-3.5757102966308594,0.001,0.0013375995913520455,-1.3645849227905273,0.000297992693958804
99.01,3484,336960,482,-18.861496569999996,698,0.01,20434,-3.660254716873169,0.001,0.001576172187924385,-3.6853132247924805,0.0002886085712816566
99.01,3488,337680,483,-18.668243699999994,697,0.01,20479,-3.611604928970337,0.001,0.0030946279875934124,5.207942962646484,0.0002918591198977083
99.01,3492,337712,483,-18.54437497,697,0.01,20481,-3.6474356651306152,0.001,0.003777863224968314,0.24047279357910156,0.0002921526611316949
99.01,3496,337968,484,-18.14621931,697,0.01,20497,-3.655214548110962,0.001,0.002842846792191267,6.612766265869141,0.0002949608606286347
99.01,3500,338560,485,-18.06194464,697,0.01,20534,-3.5874691009521484,0.001,0.003352587576955557,-0.8776154518127441,0.00030619496828876436
99.01,3504,339280,486,-18.09052637,697,0.01,20579,-3.5951030254364014,0.001,0.01178490649908781,-6.672219276428223,0.0002988784108310938
99.01,3508,339312,486,-18.463673760000002,697,0.01,20581,-3.4945852756500244,0.001,0.06798523664474487,-5.859235763549805,0.0002981271536555141
98.02,3512,339456,486,-18.14289246,697,0.02,20590,-3.6168534755706787,0.001,0.0068847243674099445,-10.300444602966309,0.00029500166419893503
98.02,3516,340064,487,-18.169358650000003,697,0.02,20628,-3.5431573390960693,0.001,0.0075639463029801846,-3.548118829727173,0.00028639944503083825
98.02,3520,340816,488,-18.413375600000002,697,0.02,20675,-3.6320250034332275,0.001,0.002894055563956499,8.809922218322754,0.00027850535116158426
98.02,3524,340912,488,-18.61734957,697,0.02,20681,-3.5225305557250977,0.001,0.005745470989495516,7.401942253112793,0.0002788215933833271
97.03,3528,340992,489,-18.32940736,697,0.03,20686,-3.6303281784057617,0.001,0.0016501899808645248,4.430436611175537,0.00027949409559369087
97.03,3532,341392,489,-18.34247693,697,0.03,20711,-3.614198684692383,0.001,0.0026257899589836597,2.221116781234741,0.0002810507721733302
97.03,3536,342240,491,-18.445794880000005,696,0.03,20764,-3.5655484199523926,0.001,0.0029568769969046116,0.94561767578125,0.0002781348011922091
97.03,3540,342496,491,-18.555285089999998,696,0.03,20780,-3.5361318588256836,0.001,0.02739453688263893,-3.062401533126831,0.00027821201365441084
97.03,3544,342592,491,-18.625466720000002,696,0.03,20786,-3.550565242767334,0.001,0.003410684410482645,-0.49349498748779297,0.0002781806979328394
97.03,3548,342992,492,-18.78297255,696,0.03,20811,-3.4803855419158936,0.001,0.01888076215982437,2.472259521484375,0.00027585169300436974
97.03,3552,343840,493,-18.789957599999997,696,0.03,20864,-3.5254273414611816,0.001,0.002811463549733162,-0.2091355323791504,0.00027358572697266936
97.03,3556,344096,493,-18.89625884,696,0.03,20880,-3.540902614593506,0.001,0.05743850767612457,-2.0817549228668213,0.00027236033929511905
97.03,3560,344192,494,-19.10178182,696,0.03,20886,-3.5776760578155518,0.001,0.0018552126130089164,-5.8975629806518555,0.00027202058117836714
97.03,3564,344592,494,-19.10394609,696,0.03,20911,-3.5218100547790527,0.001,0.006229360122233629,8.727476119995117,0.0002739381743595004
98.02,3568,345440,495,-19.078870159999997,696,0.02,20964,-3.5648396015167236,0.001,0.002050870331004262,9.35552978515625,0.00028933087014593184
98.02,3572,345696,496,-19.181397290000003,696,0.02,20980,-3.5049550533294678,0.001,0.013219446875154972,9.572210311889648,0.00029638371779583395
98.02,3576,345792,496,-19.24795211,696,0.02,20986,-3.4782886505126953,0.001,0.0011814283207058907,3.5025789737701416,0.00029886557604186237
98.02,3580,346192,497,-19.2520959,696,0.02,21011,-3.5176286697387695,0.001,0.018841246142983437,-6.051983833312988,0.0003004298487212509
97.03,3584,346992,498,-19.217710699999998,696,0.03,21061,-3.4653773307800293,0.001,0.0027807014994323254,3.6421127319335938,0.0002927212917711586
97.03,3588,347296,498,-19.294804149999997,696,0.03,21080,-3.4596333503723145,0.001,0.01580144837498665,-6.032677173614502,0.0002895169018302113
97.03,3592,347344,498,-19.28412312,696,0.03,21083,-3.575573205947876,0.001,0.019581716507673264,-7.1593017578125,0.00028876520809717476
97.03,3596,347760,499,-19.82653861,696,0.03,21109,-3.4606993198394775,0.001,0.002583267167210579,-1.3776901960372925,0.00028525240486487746
96.04,3600,348160,500,-19.664449060000003,696,0.04,21134,-3.4500017166137695,0.001,0.0010321441804990172,5.042080879211426,0.00028734278748743236
96.04,3604,348880,501,-19.567438739999996,695,0.04,21179,-3.424424409866333,0.001,0.001583379809744656,6.0571393966674805,0.000296785932732746
96.04,3608,348928,501,-19.395603519999998,695,0.04,21182,-3.4681782722473145,0.001,0.0021148468367755413,2.35758113861084,0.0002971509820781648
97.03,3612,349168,501,-19.581816689999997,695,0.03,21197,-3.3810529708862305,0.001,0.0029903536196798086,5.645112991333008,0.00029980592080391943
96.04,3616,349680,502,-19.22439785,695,0.04,21229,-3.4736382961273193,0.001,0.0014995457604527473,-1.3755970001220703,0.00030553952092304826
96.04,3620,350416,503,-19.273607889999997,695,0.04,21275,-3.456711769104004,0.001,0.0025779716670513153,-5.08839225769043,0.00032042869133874774
96.04,3624,350512,503,-19.40998951,695,0.04,21281,-3.4445366859436035,0.001,0.0017830068245530128,-2.6808972358703613,0.0003208800917491317
97.03,3628,350656,504,-20.08247463,695,0.03,21290,-3.353318929672241,0.001,0.002031019888818264,-3.262542724609375,0.00032013270538300276
97.03,3632,351280,504,-19.945010229999994,695,0.03,21329,-3.4288811683654785,0.001,0.0022329736966639757,-2.0836663246154785,0.00032736494904384017
97.03,3636,352016,506,-19.758508900000002,695,0.03,21375,-3.3952393531799316,0.001,0.06012231111526489,-4.1058220863342285,0.0003253235772717744
97.03,3640,352112,506,-19.80765639,695,0.03,21381,-3.4189624786376953,0.001,0.0007831422844901681,-8.215620040893555,0.0003236358752474189
97.03,3644,352256,506,-20.161824919999997,695,0.03,21390,-3.39839506149292,0.001,0.0024511690717190504,-0.38153862953186035,0.00032147581805475056
97.03,3648,352880,507,-20.121543349999996,695,0.03,21429,-3.374840259552002,0.001,0.05102041736245155,-7.299093723297119,0.0003115811850875616
97.03,3652,353616,508,-20.18181835,695,0.03,21475,-3.406857967376709,0.001,0.0047849928960204124,2.706012725830078,0.0003111758560407907
96.04,3656,353696,508,-20.09296112,695,0.04,21480,-3.394162178039551,0.001,0.0023831655271351337,-5.272582054138184,0.0003117515007033944
96.04,3660,353792,508,-20.21334149,695,0.04,21486,-3.4464845657348633,0.001,0.0016927664401009679,-7.319845199584961,0.0003114700666628778
95.05,3664,354192,509,-19.82347726,695,0.05,21511,-3.3975939750671387,0.001,0.016743052750825882,-5.4736008644104,0.00030451585189439356
94.06,3668,354576,510,-19.86529273,695,0.06,21535,-3.4052910804748535,0.001,0.0018145367503166199,-5.813055515289307,0.0002993156958837062
94.06,3672,355280,510,-19.549019310000002,695,0.06,21579,-3.4126830101013184,0.001,0.004007158800959587,-7.525588512420654,0.00029880632064305246
94.06,3676,355328,511,-19.53849624,695,0.06,21582,-3.3820810317993164,0.001,0.047715701162815094,-7.546038627624512,0.00029843352967873216
94.06,3680,355568,511,-19.41085219,695,0.06,21597,-3.3200321197509766,0.001,0.008603919297456741,3.578998565673828,0.00029505850397981703
95.05,3684,356176,512,-19.323918799999998,695,0.05,21635,-3.3403685092926025,0.001,0.009674633853137493,-2.625147819519043,0.00028710937476716936
95.05,3688,356880,513,-19.38736189,695,0.05,21679,-3.3320693969726562,0.001,0.005053683649748564,6.4637908935546875,0.0002741407079156488
95.05,3692,356928,513,-19.45625386,695,0.05,21682,-3.30122447013855,0.001,0.0037113674916327,2.596834182739258,0.0002741668722592294
94.06,3696,357056,513,-18.937122210000002,695,0.06,21690,-3.3427186012268066,0.001,0.002455755602568388,-0.6229766607284546,0.00027450828929431736
95.05,3700,357680,514,-19.10220962,695,0.05,21729,-3.366177558898926,0.001,0.004132960457354784,-8.19204330444336,0.0002703575883060694
95.05,3704,358432,515,-19.14150676,695,0.05,21776,-3.3468780517578125,0.001,0.06452756375074387,-0.8351696729660034,0.0002620748127810657
95.05,3708,358512,515,-19.07879202,695,0.05,21781,-3.2768826484680176,0.001,0.0018508132779970765,4.1382365226745605,0.0002616707351990044
95.05,3712,358656,515,-19.1866646,695,0.05,21790,-3.2976298332214355,0.001,0.0073662446811795235,6.634119510650635,0.00026180027634836733
96.04,3716,359280,516,-19.51172027,695,0.04,21829,-3.308100938796997,0.001,0.07901695370674133,-1.8173911571502686,0.00026868379791267216
96.04,3720,360032,518,-19.45334689,694,0.04,21876,-3.299935817718506,0.001,0.0035495334304869175,6.051224231719971,0.0002732944267336279
96.04,3724,360112,518,-19.248663129999997,694,0.04,21881,-3.2741682529449463,0.001,0.0010544974356889725,6.706258296966553,0.00027445514569990337
96.04,3728,360256,518,-18.871116989999997,694,0.04,21890,-3.343493938446045,0.001,0.18241478502750397,8.76392650604248,0.0002765742246992886
96.04,3732,360880,519,-18.73956661,694,0.04,21929,-3.2534897327423096,0.001,0.013608777895569801,-1.429739236831665,0.00028731045313179493
96.04,3736,361632,520,-18.92359103,695,0.04,21976,-3.3435325622558594,0.001,0.0012500614393502474,-1.8697665929794312,0.00028568500420078635
96.04,3740,361712,520,-19.345572679999997,695,0.04,21981,-3.236865997314453,0.001,0.003035038709640503,1.8620433807373047,0.0002851822355296463
96.04,3744,361856,520,-18.81798436,695,0.04,21990,-3.258209705352783,0.001,0.004680507816374302,-3.089827299118042,0.0002847306022886187
96.04,3748,362480,521,-18.70200204,695,0.04,22029,-3.279951810836792,0.001,0.008191335014998913,-10.08271312713623,0.0002743674849625677
96.04,3752,363232,522,-18.59930813,695,0.04,22076,-3.1894736289978027,0.001,0.011554067954421043,11.417491912841797,0.00026398172485642135
97.03,3756,363312,522,-18.547385000000002,695,0.03,22081,-3.271376371383667,0.001,0.005248158238828182,4.113219738006592,0.0002645119384396821
97.03,3760,363456,522,-18.328188320000002,695,0.03,22090,-3.244335412979126,0.001,0.052911654114723206,4.618796348571777,0.0002662295592017472
98.02,3764,364080,523,-18.60245461,695,0.02,22129,-3.2891578674316406,0.001,0.0010698603000491858,-1.8078587055206299,0.0002777899499051273
99.01,3768,364832,524,-18.993331299999998,695,0.01,22176,-3.2390670776367188,0.001,0.002004817593842745,-5.784235000610352,0.0002677113516256213
99.01,3772,364912,524,-19.03456149,695,0.01,22181,-3.2736549377441406,0.001,0.0014882965479046106,-6.215429306030273,0.00026586599415168166
99.01,3776,365056,524,-20.066569469999997,695,0.01,22190,-3.287108898162842,0.001,0.0010407697409391403,-7.287400722503662,0.00026274874107912183
98.02,3780,365408,525,-19.89029905,695,0.02,22212,-3.227902889251709,0.001,0.008328219875693321,-2.0214269161224365,0.00025684997672215104
97.03,3784,366208,526,-20.14528244,695,0.03,22262,-3.2546024322509766,0.001,0.006379848346114159,-12.908180236816406,0.00024135981220752
97.03,3788,366496,526,-20.098286509999998,695,0.03,22280,-3.1207258701324463,0.001,0.009844480082392693,-7.9521331787109375,0.00023485491692554206
97.03,3792,366544,526,-20.28580898,695,0.03,22283,-3.2502949237823486,0.001,0.0019530553836375475,-10.388495445251465,0.000233868820942007
98.02,3796,366992,527,-20.68723709,695,0.02,22311,-3.240385055541992,0.001,0.002880745567381382,-2.258195400238037,0.00022546866966877133
98.02,3800,367808,528,-20.734233089999996,695,0.02,22362,-3.2868916988372803,0.001,0.0022186064161360264,-4.0987091064453125,0.00022754237579647452
98.02,3804,368096,529,-20.71928535,695,0.02,22380,-3.1381216049194336,0.001,0.0538976825773716,-5.871919631958008,0.0002269065735163167
98.02,3808,368144,529,-20.80488367,695,0.02,22383,-3.126473903656006,0.001,0.005167813040316105,-5.690927028656006,0.00022647701553069055
98.02,3812,368592,529,-21.00093061,695,0.02,22411,-3.2369298934936523,0.001,0.0015081054298207164,-5.188157558441162,0.0002212646504631266
98.02,3816,369408,531,-20.882305639999995,695,0.02,22462,-3.1235404014587402,0.001,0.0034574815072119236,10.213159561157227,0.0002203994954470545
98.02,3820,369696,531,-20.62676179,695,0.02,22480,-3.1812970638275146,0.001,0.0032745948992669582,-0.423713743686676,0.0002235368447145447
98.02,3824,369744,531,-20.2780879,695,0.02,22483,-3.2275969982147217,0.001,0.0037543843500316143,1.4369869232177734,0.0002237571607111022
98.02,3828,370192,532,-20.419129100000003,695,0.02,22511,-3.154195785522461,0.001,0.05705175921320915,-1.7829793691635132,0.00022291946515906602
98.02,3832,371008,533,-20.629581239999997,695,0.02,22562,-3.124147415161133,0.001,0.01102770958095789,-1.9506301879882812,0.00022106491087470204
98.02,3836,371296,533,-20.33943118,695,0.02,22580,-3.0818424224853516,0.001,0.00464590871706605,-2.7880592346191406,0.00021899906278122216
98.02,3840,371344,534,-20.26593192,695,0.02,22583,-3.217130422592163,0.001,0.0013888817047700286,0.7766740322113037,0.00021863344591110945
98.02,3844,371792,534,-20.875414520000003,695,0.02,22611,-3.185802459716797,0.001,0.0020470754243433475,0.6564276814460754,0.00021715351613238454
98.02,3848,372608,535,-20.844578650000003,695,0.02,22662,-3.168288230895996,0.001,0.0019505434902384877,-4.6107683181762695,0.00021293065219651908
98.02,3852,372896,536,-20.744016699999996,695,0.02,22680,-3.1685140132904053,0.001,0.002155702095478773,-9.842353820800781,0.00020911789033561945
98.02,3856,372944,536,-20.689686350000002,695,0.02,22683,-3.1362409591674805,0.001,0.0015807313611730933,-3.0262608528137207,0.00020831114670727402
98.02,3860,373392,537,-20.88870851,695,0.02,22711,-3.110858917236328,0.001,0.016258591786026955,2.2603845596313477,0.00020309421233832836
98.02,3864,374208,538,-21.01500867,694,0.02,22762,-3.1445162296295166,0.001,0.0023581734858453274,3.2249462604522705,0.00020647316705435514
98.02,3868,374496,538,-20.846155259999996,694,0.02,22780,-3.0644242763519287,0.001,0.005505657754838467,-0.19477307796478271,0.00020931821200065315
98.02,3872,374544,538,-20.85286052,694,0.02,22783,-3.1786904335021973,0.001,0.0019405700732022524,3.2148385047912598,0.00020972764468751848
98.02,3876,374992,539,-19.74342615,694,0.02,22811,-3.0833029747009277,0.001,0.002570853568613529,1.6871261596679688,0.0002145217003999278
99.01,3880,375808,540,-20.142788,694,0.01,22862,-3.0782132148742676,0.001,0.0023669153451919556,-4.32510232925415,0.00021661758364643902
100.0,3884,376096,541,-19.792843759999997,694,0.0,22880,-3.144927978515625,0.001,0.0012186244130134583,-0.6018915176391602,0.00021540628222282976
100.0,3888,376144,541,-20.112075239999996,694,0.0,22883,-3.0799190998077393,0.001,0.0015295424964278936,2.3379807472229004,0.0002152335800928995
100.0,3892,376592,542,-19.972368239999998,694,0.0,22911,-3.0746805667877197,0.001,0.00314245349727571,-0.6846373081207275,0.00021616235608235002
100.0,3896,377408,543,-19.810087940000003,694,0.0,22962,-3.0994462966918945,0.001,0.0017946576699614525,-0.07191157341003418,0.00022044239449314773
100.0,3900,377696,543,-20.22896859,694,0.0,22980,-3.1154375076293945,0.001,0.006248811259865761,13.282342910766602,0.00022233156778384
100.0,3904,377744,543,-20.32154622,694,0.0,22983,-3.0729947090148926,0.001,0.0013371449895203114,13.972765922546387,0.00022345200704876333
100.0,3908,378192,544,-20.56257211,694,0.0,23011,-3.0907883644104004,0.001,0.0013565337285399437,-4.633573055267334,0.00023081331164576113
100.0,3912,379008,545,-20.09709734,694,0.0,23062,-2.9973649978637695,0.001,0.0013608371373265982,0.6732885837554932,0.00022683973656967282
100.0,3916,379296,546,-20.220093329999997,694,0.0,23080,-3.0296969413757324,0.001,0.013940178789198399,-2.9722204208374023,0.0002253917045891285
100.0,3920,379344,546,-20.110430609999998,694,0.0,23083,-3.1029014587402344,0.001,0.00678372522816062,-5.887969017028809,0.0002250890393042937
100.0,3924,379792,546,-20.295129990000003,694,0.0,23111,-3.0658721923828125,0.001,0.005731707438826561,1.2150709629058838,0.00022201459796633571
100.0,3928,380608,548,-20.29543211,694,0.0,23162,-3.0902912616729736,0.001,0.004268331918865442,-1.9729607105255127,0.0002365723339607939
100.0,3932,380896,548,-20.0103525,694,0.0,23180,-3.04492449760437,0.001,0.04643075168132782,-2.1532883644104004,0.0002371544687775895
100.0,3936,380944,548,-19.77029569,694,0.0,23183,-2.9974076747894287,0.001,0.0016666343435645103,-5.784399032592773,0.00023693585535511374
100.0,3940,381392,549,-19.7631116,694,0.0,23211,-3.02192759513855,0.001,0.008726370520889759,-0.5963480472564697,0.00023667117056902498
100.0,3944,382208,550,-19.3058843,694,0.0,23262,-3.031346082687378,0.001,0.0012944821501150727,-3.4434056282043457,0.00023838914057705551
100.0,3948,382496,550,-19.395910689999997,694,0.0,23280,-2.971402883529663,0.001,0.0070767831057310104,2.8375582695007324,0.00023862137459218502
100.0,3952,382544,550,-19.48628694,694,0.0,23283,-2.9795126914978027,0.001,0.006658527068793774,-6.849796772003174,0.00023878391948528588
100.0,3956,382992,551,-19.58009144,694,0.0,23311,-2.9924731254577637,0.001,0.004708634689450264,3.0516176223754883,0.0002343850355828181
100.0,3960,383808,552,-19.96983934,694,0.0,23362,-3.093418598175049,0.001,0.003722896333783865,6.46602201461792,0.00023414063616655767
100.0,3964,384096,552,-19.90529389,694,0.0,23380,-3.0243167877197266,0.001,0.0020223611500114202,25.8637752532959,0.00024022793513722718
99.01,3968,384144,553,-19.423752119999996,694,0.01,23383,-2.9962844848632812,0.001,0.015009734779596329,24.27045440673828,0.00024224900698754936
99.01,3972,384384,553,-19.431076859999997,694,0.01,23398,-2.9892091751098633,0.001,0.00804238673299551,9.60959529876709,0.0002528707846067846
99.01,3976,384976,554,-19.652287349999995,694,0.01,23435,-3.04508376121521,0.001,0.0015503300819545984,-2.600216865539551,0.0002601735177449882
99.01,3980,385680,555,-19.408975129999998,694,0.01,23479,-3.011104106903076,0.001,0.04774824529886246,3.827105760574341,0.0002616250712890178
99.01,3984,385744,555,-19.66359719,694,0.01,23483,-3.013199806213379,0.001,0.0014102139975875616,9.444635391235352,0.00026187245384790003
99.01,3988,385984,555,-19.05615578,694,0.01,23498,-2.9470787048339844,0.001,0.0010623132111504674,8.688697814941406,0.00026489945594221354
99.01,3992,386576,556,-19.09109892,694,0.01,23535,-2.958019256591797,0.001,0.001464486587792635,-1.9618228673934937,0.00027321078232489526
98.02,3996,387248,557,-18.977842680000002,694,0.02,23577,-3.008845567703247,0.001,0.04583991318941116,-0.5151325464248657,0.0002775831089820713
98.02,4000,387312,557,-18.96092161,694,0.02,23581,-2.891601085662842,0.001,0.00295224878937006,-0.8751579523086548,0.00027833221247419715
98.02,4004,387456,557,-18.921044780000003,694,0.02,23590,-2.965832233428955,0.001,0.05279320850968361,1.181838035583496,0.0002792124869301915
98.02,4008,388080,558,-18.588153289999997,694,0.02,23629,-2.968411445617676,0.001,0.0502452552318573,-4.420598030090332,0.00027596665313467383
98.02,4012,388848,559,-18.94414636,694,0.02,23677,-2.965909004211426,0.001,0.025865964591503143,4.52860689163208,0.0002824873081408441
98.02,4016,388912,559,-18.9687578,694,0.02,23681,-2.8906872272491455,0.001,0.04613929241895676,6.739953994750977,0.0002839214575942606
98.02,4020,389056,560,-19.3821331,694,0.02,23690,-2.9652352333068848,0.001,0.0015547507209703326,-0.7194004058837891,0.0002863601257558912
98.02,4024,389680,560,-19.16104966,694,0.02,23729,-2.9356701374053955,0.001,0.026759114116430283,-1.7408161163330078,0.0002893294731620699
98.02,4028,390448,561,-18.95250769,694,0.02,23777,-2.953968048095703,0.001,0.0028494654688984156,-9.953234672546387,0.00029255470144562423
98.02,4032,390512,562,-19.126929910000005,694,0.02,23781,-2.913362503051758,0.001,0.0052548618987202644,-8.706608772277832,0.00029175783856771886
98.02,4036,390656,562,-19.23525323,694,0.02,23790,-2.9853432178497314,0.001,0.017335660755634308,-12.244120597839355,0.0002892425691243261
98.02,4040,391280,563,-19.196629259999998,694,0.02,23829,-2.943753242492676,0.001,0.0018247195985168219,2.0185680389404297,0.00027777085779234767
97.03,4044,391840,564,-19.00706397,694,0.03,23864,-2.910041093826294,0.001,0.0027903926093131304,0.6514089107513428,0.00028142088558524847
97.03,4048,392112,564,-18.689052999999998,694,0.03,23881,-2.8570241928100586,0.001,0.05007891356945038,2.9577784538269043,0.0002839564112946391
96.04,4052,392160,564,-18.501358839999995,694,0.04,23884,-2.938183546066284,0.001,0.0015593919670209289,5.992505073547363,0.00028424954507499933
96.04,4056,392592,565,-18.463520329999998,694,0.04,23911,-2.9685020446777344,0.001,0.0032723345793783665,-2.758852005004883,0.00028652374749071896
96.04,4060,393408,566,-18.004391069999997,694,0.04,23962,-2.894420623779297,0.001,0.0035200007259845734,0.27114439010620117,0.0002906020963564515
96.04,4064,393696,566,-18.02361557,694,0.04,23980,-2.879326343536377,0.001,0.0013033883878961205,2.3432841300964355,0.0002895793004427105
97.03,4068,393760,566,-18.23288835,694,0.03,23984,-2.8931353092193604,0.001,0.004856584127992392,-1.1840481758117676,0.0002895528159569949
96.04,4072,393984,567,-18.264671710000002,694,0.04,23998,-2.8567543029785156,0.001,0.01147589273750782,-1.9314230680465698,0.0002900887338910252
96.04,4076,394576,567,-18.273798369999998,694,0.04,24035,-2.9016685485839844,0.001,0.0013552065938711166,6.246355056762695,0.00029618197004310787
96.04,4080,395280,569,-18.34977731,694,0.04,24079,-2.879296064376831,0.001,0.006563480012118816,2.0205254554748535,0.00030634450376965106
96.04,4084,395344,569,-18.090060180000002,694,0.04,24083,-2.8983535766601562,0.001,0.0018176647135987878,1.841404914855957,0.0003067874349653721
96.04,4088,395584,569,-18.199971140000002,694,0.04,24098,-2.8869266510009766,0.001,0.013692460022866726,-2.380244255065918,0.0003075531858485192
96.04,4092,396176,570,-18.434080180000002,694,0.04,24135,-2.900923252105713,0.001,0.07427092641592026,-8.226384162902832,0.00030129263177514076
96.04,4096,396848,571,-18.52238546,694,0.04,24177,-2.871060609817505,0.001,0.05580499395728111,-2.8963005542755127,0.00029978103702887893
96.04,4100,396912,571,-18.269567900000002,694,0.04,24181,-2.8635506629943848,0.001,0.02016368880867958,-4.755397796630859,0.0003001480654347688
96.04,4104,397056,571,-18.26586741,694,0.04,24190,-2.8082494735717773,0.001,0.0031778535339981318,-1.1285064220428467,0.0002999986754730344
96.04,4108,397696,572,-18.33078761,694,0.04,24230,-2.8160619735717773,0.001,0.001466434565372765,-11.095071792602539,0.000287803792161867
95.05,4112,398240,573,-17.87024753,694,0.05,24264,-2.786190986633301,0.001,0.002929322887212038,-8.730474472045898,0.00027178513118997216
95.05,4116,398512,573,-18.055059259999997,694,0.05,24281,-2.884260654449463,0.001,0.003354719141498208,-8.449138641357422,0.0002648342924658209
94.06,4120,398560,573,-17.722180230000003,694,0.06,24284,-2.84605073928833,0.001,0.008038468658924103,-6.394054412841797,0.0002638402802404016
94.06,4124,398992,574,-18.00392944,694,0.06,24311,-2.9355578422546387,0.001,0.003091085236519575,-1.9538508653640747,0.0002581099106464535
94.06,4128,399840,576,-18.408658000000003,694,0.06,24364,-2.8422651290893555,0.001,0.0037109781987965107,4.9652791023254395,0.00025554283638484776
94.06,4132,400096,576,-18.12991638,694,0.06,24380,-2.660391330718994,0.001,0.009830012917518616,7.6304802894592285,0.0002580855507403612
94.06,4136,400160,576,-18.466541359999997,694,0.06,24384,-2.804481267929077,0.001,0.0008106348104774952,-3.7144718170166016,0.0002586559858173132
94.06,4140,400592,577,-18.599242160000003,693,0.06,24411,-2.7699222564697266,0.001,0.0008036266663111746,0.47374701499938965,0.0002584658795967698
95.05,4144,401440,578,-18.963606060000004,693,0.05,24464,-2.7698616981506348,0.001,0.0012480368604883552,0.8951318264007568,0.0002814267936628312
94.06,4148,401680,578,-19.030491920000003,693,0.06,24479,-2.7617664337158203,0.001,0.01854296773672104,8.870347023010254,0.00028433470288291574
95.05,4152,401744,578,-19.423012729999996,693,0.05,24483,-2.7764155864715576,0.001,0.004135931842029095,13.832003593444824,0.0002852328179869801
95.05,4156,401984,579,-19.498801679999996,693,0.05,24498,-2.6763317584991455,0.001,0.0022229179739952087,19.158788681030273,0.00029045884730294347
95.05,4160,402576,580,-19.36740412,693,0.05,24535,-2.7856686115264893,0.001,0.0037527780514210463,-10.876352310180664,0.0003106098447460681
95.05,4164,403280,581,-19.25478399,693,0.05,24579,-2.752833127975464,0.001,0.005397077649831772,-4.370846748352051,0.0002983353624586016
95.05,4168,403344,581,-19.39829673,693,0.05,24583,-2.7589774131774902,0.001,0.02790781669318676,-6.3587236404418945,0.00029738544253632426
96.04,4172,403584,581,-19.54652116,693,0.04,24598,-2.7969532012939453,0.001,0.011865036562085152,-5.529338836669922,0.0002939586411230266
96.04,4176,404176,582,-19.44403466,693,0.04,24635,-2.80131196975708,0.001,0.0008339860942214727,-6.188466548919678,0.0002888415183406323
95.05,4180,404848,583,-19.29835609,693,0.05,24677,-2.8042666912078857,0.001,0.0025739409029483795,-9.106353759765625,0.00028086669044569135
95.05,4184,404928,583,-19.5155392,693,0.05,24682,-2.858410358428955,0.001,0.001272144727408886,-10.96207332611084,0.0002793219464365393
95.05,4188,405056,583,-19.67844191,693,0.05,24690,-2.774869918823242,0.001,0.0025135832838714123,-3.9094595909118652,0.0002768980630207807
95.05,4192,405696,584,-19.303264229999996,694,0.05,24730,-2.7288289070129395,0.001,0.0024695242755115032,-6.12984037399292,0.00027531920932233334
96.04,4196,406448,585,-19.49863515,694,0.04,24777,-2.7178821563720703,0.001,0.0030031572096049786,-7.555722713470459,0.0002645381900947541
96.04,4200,406528,585,-19.755888140000003,694,0.04,24782,-2.6739723682403564,0.001,0.007572652772068977,-6.286823272705078,0.0002633754338603467
96.04,4204,406656,585,-19.89629832,694,0.04,24790,-2.655658483505249,0.001,0.00219615432433784,-2.304102659225464,0.0002617119171191007
96.04,4208,407296,586,-19.69320618,694,0.04,24830,-2.6992201805114746,0.001,0.003324841381981969,-2.1588525772094727,0.000256414117757231
97.03,4212,408048,587,-19.858865690000002,694,0.03,24877,-2.6956987380981445,0.001,0.0017562761204317212,-0.34731054306030273,0.0002563378366176039
97.03,4216,408128,587,-19.56441954,694,0.03,24882,-2.742154359817505,0.001,0.0010430226102471352,-8.398920059204102,0.00025589525466784835
98.02,4220,408256,588,-19.52085,694,0.02,24890,-2.629185676574707,0.001,0.001469556475058198,0.8918969631195068,0.0002548895718064159
98.02,4224,408896,589,-19.370292220000003,694,0.02,24930,-2.698212146759033,0.001,0.002156597562134266,-2.924025297164917,0.0002500876144040376
98.02,4228,409648,590,-19.012796679999997,694,0.02,24977,-2.635312795639038,0.001,0.0020217588171362877,4.999134063720703,0.00024568941444158554
98.02,4232,409728,590,-19.15453519,694,0.02,24982,-2.6615488529205322,0.001,0.03948456794023514,0.9091248512268066,0.00024616296286694705
98.02,4236,409856,590,-18.932050219999997,694,0.02,24990,-2.7772650718688965,0.001,0.0161912702023983,1.2111479043960571,0.0002469459141138941
98.02,4240,410496,591,-18.852633190000002,694,0.02,25030,-2.717446804046631,0.001,0.0016008700476959348,-4.782858371734619,0.00024151155957952142
98.02,4244,411248,592,-18.713847610000002,694,0.02,25077,-2.611452102661133,0.001,0.0024007244501262903,3.0466806888580322,0.00023754786525387317
99.01,4248,411328,592,-18.60869359,694,0.01,25082,-2.618069887161255,0.001,0.0052390978671610355,4.300904273986816,0.00023766228696331382
99.01,4252,411456,592,-18.729552270000003,694,0.01,25090,-2.611056089401245,0.001,0.0016260613920167089,0.5104637145996094,0.00023812646395526826
98.02,4256,411824,593,-18.685498300000003,694,0.02,25113,-2.663304090499878,0.001,0.001675411593168974,10.839052200317383,0.00023913828772492707
98.02,4260,412656,594,-19.020087690000004,694,0.02,25165,-2.7058944702148438,0.001,0.0014793308218941092,-4.191677093505859,0.00026396309840492904
98.02,4264,412912,594,-18.99423524,694,0.02,25181,-2.6321136951446533,0.001,0.0022923557553440332,-3.632685899734497,0.0002637866709847003
98.02,4268,413008,594,-18.93105524,694,0.02,25187,-2.5793886184692383,0.001,0.00346948578953743,-3.0930731296539307,0.0002632094547152519
98.02,4272,413424,595,-18.90598185,694,0.02,25213,-2.670565605163574,0.001,0.0023240833543241024,5.77463436126709,0.00026098688249476254
98.02,4276,414256,596,-18.87625105,694,0.02,25265,-2.666090726852417,0.001,0.000997855793684721,1.9924389123916626,0.0002620398299768567
99.01,4280,414512,596,-19.11001328,694,0.01,25281,-2.630478858947754,0.001,0.0011851273011416197,-1.4877322912216187,0.00026151156635023654
99.01,4284,414608,597,-19.07751493,694,0.01,25287,-2.5497469902038574,0.001,0.06559295952320099,-1.6227161884307861,0.00026144523872062564
98.02,4288,414992,597,-18.70726935,694,0.02,25311,-2.6744275093078613,0.001,0.001421831431798637,9.399454116821289,0.0002610886876937002
98.02,4292,415840,599,-18.866023039999998,694,0.02,25364,-2.560945987701416,0.001,0.002247059717774391,7.124602317810059,0.0002660780446603894
98.02,4296,416096,599,-18.67470769,694,0.02,25380,-2.584892749786377,0.001,0.0011139997513964772,2.0973594188690186,0.0002672160044312477
98.02,4300,416160,599,-18.53423131,694,0.02,25384,-2.6559295654296875,0.001,0.03622971475124359,-0.7308716773986816,0.0002674490096978843
98.02,4304,416592,600,-18.03485836,694,0.02,25411,-2.5484771728515625,0.001,0.0009658454218879342,-2.3671224117279053,0.00026448143762536347
98.02,4308,417440,601,-18.43356965,694,0.02,25464,-2.5606985092163086,0.001,0.0404994823038578,-6.059453964233398,0.00025721252313815057
98.02,4312,417696,601,-18.6839599,694,0.02,25480,-2.5856521129608154,0.001,0.010124558582901955,-3.908592700958252,0.0002542939910199493
98.02,4316,417760,601,-18.64054615,694,0.02,25484,-2.6546998023986816,0.001,0.001749189686961472,-6.8968658447265625,0.0002536419779062271
98.02,4320,418192,602,-18.98719413,694,0.02,25511,-2.6595263481140137,0.001,0.0012123981723561883,-3.810805559158325,0.0002486393495928496
98.02,4324,419040,603,-18.96588202,694,0.02,25564,-2.584031581878662,0.001,0.002152153290808201,3.2215797901153564,0.00024312942696269602
98.02,4328,419296,604,-19.51568533,694,0.02,25580,-2.4776291847229004,0.001,0.003558690194040537,12.241260528564453,0.0002457655791658908
98.02,4332,419360,604,-19.618565829999998,694,0.02,25584,-2.5232503414154053,0.001,0.00384449097327888,5.544073104858398,0.0002469205064699054
98.02,4336,419792,604,-19.63730358,694,0.02,25611,-2.491161346435547,0.001,0.0025522673968225718,1.7303557395935059,0.0002536734100431204
98.02,4340,420640,606,-19.615550119999998,693,0.02,25664,-2.648634672164917,0.001,0.0007854728028178215,-11.038138389587402,0.0002496336819604039
98.02,4344,420896,606,-19.72188521,693,0.02,25680,-2.6148524284362793,0.001,0.0009402044233866036,-6.917139053344727,0.0002463468408677727
98.02,4348,420960,606,-19.76911139,693,0.02,25684,-2.5175113677978516,0.001,0.0014124850276857615,-2.250028610229492,0.0002456381043884903
98.02,4352,421392,607,-19.38370358,693,0.02,25711,-2.6228246688842773,0.001,0.005040718242526054,-3.0763094425201416,0.00024231024144683033
99.01,4356,422240,608,-19.455568439999997,693,0.01,25764,-2.625847816467285,0.001,0.0034500984475016594,-6.2729291915893555,0.00023695392883382738
99.01,4360,422496,608,-19.09307225,693,0.01,25780,-2.535553455352783,0.001,0.0008485897560603917,-6.633161544799805,0.00023510905157309026
99.01,4364,422560,608,-19.15205185,693,0.01,25784,-2.5095913410186768,0.001,0.00515828188508749,-3.1825408935546875,0.0002342871594009921
99.01,4368,422992,609,-19.249231969999997,693,0.01,25811,-2.5169930458068848,0.001,0.015399344265460968,-3.0553054809570312,0.00022853710106574
99.01,4372,423840,610,-19.173972729999996,693,0.01,25864,-2.4909918308258057,0.001,0.01936168223619461,1.1539878845214844,0.00022550350695382804
99.01,4376,424096,611,-19.142846119999998,693,0.01,25880,-2.5141053199768066,0.001,0.03364533558487892,3.042050838470459,0.00022507314861286432
99.01,4380,424160,611,-18.885414839999996,693,0.01,25884,-2.5526485443115234,0.001,0.0016330990474671125,4.112051486968994,0.000225374722504057
99.01,4384,424592,612,-18.80542115,693,0.01,25911,-2.5343246459960938,0.001,0.009710364043712616,2.3806540966033936,0.00022616382921114564
100.0,4388,425440,613,-19.289297199999996,693,0.0,25964,-2.582448720932007,0.001,0.012253401800990105,4.236901760101318,0.00023364277149084955
100.0,4392,425696,613,-19.35382544,693,0.0,25980,-2.4674863815307617,0.001,0.0013849707320332527,13.034695625305176,0.0002380236255703494
100.0,4396,425760,613,-19.399087230000003,693,0.0,25984,-2.488612413406372,0.001,0.0031834968831390142,11.290103912353516,0.00023942695406731218
100.0,4400,426192,614,-19.33468316,693,0.0,26011,-2.4417834281921387,0.001,0.007443182170391083,3.737682819366455,0.0002475441142451018
100.0,4404,427040,615,-19.569812260000003,694,0.0,26064,-2.462571144104004,0.001,0.0007540524820797145,2.2291712760925293,0.0002475922810845077
100.0,4408,427296,615,-19.23433769,694,0.0,26080,-2.422488212585449,0.001,0.0012833860237151384,-7.089391708374023,0.0002479609102010727
100.0,4412,427360,615,-18.98133609,694,0.0,26084,-2.51646089553833,0.001,0.0034353164955973625,-5.774780750274658,0.00024761565146036446
100.0,4416,427792,616,-19.11953779,694,0.0,26111,-2.505864381790161,0.001,0.002440463053062558,-2.8201661109924316,0.00024227905669249594
100.0,4420,428640,617,-18.83793508,694,0.0,26164,-2.609006881713867,0.001,0.0014059569220989943,-1.586775779724121,0.0002361235674470663
100.0,4424,428896,617,-18.892980400000003,694,0.0,26180,-2.469724416732788,0.001,0.0011584314052015543,6.997082710266113,0.00023808333207853138
100.0,4428,428960,617,-18.445662740000003,694,0.0,26184,-2.2966034412384033,0.001,0.0030111330561339855,13.369114875793457,0.00023895909544080496
100.0,4432,429392,618,-18.24009141,694,0.0,26211,-2.4354004859924316,0.001,0.034735679626464844,-4.612307548522949,0.00024418835528194904
100.0,4436,430240,619,-17.95515043,694,0.0,26264,-2.429368019104004,0.001,0.004578883294016123,25.11858558654785,0.0002579128195066005
100.0,4440,430496,619,-17.78208529,694,0.0,26280,-2.5131101608276367,0.001,0.0016891309060156345,1.989098310470581,0.00026823498774319887
100.0,4444,430560,619,-17.56041285,694,0.0,26284,-2.4277095794677734,0.001,0.002644416643306613,4.80997896194458,0.00026982621056959033
100.0,4448,430992,620,-17.755337299999997,694,0.0,26311,-2.4164819717407227,0.001,0.008933030068874359,4.247608184814453,0.0002764671517070383
100.0,4452,431840,621,-17.80959645,694,0.0,26364,-2.4271950721740723,0.001,0.0033303704112768173,-3.9688820838928223,0.0002824183611664921
100.0,4456,432096,621,-18.02022046,694,0.0,26380,-2.383737325668335,0.001,0.003174077719449997,-7.4910430908203125,0.00027907645562663674
99.01,4460,432144,622,-17.94512337,694,0.01,26383,-2.41939640045166,0.001,0.005732833407819271,-8.077975273132324,0.00027824065182358027
99.01,4464,432384,622,-17.827154000000004,694,0.01,26398,-2.4040918350219727,0.001,0.0028308420442044735,-11.388494491577148,0.0002737926843110472
99.01,4468,432992,623,-17.76315719,694,0.01,26436,-2.375570774078369,0.001,0.004858185071498156,-2.8551881313323975,0.00026134104700759053
99.01,4472,433680,624,-17.689224829999997,694,0.01,26479,-2.4916739463806152,0.001,0.0008703681523911655,-10.596375465393066,0.0002561919391155243
99.01,4476,433744,624,-17.56463784,694,0.01,26483,-2.4504380226135254,0.001,0.0006955651333555579,-9.28380012512207,0.000255453895078972
99.01,4480,433984,624,-18.00758826,694,0.01,26498,-2.3977010250091553,0.001,0.022703921422362328,-9.327665328979492,0.00025098671903833747
99.01,4484,434592,625,-17.999152059999997,694,0.01,26536,-2.3189122676849365,0.001,0.0017593390075489879,-5.981256484985352,0.00024115826818160713
99.01,4488,435280,626,-17.66404185,694,0.01,26579,-2.4644269943237305,0.001,0.002099758479744196,21.899642944335938,0.00023569453333038837
99.01,4492,435344,626,-17.72947954,694,0.01,26583,-2.402754306793213,0.001,0.0018890133360400796,15.52627944946289,0.00023725918435957283
99.01,4496,435584,627,-17.57248881,694,0.01,26598,-2.3969626426696777,0.001,0.01738460548222065,3.3408114910125732,0.00024387580924667418
99.01,4500,436192,627,-17.45067718,694,0.01,26636,-2.3806450366973877,0.001,0.0006344218272715807,-1.1833086013793945,0.00024670135462656617
99.01,4504,436880,628,-17.3596767,694,0.01,26679,-2.3477590084075928,0.001,0.0015363798011094332,5.117529392242432,0.0002498935500625521
99.01,4508,436944,629,-17.385869260000003,694,0.01,26683,-2.330946445465088,0.001,0.03683377429842949,5.994765281677246,0.0002504654403310269
99.01,4512,437184,629,-17.608655080000002,694,0.01,26698,-2.4212589263916016,0.001,0.038074858486652374,3.9369869232177734,0.0002534877276048064
99.01,4516,437792,630,-17.6545336,694,0.01,26736,-2.2827792167663574,0.001,0.002595932688564062,9.910258293151855,0.0002679450553841889
98.02,4520,438464,631,-17.781042900000003,694,0.02,26778,-2.388540506362915,0.001,0.0014100599801167846,-8.050661087036133,0.00027288528508506715
98.02,4524,438528,631,-18.047691500000003,694,0.02,26782,-2.4155359268188477,0.001,0.002708603162318468,-6.845914363861084,0.0002719080075621605
97.03,4528,438624,631,-17.86521231,694,0.03,26788,-2.2705795764923096,0.001,0.0008449520682916045,-6.076797008514404,0.00027037979452870786
97.03,4532,439024,632,-17.94666307,694,0.03,26813,-2.3610687255859375,0.001,0.006084144581109285,-4.697444438934326,0.00026531307958066463
97.03,4536,439856,633,-18.168453819999996,694,0.03,26865,-2.2790415287017822,0.001,0.0014051462057977915,-8.968868255615234,0.00024999986635521054
97.03,4540,440112,633,-18.565166759999997,694,0.03,26881,-2.309969663619995,0.001,0.036372557282447815,-9.162498474121094,0.00024440433480776846
97.03,4544,440224,633,-18.768508710000003,694,0.03,26888,-2.3526740074157715,0.001,0.0008451433968730271,-4.887181282043457,0.00024207995738834143
97.03,4548,440624,634,-18.63249045,694,0.03,26913,-2.2805562019348145,0.001,0.03072838857769966,-7.004526615142822,0.00023399754718411714
97.03,4552,441456,635,-18.4791669,694,0.03,26965,-2.334256172180176,0.001,0.013328765518963337,4.622619152069092,0.00022420530149247497
97.03,4556,441712,635,-18.168291959999998,694,0.03,26981,-2.309319019317627,0.001,0.09851445257663727,-5.236249923706055,0.0002234294224763289
98.02,4560,441824,636,-18.27062053,694,0.02,26988,-2.322622776031494,0.001,0.002685199724510312,-5.507532119750977,0.0002224900235887617
98.02,4564,442224,636,-18.4675292,694,0.02,27013,-2.381545066833496,0.001,0.0011928195599466562,-13.307291984558105,0.00021669322450179607
98.02,4568,443056,637,-18.40420869,694,0.02,27065,-2.366380453109741,0.001,0.03386237844824791,9.591915130615234,0.00021001524874009192
97.03,4572,443312,638,-18.24148825,694,0.03,27081,-2.3411028385162354,0.001,0.0030789035372436047,11.065204620361328,0.00021405820734798908
97.03,4576,443360,638,-18.285385669999997,694,0.03,27084,-2.373445510864258,0.001,0.0012067821808159351,16.035898208618164,0.00021497163106687367
97.03,4580,443792,639,-17.98827084,694,0.03,27111,-2.307112455368042,0.001,0.0048849559389054775,17.871679306030273,0.00022677115339320153
96.04,4584,444192,639,-17.76545787,694,0.04,27136,-2.303039073944092,0.001,0.0021199178881943226,7.603610992431641,0.00023756123846396804
95.05,4588,444864,640,-17.614621869999997,694,0.05,27178,-2.34784197807312,0.001,0.009563945233821869,3.7994349002838135,0.00025107074179686606
95.05,4592,444928,640,-17.2933234,694,0.05,27182,-2.244781017303467,0.001,0.002404754050076008,-7.327127933502197,0.00025173151516355574
95.05,4596,445072,640,-17.45792249,694,0.05,27191,-2.264338493347168,0.001,0.0028099841438233852,-5.230817794799805,0.00025194670888595283
95.05,4600,445696,641,-17.499712639999995,694,0.05,27230,-2.359405040740967,0.001,0.001317133428528905,-3.610368490219116,0.00024900215794332325
95.05,4604,446464,642,-17.55628495,694,0.05,27278,-2.3694546222686768,0.001,0.0022691343910992146,-0.22675490379333496,0.0002474352950230241
95.05,4608,446528,643,-17.632983030000002,694,0.05,27282,-2.304307460784912,0.001,0.0035174742806702852,2.9926810264587402,0.0002476551162544638
95.05,4612,446672,643,-17.65861592,694,0.05,27291,-2.156585931777954,0.001,0.21452683210372925,6.140019416809082,0.00024825098807923496
95.05,4616,447296,644,-17.6804364,694,0.05,27330,-2.22879958152771,0.001,0.009655062109231949,1.9667253494262695,0.000255932827712968
96.04,4620,448064,645,-17.649393460000002,694,0.04,27378,-2.242464065551758,0.001,0.0016661895206198096,6.466609477996826,0.00025408598594367504
96.04,4624,448128,645,-17.320408580000002,694,0.04,27382,-2.2057275772094727,0.001,0.0015977544244378805,6.618873119354248,0.00025468572857789695
97.03,4628,448272,645,-17.38898507,694,0.03,27391,-2.1797468662261963,0.001,0.07296767830848694,2.8208799362182617,0.0002561100700404495
97.03,4632,448896,646,-17.38640872,694,0.03,27430,-2.288339138031006,0.001,0.0050654662773013115,-6.766746520996094,0.0002566154580563307
97.03,4636,449664,647,-17.237819,694,0.03,27478,-2.2921535968780518,0.001,0.0019211580511182547,-7.582257270812988,0.0002467319427523762
96.04,4640,449728,647,-16.920930399999996,694,0.04,27482,-2.3659865856170654,0.001,0.0024867297615855932,-5.701894283294678,0.000245898962020874
95.05,4644,449760,647,-16.66187044,694,0.05,27484,-2.2475523948669434,0.001,0.0014077569358050823,-5.623255729675293,0.00024548190413042903
95.05,4648,450192,648,-16.6653904,694,0.05,27511,-2.1580872535705566,0.001,0.001657029497437179,-6.432208061218262,0.00023788360704202205
94.06,4652,450608,648,-16.62104065,694,0.06,27537,-2.2413573265075684,0.001,0.15852206945419312,-3.077476978302002,0.0002329945855308324
94.06,4656,451296,650,-16.74761926,694,0.06,27580,-2.215360641479492,0.001,0.0027480553835630417,-6.643599510192871,0.0002271585981361568
93.07,4660,451344,650,-16.659096760000004,694,0.07,27583,-2.256807804107666,0.001,0.0012434804812073708,-7.328478813171387,0.0002267285599373281
93.07,4664,451472,650,-16.8867069,694,0.07,27591,-2.276538610458374,0.001,0.0014085900038480759,-4.5506463050842285,0.0002254809223813936
93.07,4668,452112,651,-16.85296361,694,0.07,27631,-2.290827512741089,0.001,0.005690150894224644,0.8936219215393066,0.00022397428983822465
93.07,4672,452656,652,-16.854762110000003,694,0.07,27665,-2.182157039642334,0.001,0.0018268171697854996,-0.3819766044616699,0.00022965266543906182
91.09,4676,452896,652,-16.694061259999998,694,0.09,27680,-2.1761879920959473,0.001,0.0043436079286038876,4.704354286193848,0.00023027179122436792
91.09,4680,452960,652,-16.67752303,694,0.09,27684,-2.2041120529174805,0.001,0.0010549115249887109,0.3355593681335449,0.00023035833146423101
92.08,4684,453184,652,-17.050422689999998,694,0.08,27698,-2.2226834297180176,0.001,0.001602870412170887,-0.09819364547729492,0.00023044622503221035
93.07,4688,453808,653,-17.39413492,694,0.07,27737,-2.289350986480713,0.001,0.003571143839508295,1.0606355667114258,0.000231671379879117
93.07,4692,454496,654,-17.366171430000005,693,0.07,27780,-2.1656672954559326,0.001,0.03283181041479111,-0.8064429759979248,0.00023534774663858116
92.08,4696,454544,655,-17.148317940000005,693,0.08,27783,-2.163670063018799,0.001,0.001044363365508616,-1.0854986906051636,0.00023536503431387246
92.08,4700,454672,655,-17.185105640000003,693,0.08,27791,-2.130366086959839,0.001,0.002909522969275713,-5.3405351638793945,0.00023505052377004176
92.08,4704,455312,656,-17.19856358,693,0.08,27831,-2.204456329345703,0.001,0.003324983175843954,-6.361811637878418,0.0002252745907753706
92.08,4708,456064,657,-17.080487440000002,693,0.08,27878,-2.1997740268707275,0.001,0.0014826592523604631,-5.58737850189209,0.00021196158195380121
91.09,4712,456128,657,-16.89421638,693,0.09,27882,-2.1882989406585693,0.001,0.012264629825949669,-4.530823707580566,0.00021107181964907795
91.09,4716,456224,657,-17.0036325,693,0.09,27888,-2.1797680854797363,0.001,0.0007723181624896824,-8.46348762512207,0.00020981747366022319
91.09,4720,456640,658,-16.883521990000002,693,0.09,27914,-2.130319833755493,0.001,0.001835209084674716,-13.994351387023926,0.0002038453530985862
91.09,4724,457488,659,-16.709580600000002,693,0.09,27967,-2.180753231048584,0.001,0.0018092599930241704,-4.165427207946777,0.00019386797794140875
91.09,4728,457728,659,-16.812466340000004,693,0.09,27982,-2.1771955490112305,0.001,0.0025164270773530006,7.418853759765625,0.0001920205686474219
91.09,4732,457824,659,-16.93816084,693,0.09,27988,-2.1818532943725586,0.001,0.0017296047881245613,21.494932174682617,0.00019236168009229004
91.09,4736,458240,660,-17.10526744,693,0.09,28014,-2.107558250427246,0.001,0.005013260990381241,6.5396294593811035,0.00020290198153816164
91.09,4740,459088,661,-16.95287081,693,0.09,28067,-2.1641452312469482,0.001,0.005059682298451662,1.0370361804962158,0.0002018726518144831
93.07,4744,459328,662,-17.30304926,693,0.07,28082,-2.056612491607666,0.001,0.00898466631770134,15.470197677612305,0.00020332483109086752
93.07,4748,459424,662,-17.38019235,693,0.07,28088,-2.1557371616363525,0.001,0.0008606213377788663,17.27342987060547,0.0002049160102615133
93.07,4752,459808,662,-17.40963578,693,0.07,28112,-2.059351921081543,0.001,0.001111196237616241,1.29317045211792,0.00021035742247477174
93.07,4756,460656,664,-17.579687609999997,693,0.07,28165,-2.1629130840301514,0.001,0.0020617013797163963,4.7014665603637695,0.0002107863692799583
94.06,4760,460928,664,-17.630383799999997,693,0.06,28182,-2.073031425476074,0.001,0.0021722731180489063,9.715190887451172,0.00021228526020422578
94.06,4764,460960,664,-17.57988475,693,0.06,28184,-2.0752854347229004,0.001,0.0012420766288414598,5.352501392364502,0.0002126021427102387
93.07,4768,461184,664,-17.418038080000002,693,0.07,28198,-2.105863332748413,0.001,0.0063776616007089615,9.618924140930176,0.0002153101668227464
94.06,4772,461808,665,-17.543195200000003,693,0.06,28237,-2.1800780296325684,0.001,0.006087568588554859,4.336320877075195,0.00022363000607583672
96.04,4776,462512,666,-17.78359028,693,0.04,28281,-2.1842234134674072,0.001,0.004950697533786297,-7.376751899719238,0.0002231655817013234
96.04,4780,462560,666,-17.87726691,693,0.04,28284,-2.1602885723114014,0.001,0.0016784229082986712,-7.558406352996826,0.00022279236873146147
96.04,4784,462784,667,-17.76905791,693,0.04,28298,-2.1463828086853027,0.001,0.0011785095557570457,-4.776072025299072,0.00022064535005483776
96.04,4788,463408,668,-17.720797649999998,693,0.04,28337,-2.1301403045654297,0.001,0.0023161624558269978,-8.054082870483398,0.00021463977464009076
96.04,4792,464112,669,-17.999472190000002,693,0.04,28381,-2.161210775375366,0.001,0.0012530609965324402,0.6632623672485352,0.00020943583513144404
97.03,4796,464160,669,-18.510462989999997,693,0.03,28384,-2.044356346130371,0.001,0.0026748119853436947,3.613300085067749,0.00020966544980183244
95.05,4800,464240,669,-18.309179729999997,693,0.05,28389,-1.9923992156982422,0.001,0.00798072200268507,9.480232238769531,0.00021011001081205904
95.05,4804,464640,670,-18.33839463,693,0.05,28414,-2.0914242267608643,0.001,0.0011807436821982265,-6.416499137878418,0.00021206651581451297
94.06,4808,465456,671,-18.2469182,693,0.06,28465,-2.1311371326446533,0.001,0.001713927835226059,-5.208855152130127,0.00020877494534943253
95.05,4812,465728,671,-18.30687742,693,0.05,28482,-2.060267925262451,0.001,0.0012480586301535368,-2.598329544067383,0.00020761364430654794
95.05,4816,465776,671,-18.36750406,693,0.05,28485,-2.084806442260742,0.001,0.001228013657964766,-3.228971242904663,0.0002073384093819186
94.06,4820,465984,672,-18.26570144,693,0.06,28498,-2.0879597663879395,0.001,0.004730169661343098,-7.096273899078369,0.00020609346393030137
94.06,4824,466624,672,-18.55495003,693,0.06,28538,-2.0614235401153564,0.001,0.008060352876782417,0.0648031234741211,0.00020318875613156706
93.07,4828,467264,673,-18.36630823,693,0.07,28578,-1.9760713577270508,0.001,0.017162060365080833,-5.6512064933776855,0.00019920931663364172
93.07,4832,467344,673,-18.14531783,693,0.07,28583,-2.1418607234954834,0.001,0.0060342950746417046,-7.396537780761719,0.0001985169219551608
93.07,4836,467472,674,-18.29796583,693,0.07,28591,-2.0646140575408936,0.001,0.00172941735945642,-3.1074275970458984,0.00019740324933081865
92.08,4840,467840,674,-18.137582480000003,693,0.08,28614,-1.9837663173675537,0.001,0.0037035634741187096,-0.8371477127075195,0.00019453118147794157
91.09,4844,468672,675,-17.937955059999997,693,0.09,28666,-2.0210328102111816,0.001,0.003070979379117489,-2.934041976928711,0.00019104898092336953
91.09,4848,468928,676,-17.688287610000003,693,0.09,28682,-2.041531562805176,0.001,0.0016582993557676673,-1.9855504035949707,0.0001897302718134597
92.08,4852,468992,676,-17.87484242,693,0.08,28686,-2.028435230255127,0.001,0.0014659723965451121,-2.186514139175415,0.00018947657372336835
92.08,4856,469424,677,-17.67968981,693,0.08,28713,-1.9786105155944824,0.001,0.0022965739481151104,-2.0115842819213867,0.0001876345049822703
91.09,4860,469840,677,-17.40463488,693,0.09,28739,-2.0615410804748535,0.001,0.0032309573143720627,0.6865534782409668,0.00018544991326052696
91.09,4864,470512,678,-17.31891975,693,0.09,28781,-1.9967281818389893,0.001,0.009223619475960732,7.056578159332275,0.00018553411064203829
92.08,4868,470576,678,-17.46162061,693,0.08,28785,-2.1180267333984375,0.001,0.002061534905806184,2.895183801651001,0.00018585394718684256
91.09,4872,470672,678,-17.42255364,693,0.09,28791,-1.9866043329238892,0.001,0.0016115838661789894,8.589275360107422,0.00018652442668098956
91.09,4876,471312,679,-17.5446866,693,0.09,28831,-2.0994324684143066,0.001,0.0027766271959990263,0.6765499114990234,0.00019306797184981406
91.09,4880,472064,680,-17.6463982,693,0.09,28878,-2.0693960189819336,0.001,0.0016992458840832114,4.723011493682861,0.00020026994752697647
91.09,4884,472144,681,-17.79654322,693,0.09,28883,-2.0077199935913086,0.001,0.0025792568922042847,-0.35141247510910034,0.00020079394744243473
91.09,4888,472272,681,-17.64983711,693,0.09,28891,-1.9722014665603638,0.001,0.0028786626644432545,0.07525968551635742,0.0002012064796872437
90.1,4892,472672,681,-17.48630691,693,0.1,28916,-2.01050066947937,0.001,0.0025596236810088158,-8.620047569274902,0.00019841943867504597
89.2,4896,473472,682,-17.003629150000002,693,0.11,28966,-2.047417640686035,0.001,0.002042593900114298,-1.4142100811004639,0.0001978252112166956
91.18,4900,473728,683,-16.93999312,693,0.09,28982,-1.9757442474365234,0.001,0.0037098873872309923,-5.733914852142334,0.00019667489686980844
91.18,4904,473808,683,-16.96564425,693,0.09,28987,-1.9299125671386719,0.001,0.038510337471961975,-7.430818557739258,0.00019600494124460965
92.17,4908,474224,684,-17.1358423,693,0.08,29013,-1.967940330505371,0.001,0.011257277801632881,-0.7844953536987305,0.00019198869995307177
92.17,4912,475072,685,-17.088668239999997,693,0.08,29066,-1.977670431137085,0.001,0.0015156511217355728,15.588500022888184,0.00019330359646119177
93.16,4916,475328,685,-17.236800309999996,693,0.07,29082,-2.025404930114746,0.001,0.001457947539165616,7.0039496421813965,0.00019895528384950012
93.16,4920,475408,685,-17.30567459,693,0.07,29087,-1.8924314975738525,0.001,0.002486857818439603,5.565291881561279,0.00020047194266226143
93.16,4924,475824,686,-17.50085357,693,0.07,29113,-1.919234037399292,0.001,0.015371643006801605,-1.0081815719604492,0.00020274703274480999
94.15,4928,476672,687,-17.980123919999997,693,0.06,29166,-1.961018681526184,0.001,0.002246200107038021,8.368307113647461,0.0002061410341411829
94.15,4932,476928,687,-17.86961619,693,0.06,29182,-1.9602351188659668,0.001,0.0028324807062745094,2.2849578857421875,0.0002099575795000419
94.15,4936,477008,688,-17.716171969999998,693,0.06,29187,-1.9323360919952393,0.001,0.0075827706605196,5.903751373291016,0.0002109349734382704
95.14,4940,477424,688,-18.06851516,693,0.05,29213,-2.0080020427703857,0.001,0.0015284244436770678,14.998619079589844,0.0002197092690039426
96.13,4944,478272,689,-18.3254366,693,0.04,29266,-1.9602298736572266,0.001,0.001149125979281962,-6.501825332641602,0.000234876642934978
96.13,4948,478528,690,-18.486733649999998,693,0.04,29282,-1.9091849327087402,0.001,0.008416485041379929,-12.272087097167969,0.00023348219110630453
96.13,4952,478608,690,-18.47099141,693,0.04,29287,-1.9646546840667725,0.001,0.007789398543536663,-11.347173690795898,0.00023228929785545915
96.13,4956,479024,691,-18.75643031,693,0.04,29313,-1.9632457494735718,0.001,0.0051512159407138824,-7.337158203125,0.00022589783475268632
96.13,4960,479600,691,-18.9809122,693,0.04,29349,-1.9322717189788818,0.001,0.005431946367025375,1.3790669441223145,0.00022063251526560634
96.13,4964,480112,692,-18.8599167,693,0.04,29381,-1.8390216827392578,0.001,0.0013198642991483212,13.512269020080566,0.00022037028975319117
96.13,4968,480176,692,-18.69786667,693,0.04,29385,-1.9532219171524048,0.001,0.00399597454816103,11.941167831420898,0.00022131972946226597
97.12,4972,480384,693,-18.731373350000002,693,0.03,29398,-1.8817415237426758,0.001,0.032113976776599884,6.754256725311279,0.00022510621056426316
97.12,4976,481200,694,-18.787393,693,0.03,29449,-1.906285047531128,0.001,0.0013563248794525862,0.1051173210144043,0.00022770736541133374
97.12,4980,481712,694,-18.81844535,693,0.03,29481,-1.9270250797271729,0.001,0.016275230795145035,8.552264213562012,0.00023189619241748005
97.12,4984,481776,695,-18.6155547,693,0.03,29485,-1.9848084449768066,0.001,0.032851215451955795,9.09799575805664,0.00023280447931028903
97.12,4988,481984,695,-18.64085412,693,0.03,29498,-1.9396352767944336,0.001,0.09984149038791656,-3.300837516784668,0.00023649992363061756
97.12,4992,482512,696,-18.52685633,693,0.03,29531,-1.9566066265106201,0.001,0.0019017832819372416,-5.327807426452637,0.00023600425629410893
98.02,4996,483264,697,-18.544872059999996,693,0.02,29578,-1.8805694580078125,0.001,0.021913206204771996,-4.719888687133789,0.00023200501163955778
98.02,5000,483344,697,-18.706295360000002,693,0.02,29583,-1.8888225555419922,0.001,0.005817693658173084,-7.782703399658203,0.00023109700123313814
98.02,5004,483472,697,-18.763689499999998,692,0.02,29591,-1.9465916156768799,0.001,0.01049189642071724,-7.4610490798950195,0.00022936880122870207
98.02,5008,484112,698,-18.698599429999998,693,0.02,29631,-1.8959754705429077,0.001,0.0027021251153200865,-0.26746320724487305,0.0002232270926469937
98.02,5012,484864,699,-18.688617439999998,693,0.02,29678,-1.883108377456665,0.001,0.0023967111483216286,4.7206926345825195,0.0002215535205323249
98.02,5016,484944,699,-18.697510729999998,693,0.02,29683,-1.8953911066055298,0.001,0.0016419475432485342,0.4375581741333008,0.00022150851145852357
98.02,5020,485072,699,-18.80445783,693,0.02,29691,-1.8904913663864136,0.001,0.00689093628898263,1.0381977558135986,0.0002217483997810632
98.02,5024,485712,700,-18.6606256,693,0.02,29731,-1.9102355241775513,0.001,0.001681135268881917,0.39546680450439453,0.00023164287267718464
98.02,5028,486464,701,-18.398397539999998,693,0.02,29778,-1.8719370365142822,0.001,0.0016676464583724737,-5.24177360534668,0.00023390071874018759
98.02,5032,486544,701,-18.302617889999997,693,0.02,29783,-1.8732131719589233,0.001,0.0011427422286942601,-7.241617202758789,0.00023318399325944483
97.03,5036,486640,702,-17.952871379999998,693,0.03,29789,-1.9524842500686646,0.001,0.0008154360693879426,-11.1201810836792,0.00023210349900182337
97.03,5040,487104,702,-17.934033850000002,693,0.03,29818,-1.8848211765289307,0.001,0.0026099944952875376,-8.337677001953125,0.0002242780028609559
96.04,5044,487872,704,-17.79820349,692,0.04,29866,-1.8615273237228394,0.001,0.009297387674450874,-2.452589511871338,0.00021519808797165751
96.04,5048,488128,704,-17.6958659,692,0.04,29882,-1.934943437576294,0.001,0.004080495797097683,-4.317501544952393,0.00021415212540887296
96.04,5052,488224,704,-17.56001778,692,0.04,29888,-1.8487545251846313,0.001,0.002001312794163823,1.241506576538086,0.0002140453434549272
96.04,5056,488624,705,-17.25614484,692,0.04,29913,-1.8466495275497437,0.001,0.0022771283984184265,8.668787002563477,0.0002177297865273431
95.05,5060,488912,705,-16.98099006,692,0.05,29931,-1.82672119140625,0.001,0.0019097852054983377,-0.46146106719970703,0.0002217843575635925
94.06,5064,489488,706,-16.9285312,692,0.06,29967,-1.7806724309921265,0.001,0.012305635958909988,2.83475923538208,0.0002250235847895965
94.06,5068,489728,706,-17.17542504,692,0.06,29982,-1.848511815071106,0.001,0.003596863942220807,2.588149070739746,0.0002253237908007577
94.06,5072,489840,706,-17.17880335,692,0.06,29989,-1.8651312589645386,0.001,0.002116164658218622,0.6514391899108887,0.00022577463823836297
94.06,5076,490352,707,-17.173258750000002,692,0.06,30021,-1.8757412433624268,0.001,0.0015245969407260418,-2.11722469329834,0.000227129363338463
94.06,5080,491088,708,-17.02540789,692,0.06,30067,-1.830008625984192,0.001,0.0014452259056270123,-3.313129186630249,0.00022563258244190365
94.06,5084,491328,709,-17.10818859,692,0.06,30082,-1.6887587308883667,0.001,0.002784718992188573,-5.32289981842041,0.0002233569830423221
94.06,5088,491440,709,-17.13649175,692,0.06,30089,-1.7860922813415527,0.001,0.014527814462780952,-4.663421630859375,0.0002220658352598548
95.05,5092,491952,709,-18.2815874,692,0.05,30121,-1.7946587800979614,0.001,0.003949101082980633,3.859926223754883,0.0002192017564084381
95.05,5096,492688,711,-18.482303809999998,692,0.05,30167,-1.878783941268921,0.001,0.0014512029010802507,2.2885212898254395,0.00022532638104166836
94.06,5100,492928,711,-18.429235770000002,692,0.06,30182,-1.8408262729644775,0.001,0.0008694786811247468,1.3495895862579346,0.00022787766647525132
94.06,5104,493024,711,-18.314095039999998,692,0.06,30188,-1.855004072189331,0.001,0.0012551689287647605,2.6556830406188965,0.0002287390234414488
93.07,5108,493200,711,-18.093435369999998,692,0.07,30199,-1.878965139389038,0.001,0.003385645803064108,2.7960734367370605,0.00023035854974295944
93.07,5112,494000,713,-18.30474739,692,0.07,30249,-1.8279261589050293,0.001,0.001259335083886981,3.513334035873413,0.00023294550192076713
93.07,5116,494528,713,-18.79807958,692,0.07,30282,-1.8321973085403442,0.001,0.0021767551079392433,-5.2346978187561035,0.00023252643586602062
93.07,5120,494576,713,-18.772376379999997,692,0.07,30285,-1.78172767162323,0.001,0.002975629875436425,0.36152172088623047,0.00023224232427310199
93.07,5124,494800,714,-18.46190091,692,0.07,30299,-1.8191204071044922,0.001,0.008957276120781898,-2.457411050796509,0.00023122331185732037
93.07,5128,495600,715,-18.53446372,692,0.07,30349,-1.7712128162384033,0.001,0.004126660991460085,13.461080551147461,0.0002291634737048298
93.07,5132,496128,716,-18.848526019999998,692,0.07,30382,-1.8651225566864014,0.001,0.0016789347864687443,12.479287147521973,0.0002453005581628531
93.07,5136,496160,716,-18.865196909999998,692,0.07,30384,-1.8247840404510498,0.001,0.003412427846342325,11.644880294799805,0.0002463407290633768
93.07,5140,496272,716,-19.106924080000002,692,0.07,30391,-1.734328031539917,0.001,0.0017180487047880888,7.414374351501465,0.0002498060930520296
94.06,5144,496912,717,-19.066275570000002,692,0.06,30431,-1.8172833919525146,0.001,0.007094481028616428,-4.8533244132995605,0.00025267890305258334
94.06,5148,497664,718,-19.36466048,693,0.06,30478,-1.754058599472046,0.001,0.021659186109900475,-3.7486915588378906,0.00024431716883555055
94.06,5152,497760,718,-19.69429924,692,0.06,30484,-1.8252873420715332,0.001,0.005020870361477137,-9.279731750488281,0.0002427663712296635
94.06,5156,497872,718,-19.928233450000004,692,0.06,30491,-1.7932449579238892,0.001,0.005595847964286804,-4.975708484649658,0.00024096216657198966
96.04,5160,498512,719,-20.24594642,692,0.04,30531,-1.7714600563049316,0.001,0.005724865011870861,-3.631178855895996,0.00023238389985635877
97.03,5164,499264,720,-20.53171067,692,0.03,30578,-1.6807363033294678,0.001,0.005425273906439543,22.11945343017578,0.00023789268743712455
97.03,5168,499360,720,-20.453432520000003,692,0.03,30584,-1.7156708240509033,0.001,0.0013288313057273626,21.98019790649414,0.00024167420633602887
97.03,5172,499472,720,-20.306246079999998,692,0.03,30591,-1.7658634185791016,0.001,0.0015210449928417802,8.376931190490723,0.000246083625825122
97.03,5176,500112,721,-20.55141983,692,0.03,30631,-1.7339775562286377,0.001,0.0008269597310572863,19.384822845458984,0.00025522842770442367
97.03,5180,500864,722,-20.75965085,692,0.03,30678,-1.7542901039123535,0.001,0.0022541352082043886,11.25971794128418,0.00026809892733581364
97.03,5184,500960,722,-20.967852699999998,692,0.03,30684,-1.760986328125,0.001,0.002655347343534231,17.49491310119629,0.00027010272606275976
97.03,5188,501072,723,-21.106575919999997,692,0.03,30691,-1.757897138595581,0.001,0.0012186866952106357,19.243736267089844,0.00027328217402100563
97.03,5192,501712,724,-20.18701448,692,0.03,30731,-1.7854390144348145,0.001,0.0019850849639624357,-4.685609817504883,0.00029945161077193916
97.03,5196,502464,725,-19.84561001,692,0.03,30778,-1.7725732326507568,0.001,0.0014275473076850176,-13.566671371459961,0.0002873942721635103
98.02,5200,502560,725,-20.24075265,692,0.02,30784,-1.7174755334854126,0.001,0.0038745610509067774,-13.704694747924805,0.0002848525473382324
98.02,5204,502672,725,-20.234427020000002,692,0.02,30791,-1.8082375526428223,0.001,0.0025565391406416893,-13.642690658569336,0.0002818877110257745
99.01,5208,503312,726,-20.716279270000005,692,0.01,30831,-1.7326050996780396,0.001,0.0011825200635939837,-9.540023803710938,0.00026532396441325545
99.01,5212,504064,727,-20.65119559,692,0.01,30878,-1.6666316986083984,0.001,0.001280398340895772,0.6745729446411133,0.0002598055580165237
99.01,5216,504160,727,-20.672955260000002,692,0.01,30884,-1.7395063638687134,0.001,0.0640711784362793,-3.1191701889038086,0.000259829597780481
99.01,5220,504272,727,-20.56638829,692,0.01,30891,-1.63425612449646,0.001,0.008142628706991673,-1.7003686428070068,0.00025948663824237883
99.01,5224,504912,728,-20.829820209999998,692,0.01,30931,-1.797295331954956,0.001,0.05500202998518944,-3.169398307800293,0.00025449562235735357
99.01,5228,505664,729,-20.864759230000004,692,0.01,30978,-1.7257053852081299,0.001,0.0033170212991535664,9.527533531188965,0.00025170340086333454
99.01,5232,505760,730,-20.94640747,692,0.01,30984,-1.685474157333374,0.001,0.0013933535665273666,20.495935440063477,0.0002528517507016659
100.0,5236,505872,730,-21.310869919999995,692,0.0,30991,-1.7837462425231934,0.001,0.0022556260228157043,37.36359405517578,0.00025631458265706897
100.0,5240,506512,731,-20.844213999999997,692,0.0,31031,-1.684971809387207,0.001,0.02295977808535099,35.25315475463867,0.000291714706690982
100.0,5244,507264,732,-20.77114896,692,0.0,31078,-1.7066431045532227,0.001,0.001541724894195795,-8.342068672180176,0.0003135189472232014
100.0,5248,507360,732,-20.675447480000003,692,0.0,31084,-1.7446147203445435,0.001,0.0014195360708981752,-2.558753252029419,0.00031267511076293886
99.01,5252,507440,732,-20.061375119999997,692,0.01,31089,-1.6665680408477783,0.001,0.0013904734514653683,-1.858299970626831,0.0003120337787549943
99.01,5256,507952,733,-20.20544099,692,0.01,31121,-1.6812955141067505,0.001,0.06391558051109314,13.823995590209961,0.00031015192507766187
99.01,5260,508688,734,-20.18915737,692,0.01,31167,-1.6215370893478394,0.001,0.003992502577602863,0.6067636013031006,0.0003205806133337319
99.01,5264,508928,734,-19.95516957,692,0.01,31182,-1.587794303894043,0.001,0.029058465734124184,-0.3716416358947754,0.00031997126643545926
98.02,5268,509024,734,-19.942823530000002,692,0.02,31188,-1.6912847757339478,0.001,0.0024907514452934265,5.088037490844727,0.00031974492594599724
98.02,5272,509424,735,-20.32619212,692,0.02,31213,-1.6777094602584839,0.001,0.00958040077239275,2.6074180603027344,0.0003217506455257535
98.02,5276,510288,736,-20.04037675,692,0.02,31267,-1.6233835220336914,0.001,0.010086223483085632,-10.952576637268066,0.00031874357955530286
98.02,5280,510528,736,-20.15414907,692,0.02,31282,-1.6966485977172852,0.001,0.002571959514170885,-12.924895286560059,0.00031387765193358064
98.02,5284,510624,736,-20.07906097,693,0.02,31288,-1.7274093627929688,0.001,0.0022313722874969244,-5.570683479309082,0.00031188622233457863
98.02,5288,511024,737,-20.159769249999997,692,0.02,31313,-1.6741645336151123,0.001,0.0011117785470560193,-8.8499116897583,0.0003067096113227308
98.02,5292,511888,738,-20.35317222,692,0.02,31367,-1.6183712482452393,0.001,0.0021194627042859793,-6.9664812088012695,0.00029062258545309305
98.02,5296,512128,739,-20.43457664,692,0.02,31382,-1.7225838899612427,0.001,0.018855508416891098,-9.79066276550293,0.000286468566628173
98.02,5300,512224,739,-20.3477133,692,0.02,31388,-1.654606819152832,0.001,0.0007084844401106238,-11.191502571105957,0.00028506910894066095
97.03,5304,512400,739,-20.09443125,692,0.03,31399,-1.6785423755645752,0.001,0.01042882725596428,-2.012537956237793,0.00028264414868317544
97.03,5308,513200,740,-19.95596437,692,0.03,31449,-1.6483722925186157,0.001,0.006360112689435482,1.017491340637207,0.0002773994638118893
97.03,5312,513728,741,-19.96623635,692,0.03,31482,-1.590614914894104,0.001,0.0018539512529969215,4.107264518737793,0.00027841556584462523
97.03,5316,513792,741,-19.525730010000004,692,0.03,31486,-1.6967134475708008,0.001,0.0033737746998667717,-2.5062241554260254,0.000278685474768281
97.03,5320,514000,741,-19.145329760000003,692,0.03,31499,-1.700613260269165,0.001,0.0021213211584836245,-10.559536933898926,0.0002788146957755089
97.03,5324,514800,743,-19.054861849999998,692,0.03,31549,-1.626635193824768,0.001,0.0013683444121852517,-10.419900894165039,0.0002669671375770122
96.04,5328,515264,743,-19.02305185,692,0.04,31578,-1.63002610206604,0.001,0.001465994631871581,-7.336152076721191,0.0002615123230498284
96.04,5332,515376,744,-19.12065909,692,0.04,31585,-1.6493003368377686,0.001,0.0017191297374665737,-4.807992935180664,0.00026038524811156094
96.04,5336,515472,744,-18.766939949999998,692,0.04,31591,-1.6228361129760742,0.001,0.016902981325984,-5.202112197875977,0.000259567575994879
96.04,5340,516112,745,-18.807334720000004,692,0.04,31631,-1.6920549869537354,0.001,0.004200361669063568,-7.839785575866699,0.0002540099376346916
96.04,5344,516864,746,-19.172834039999998,692,0.04,31678,-1.6573785543441772,0.001,0.0009367296006530523,-10.196916580200195,0.00024325955018866807
96.04,5348,516976,746,-18.980639580000002,692,0.04,31685,-1.5714073181152344,0.001,0.004583841189742088,-10.0781831741333,0.00024151592515408993
97.03,5352,517072,746,-19.32339544,692,0.03,31691,-1.6468102931976318,0.001,0.016343537718057632,-5.112010955810547,0.0002402370737399906
96.04,5356,517552,747,-18.84017235,692,0.04,31721,-1.6611335277557373,0.001,0.0010236816015094519,-1.4208154678344727,0.00023833346494939178
96.04,5360,518288,748,-19.11928127,692,0.04,31767,-1.5420167446136475,0.001,0.003707155119627714,-2.554928779602051,0.00023562756541650742
96.04,5364,518528,748,-19.11063394,692,0.04,31782,-1.6086037158966064,0.001,0.001440634485334158,-5.515347957611084,0.00023423532547894865
97.03,5368,518656,749,-19.09663232,692,0.03,31790,-1.5921988487243652,0.001,0.0011456721695140004,-8.820536613464355,0.00023289729142561555
97.03,5372,519152,749,-19.02519571,692,0.03,31821,-1.6243082284927368,0.001,0.0070605031214654446,-5.0726118087768555,0.00022716661624144763
96.04,5376,519888,750,-18.83164758,692,0.04,31867,-1.5881307125091553,0.001,0.004900568164885044,-0.5458712577819824,0.0002237812732346356
96.04,5380,520128,751,-18.45548807,692,0.04,31882,-1.5688447952270508,0.001,0.0027020848356187344,3.883395195007324,0.00022311470820568502
96.04,5384,520224,751,-18.2714113,692,0.04,31888,-1.6074916124343872,0.001,0.02519180253148079,-1.3641986846923828,0.00022307620383799076
96.04,5388,520624,751,-18.05866392,692,0.04,31913,-1.4549614191055298,0.001,0.006059714127331972,-0.16573143005371094,0.0002225428615929559
95.05,5392,521216,752,-18.006441419999998,692,0.05,31950,-1.616102695465088,0.001,0.0020270864479243755,-7.48227596282959,0.00021846400341019034
95.05,5396,521728,753,-17.63293631,692,0.05,31982,-1.5126371383666992,0.001,0.0020663957111537457,-2.8314194679260254,0.00021505118638742715
95.05,5400,521792,753,-17.641064850000003,692,0.05,31986,-1.4660488367080688,0.001,0.0025994516909122467,-6.234347820281982,0.00021471142827067524
96.04,5404,522016,754,-17.82130763,692,0.04,32000,-1.5651530027389526,0.001,0.0016192977782338858,-0.5663454532623291,0.00021317711798474193
96.04,5408,522816,755,-17.62137908,691,0.04,32050,-1.5292001962661743,0.001,0.001727077178657055,-1.9292693138122559,0.00020797648176085204
94.06,5412,523104,755,-17.218899850000003,692,0.06,32068,-1.5705716609954834,0.001,0.0020817634649574757,-0.5479888916015625,0.00020712734840344638
94.06,5416,523328,756,-16.953842350000002,692,0.06,32082,-1.6273810863494873,0.001,0.002585741225630045,0.1179952621459961,0.0002072352363029495
94.06,5420,523456,756,-17.167023729999997,692,0.06,32090,-1.4180679321289062,0.001,0.010902675800025463,-0.560755729675293,0.00020743691129609942
94.06,5424,523968,757,-17.14443248,691,0.06,32122,-1.6348013877868652,0.001,0.015254714526236057,-2.9946484565734863,0.00020608423801604658
95.05,5428,524704,758,-17.74244268,691,0.05,32168,-1.549544095993042,0.001,0.01821664161980152,0.9203970432281494,0.00020519839017651975
95.05,5432,524928,758,-17.682600519999998,691,0.05,32182,-1.5420665740966797,0.001,0.009075296111404896,0.326854944229126,0.00020596850663423538
95.05,5436,525056,758,-17.91077369,691,0.05,32190,-1.5396053791046143,0.001,0.00183581851888448,5.55377721786499,0.00020648654026445001
95.05,5440,525568,759,-18.034951829999997,691,0.05,32222,-1.518234133720398,0.001,0.0013625791762024164,2.8320367336273193,0.0002062545099761337
94.16,5444,526288,760,-17.72404061,691,0.06,32267,-1.5638647079467773,0.001,0.0007709372439421713,4.314661979675293,0.000207409611903131
94.16,5448,526528,761,-18.058819109999998,691,0.06,32282,-1.5064208507537842,0.001,0.002843680791556835,1.7241387367248535,0.00020798284094780684
94.16,5452,526624,761,-18.186643049999997,691,0.06,32288,-1.5201715230941772,0.001,0.0035682939924299717,-1.0503778457641602,0.00020794257579836994
95.15,5456,527040,761,-18.268626110000003,691,0.05,32314,-1.453275203704834,0.001,0.004405268467962742,-5.255954742431641,0.00020634914108086377
95.15,5460,527888,763,-17.948378330000004,691,0.05,32367,-1.5377123355865479,0.001,0.006490448489785194,6.344705581665039,0.00020520425459835678
95.15,5464,528128,763,-17.81760888,691,0.05,32382,-1.6053340435028076,0.001,0.002762808697298169,-2.190159797668457,0.00020725003560073674
95.15,5468,528224,763,-18.04572799,691,0.05,32388,-1.5079524517059326,0.001,0.002872317563742399,4.206581115722656,0.0002079066907754168
95.15,5472,528640,764,-18.187833150000003,691,0.05,32414,-1.4941033124923706,0.001,0.0033351758029311895,-1.8689746856689453,0.0002123800222761929
95.15,5476,529248,765,-18.036105220000003,691,0.05,32452,-1.5346660614013672,0.001,0.002152856905013323,6.660012245178223,0.00021191185805946589
94.16,5480,529664,765,-17.9669126,691,0.06,32478,-1.5066148042678833,0.001,0.0007335179252550006,-3.5896098613739014,0.00021265182294882834
94.16,5484,529776,765,-17.978815320000002,691,0.06,32485,-1.528737187385559,0.001,0.001458850223571062,-7.892395973205566,0.00021214521257206798
93.17,5488,529856,766,-17.707401249999997,691,0.07,32490,-1.5248920917510986,0.001,0.0048727719113230705,-5.213065147399902,0.00021156998991500586
94.16,5492,530368,766,-17.71947903,691,0.06,32522,-1.56477952003479,0.001,0.0023437784984707832,3.0261144638061523,0.00020887750724796206
94.16,5496,531104,767,-17.81376498,691,0.06,32568,-1.4880496263504028,0.001,0.0010023335926234722,10.915258407592773,0.00021307608403731138
94.16,5500,531328,768,-17.88409523,691,0.06,32582,-1.6097824573516846,0.001,0.006451107561588287,0.8110151290893555,0.00021622008353006095
94.16,5504,531456,768,-17.910927120000004,691,0.06,32590,-1.5531426668167114,0.001,0.012307804077863693,-2.9444081783294678,0.0002175768167944625
94.16,5508,531968,768,-18.064347559999998,691,0.06,32622,-1.477355718612671,0.001,0.0034548533149063587,4.158059120178223,0.0002155577385565266
96.14,5512,532704,769,-18.44463055,691,0.04,32668,-1.5156867504119873,0.001,0.0007043407531455159,-2.59279203414917,0.00021243411174509674
96.14,5516,532928,770,-19.110420109999996,691,0.04,32682,-1.5493454933166504,0.001,0.0010574270272627473,0.7664645910263062,0.0002114560193149373
96.14,5520,533056,770,-19.08432452,691,0.04,32690,-1.426154375076294,0.001,0.0009579940233379602,6.279289722442627,0.00021163780183997005
96.14,5524,533568,771,-19.08381209,691,0.04,32722,-1.5040433406829834,0.001,0.023685652762651443,8.660362243652344,0.00021428920445032418
96.14,5528,534304,772,-18.383700729999997,691,0.04,32768,-1.4726678133010864,0.001,0.0032256091944873333,9.965648651123047,0.00022068407270126045
96.14,5532,534528,772,-18.36068262,691,0.04,32782,-1.5338131189346313,0.001,0.0009223126689903438,16.035192489624023,0.00022460571199189872
96.14,5536,534656,772,-18.39086009,691,0.04,32790,-1.5663206577301025,0.001,0.00892508402466774,8.016993522644043,0.00022791288211010396
96.14,5540,535168,773,-18.55125029,691,0.04,32822,-1.4741098880767822,0.001,0.0009147495729848742,-0.017829418182373047,0.00023811399296391755
97.03,5544,535904,774,-18.65484622,691,0.03,32868,-1.4190832376480103,0.001,0.001916895736940205,-5.014594554901123,0.00023225252516567707
97.03,5548,536128,775,-18.515550909999998,691,0.03,32882,-1.4756501913070679,0.001,0.004265571944415569,-3.9206318855285645,0.0002290841657668352
97.03,5552,536256,775,-18.21233739,691,0.03,32890,-1.4116432666778564,0.001,0.034653402864933014,-8.096725463867188,0.00022720346169080585
97.03,5556,536768,776,-18.525059709999997,691,0.03,32922,-1.4448637962341309,0.001,0.003761890809983015,-6.0738606452941895,0.00021895646932534873
97.03,5560,537504,777,-18.47740735,691,0.03,32968,-1.4040703773498535,0.001,0.0011640068842098117,12.422922134399414,0.00021353765623643994
97.03,5564,537728,777,-18.56542271,691,0.03,32982,-1.448693871498108,0.001,0.002158859046176076,22.141136169433594,0.00021752453176304698
97.03,5568,537856,777,-18.462961850000003,691,0.03,32990,-1.4594917297363281,0.001,0.01041504181921482,8.381623268127441,0.00022106681717559695
97.03,5572,538368,778,-18.010192930000002,691,0.03,33022,-1.5142159461975098,0.001,0.009601151570677757,0.13754796981811523,0.0002262818452436477
98.02,5576,539104,779,-18.098963129999998,691,0.02,33068,-1.4935494661331177,0.001,0.0012110471725463867,6.006867408752441,0.00023529792088083923
99.01,5580,539328,780,-18.33208862,691,0.01,33082,-1.4073927402496338,0.001,0.0025779770221561193,7.5652265548706055,0.00023890282318461686
99.01,5584,539456,780,-18.58682212,691,0.01,33090,-1.3671131134033203,0.001,0.008461067453026772,5.9795308113098145,0.00024080318689811975
100.0,5588,539968,781,-18.863188219999998,691,0.0,33122,-1.3366726636886597,0.001,0.015917949378490448,3.8572747707366943,0.00024616363225504756
100.0,5592,540704,782,-18.65195829,691,0.0,33168,-1.336043357849121,0.001,0.0069722868502140045,7.3611297607421875,0.00026938808150589466
100.0,5596,540928,782,-18.58745365,691,0.0,33182,-1.5045043230056763,0.001,0.0034284209832549095,-4.104158878326416,0.00027214200235903263
99.01,5600,541024,782,-18.36321327,691,0.01,33188,-1.4751728773117065,0.001,0.0016216873191297054,-7.964240074157715,0.0002721547207329422
99.01,5604,541440,783,-18.198984290000002,691,0.01,33214,-1.4070299863815308,0.001,0.0026065316051244736,-7.2309346199035645,0.00026845073443837464
99.01,5608,542288,784,-18.091277799999997,691,0.01,33267,-1.4791799783706665,0.001,0.001845211023464799,5.132304668426514,0.0002567057672422379
99.01,5612,542528,785,-18.02015505,691,0.01,33282,-1.397062063217163,0.001,0.013017743825912476,5.657719135284424,0.000258434796705842
99.01,5616,542624,785,-17.24186842,691,0.01,33288,-1.4279893636703491,0.001,0.006544595584273338,-0.08371829986572266,0.00025956856552511454
99.01,5620,543040,785,-17.28352976,691,0.01,33314,-1.4123339653015137,0.001,0.0018708844436332583,-10.514728546142578,0.0002586730115581304
98.02,5624,543680,786,-17.241165399999996,691,0.02,33354,-1.4307743310928345,0.001,0.001558966701850295,-1.4658032655715942,0.000259849417489022
98.02,5628,544128,787,-17.069306519999998,691,0.02,33382,-1.3948355913162231,0.001,0.018094513565301895,1.0275487899780273,0.0002584986505098641
98.02,5632,544208,787,-17.20594749,691,0.02,33387,-1.3446928262710571,0.001,0.0025254676584154367,-6.779926776885986,0.0002580030995886773
98.02,5636,544416,787,-17.20825637,690,0.02,33400,-1.393173098564148,0.001,0.001036912202835083,-12.533370971679688,0.0002559716231189668
98.02,5640,545280,789,-16.924269860000003,690,0.02,33454,-1.4235224723815918,0.001,0.0024874266237020493,6.551418304443359,0.0002477349480614066
98.02,5644,545728,789,-17.13340766,690,0.02,33482,-1.4118717908859253,0.001,0.009562399238348007,1.0607686042785645,0.0002564468595664948
98.02,5648,545808,789,-17.045217990000005,690,0.02,33487,-1.4196181297302246,0.001,0.002107209526002407,-0.9652700424194336,0.0002574640966486186
98.02,5652,546016,790,-17.06548565,690,0.02,33500,-1.4032511711120605,0.001,0.004278816282749176,0.8765788078308105,0.00025809145881794393
98.02,5656,546880,791,-16.909589989999997,690,0.02,33554,-1.3924728631973267,0.001,0.030712604522705078,-2.9459228515625,0.00026107399025931954
98.02,5660,547328,791,-17.08290478,691,0.02,33582,-1.3795721530914307,0.001,0.008491462096571922,-16.439836502075195,0.00025198585353791714
98.02,5664,547408,792,-17.02027182,691,0.02,33587,-1.2935550212860107,0.001,0.00216719601303339,-11.072236061096191,0.00024980350281111896
97.03,5668,547472,792,-16.89654448,691,0.03,33591,-1.2480554580688477,0.001,0.0017899395897984505,-14.10590934753418,0.00024808745365589857
97.03,5672,548288,793,-17.205213030000003,691,0.03,33642,-1.2055505514144897,0.001,0.0016800828743726015,-0.2973203659057617,0.0002311459247721359
97.03,5676,548864,794,-17.237291430000003,691,0.03,33678,-1.3741233348846436,0.001,0.004222261253744364,-9.567520141601562,0.0002286286762682721
97.03,5680,548976,794,-17.28170437,691,0.03,33685,-1.3896809816360474,0.001,0.001286149024963379,-7.7547712326049805,0.00022749723575543612
97.03,5684,549072,794,-17.296385309999994,691,0.03,33691,-1.3189423084259033,0.001,0.0016533941961824894,-8.551043510437012,0.00022647916921414435
97.03,5688,549888,795,-17.23551506,691,0.03,33742,-1.4172914028167725,0.001,0.0011351333232596517,3.3465662002563477,0.00021848610776942223
97.03,5692,550464,796,-17.47233234,691,0.03,33778,-1.3957029581069946,0.001,0.008102537132799625,2.3621606826782227,0.00022029169485904276
95.05,5696,550528,796,-17.14679986,691,0.05,33782,-1.3620131015777588,0.001,0.016053179278969765,-0.996096134185791,0.00022039844770915806
96.04,5700,550640,796,-17.51773256,691,0.04,33789,-1.4135652780532837,0.001,0.0023055262863636017,-3.449075222015381,0.00022045815421734005
96.04,5704,551040,797,-17.55710321,691,0.04,33814,-1.3241386413574219,0.001,0.002721813041716814,6.259433746337891,0.00022044553770683706
96.04,5708,551888,798,-17.713282279999998,691,0.04,33867,-1.420531988143921,0.001,0.019459061324596405,-3.6633405685424805,0.00021959238802082837
96.04,5712,552128,798,-17.766610879999998,691,0.04,33882,-1.4196794033050537,0.001,0.0010754006216302514,-3.7672295570373535,0.0002205254277214408
96.04,5716,552240,799,-17.909019679999997,691,0.04,33889,-1.421846866607666,0.001,0.0011546234600245953,-8.396588325500488,0.0002204488991992548
95.05,5720,552416,799,-17.603978579999996,691,0.05,33900,-1.3063384294509888,0.001,0.0014723299536854029,-3.8813772201538086,0.00021930986258666962
96.04,5724,553280,800,-17.719287639999997,691,0.04,33954,-1.2984979152679443,0.001,0.003160056658089161,-8.369558334350586,0.00021180821931920946
96.04,5728,553728,801,-18.000515410000002,691,0.04,33982,-1.3915882110595703,0.001,0.013874071650207043,-2.6501834392547607,0.00020614478853531182
96.04,5732,553808,801,-17.94665327,691,0.04,33987,-1.3013923168182373,0.001,0.005936089437454939,4.877565383911133,0.00020543747814372182
96.04,5736,554016,801,-17.875434589999998,691,0.04,34000,-1.3887152671813965,0.001,0.01812611147761345,30.921483993530273,0.00020680855959653854
96.04,5740,554880,803,-17.919466630000002,690,0.04,34054,-1.2271380424499512,0.001,0.002217024564743042,0.2876133918762207,0.0002284473303006962
96.04,5744,555328,803,-17.982232480000004,690,0.04,34082,-1.3489279747009277,0.001,0.007877103053033352,1.841547966003418,0.0002311770076630637
96.04,5748,555408,803,-17.96414894,690,0.04,34087,-1.1369751691818237,0.001,0.007721728179603815,8.21901798248291,0.0002319273626198992
96.04,5752,555616,804,-18.319777639999998,690,0.04,34100,-1.3295185565948486,0.001,0.012517576105892658,3.1434664726257324,0.00023440293443854898
96.04,5756,556480,805,-18.40664716,690,0.04,34154,-1.3405259847640991,0.001,0.0013080397620797157,1.0968925952911377,0.00023538456298410892
96.04,5760,556928,806,-18.608224139999997,690,0.04,34182,-1.340411901473999,0.001,0.006725914776325226,-2.4733023643493652,0.0002345232351217419
96.04,5764,557008,806,-18.589036740000004,690,0.04,34187,-1.3526191711425781,0.001,0.001223386381752789,-6.93693733215332,0.00023397456970997155
97.03,5768,557216,806,-18.7615288,690,0.03,34200,-1.174273133277893,0.001,0.0013676737435162067,-8.055886268615723,0.00023210616200231016
97.03,5772,558080,807,-18.50941685,690,0.03,34254,-1.235913872718811,0.001,0.008173273876309395,23.564861297607422,0.0002278470346936956
97.03,5776,558528,808,-18.57652527,690,0.03,34282,-1.3068181276321411,0.001,0.0016095470637083054,14.302907943725586,0.00024318508803844452
97.03,5780,558608,808,-18.254693000000003,690,0.03,34287,-1.297759771347046,0.001,0.0015131024410948157,9.663675308227539,0.00024550859234295785
96.04,5784,558688,808,-17.99263443,690,0.04,34292,-1.2506095170974731,0.001,0.0010819255840033293,10.908564567565918,0.000247503980062902
96.04,5788,559488,810,-17.85559473,690,0.04,34342,-1.3069453239440918,0.001,0.00114766217302531,8.508975982666016,0.0002559386775828898
96.04,5792,560096,810,-17.772367189999997,690,0.04,34380,-1.1578106880187988,0.001,0.013131044805049896,-5.3558430671691895,0.00025930479750968516
98.02,5796,560176,811,-18.324829810000004,690,0.02,34385,-1.1692801713943481,0.001,0.011549562215805054,-6.2602667808532715,0.0002587618073448539
98.02,5800,560288,811,-18.24232203,690,0.02,34392,-1.2827365398406982,0.001,0.001001352327875793,-13.054606437683105,0.0002575213147792965
98.02,5804,561088,812,-18.27357524,690,0.02,34442,-1.2932590246200562,0.001,0.001639707712456584,-11.975447654724121,0.00024158204905688763
98.02,5808,561696,813,-18.0016427,690,0.02,34480,-1.2144213914871216,0.001,0.0012471661902964115,-7.923686504364014,0.0002317639737157151
98.02,5812,561776,813,-18.12751188,690,0.02,34485,-1.2846853733062744,0.001,0.0007882461650297046,-4.839496612548828,0.0002307996473973617
97.03,5816,561872,813,-18.23465543,690,0.03,34491,-1.3117539882659912,0.001,0.001196000725030899,-6.330544471740723,0.0002299423940712586
98.02,5820,562368,814,-18.43595782,690,0.02,34522,-1.2349294424057007,0.001,0.0011098193936049938,-6.050101280212402,0.00022635393543168902
98.02,5824,563104,815,-18.242681349999998,690,0.02,34568,-1.2144591808319092,0.001,0.0010689637856557965,-7.847674369812012,0.00021917143021710217
98.02,5828,563344,815,-18.217045959999997,690,0.02,34583,-1.1444472074508667,0.001,0.0022571012377738953,-7.447505950927734,0.00021728093270212412
98.02,5832,563472,815,-18.352163280000003,690,0.02,34591,-1.2901415824890137,0.001,0.013109078630805016,-7.155974388122559,0.00021628463582601398
98.02,5836,563968,816,-18.35618815,690,0.02,34622,-1.203608751296997,0.001,0.0016491446876898408,-2.518765926361084,0.00021214318985585123
98.02,5840,564704,817,-18.48640285,690,0.02,34668,-1.1738003492355347,0.001,0.0018708625575527549,15.546415328979492,0.00022268595057539642
98.02,5844,564944,818,-18.43308537,690,0.02,34683,-1.1947451829910278,0.001,0.006390632130205631,-1.0258917808532715,0.0002275883889524266
98.02,5848,565072,818,-18.49343527,690,0.02,34691,-1.231531023979187,0.001,0.005272454582154751,-5.385295867919922,0.00022851661196909845
98.02,5852,565568,819,-18.29611745,690,0.02,34722,-1.325994610786438,0.001,0.001325596822425723,-8.301881790161133,0.0002255729923490435
98.02,5856,566304,820,-18.26388752,690,0.02,34768,-1.27328622341156,0.001,0.0022733646910637617,-9.598891258239746,0.00021914865646976978
97.03,5860,566544,820,-17.831721759999997,690,0.03,34783,-1.2070024013519287,0.001,0.0029145600274205208,-4.3382720947265625,0.00021683731756638736
97.03,5864,566640,820,-17.75541208,690,0.03,34789,-1.3096809387207031,0.001,0.0025101574137806892,-3.915132522583008,0.0002163364115403965
97.03,5868,567040,821,-17.57952297,690,0.03,34814,-1.231773853302002,0.001,0.0019710552878677845,-5.512372016906738,0.0002151129301637411
97.03,5872,567888,822,-17.940142209999998,690,0.03,34867,-1.326730489730835,0.001,0.001035632798448205,0.7785758972167969,0.00021106617350596935
97.03,5876,568144,823,-17.978357589999998,690,0.03,34883,-1.1685296297073364,0.001,0.0018141226610168815,2.2091665267944336,0.00021103840845171362
97.03,5880,568240,823,-18.422143090000002,690,0.03,34889,-1.168891429901123,0.001,0.010524752549827099,-3.870762586593628,0.00021094865223858505
98.02,5884,568640,823,-18.4595863,690,0.02,34914,-1.2108711004257202,0.001,0.0007912019500508904,-4.792179107666016,0.00020972025231458247
98.02,5888,569488,825,-18.489838659999997,690,0.02,34967,-1.2682738304138184,0.001,0.009266959503293037,9.601919174194336,0.0002092028735205531
98.02,5892,569744,825,-18.524943229999995,690,0.02,34983,-1.2496793270111084,0.001,0.00113627128303051,6.6818156242370605,0.0002122061123372987
98.02,5896,569840,825,-18.553160399999996,690,0.02,34989,-1.1656010150909424,0.001,0.005072413478046656,11.392816543579102,0.0002133571106242016
98.02,5900,570240,826,-18.48880001,690,0.02,35014,-1.3050537109375,0.001,0.004399768076837063,-1.4223103523254395,0.00021686585387215018
98.02,5904,571088,827,-18.4222422,690,0.02,35067,-1.1878645420074463,0.001,0.011664487421512604,-9.032222747802734,0.0002156998380087316
98.02,5908,571344,827,-18.70441242,690,0.02,35083,-1.2201764583587646,0.001,0.09707268327474594,-9.955641746520996,0.00021235998428892344
97.03,5912,571408,828,-18.646807900000002,690,0.03,35087,-1.117003083229065,0.001,0.002779920119792223,-9.03036880493164,0.0002114826493198052
98.02,5916,571616,828,-18.83266778,690,0.02,35100,-1.272990107536316,0.001,0.008382578380405903,-4.780567169189453,0.00020878810028079897
98.02,5920,572480,829,-18.83249323,689,0.02,35154,-1.2221161127090454,0.001,0.001394038088619709,1.4103407859802246,0.00020685058552771807
97.03,5924,572896,830,-18.667214700000002,689,0.03,35180,-1.1790258884429932,0.001,0.0010426990920677781,4.821809768676758,0.00020835765462834388
97.03,5928,573008,830,-18.35483843,689,0.03,35187,-1.1799051761627197,0.001,0.0008679085876792669,1.1763417720794678,0.00020892891916446388
97.03,5932,573088,830,-18.278515080000002,689,0.03,35192,-1.124022364616394,0.001,0.0041739060543477535,0.7448515892028809,0.0002093006478389725
97.03,5936,573888,831,-17.986490559999996,689,0.03,35242,-1.1759815216064453,0.001,0.003831308800727129,10.148082733154297,0.00021191692212596536
96.04,5940,574304,832,-17.722720430000003,689,0.04,35268,-1.239281415939331,0.001,0.0169367715716362,-2.6997480392456055,0.0002158959541702643
96.04,5944,574544,832,-17.784654600000003,689,0.04,35283,-1.1927002668380737,0.001,0.006782240234315395,0.686579704284668,0.00021513488900382072
96.04,5948,574672,833,-17.94177867,689,0.04,35291,-1.1747262477874756,0.001,0.09235644340515137,-0.4417886734008789,0.0002144713798770681
96.04,5952,575168,833,-17.796824270000002,689,0.04,35322,-1.2034480571746826,0.001,0.00840216688811779,-3.2248709201812744,0.0002137817646143958
94.06,5956,575680,834,-17.52203192,689,0.06,35354,-1.1498699188232422,0.001,0.004902881570160389,0.7871789932250977,0.00021193067368585616
95.05,5960,576128,835,-17.78629785,689,0.05,35382,-1.1860108375549316,0.001,0.0012368997558951378,5.09854793548584,0.00021369208116084337
95.05,5964,576208,835,-17.916098039999998,689,0.05,35387,-1.1234098672866821,0.001,0.0013085545506328344,9.197550773620605,0.00021449674386531115
94.06,5968,576288,835,-17.83794735,689,0.06,35392,-1.145498275756836,0.001,0.0010675763478502631,10.46668529510498,0.0002154235407942906
94.06,5972,577120,836,-17.68989169,689,0.06,35444,-1.137190580368042,0.001,0.001699235406704247,-0.7131266593933105,0.0002254895371152088
94.06,5976,577696,837,-18.00396256,689,0.06,35480,-1.2039092779159546,0.001,0.0021255449391901493,6.401338577270508,0.0002315772871952504
93.07,5980,577760,837,-17.624191810000003,689,0.07,35484,-1.1138637065887451,0.001,0.0024164579808712006,10.225112915039062,0.0002326089597772807
93.07,5984,577872,837,-17.863206769999998,689,0.07,35491,-1.1487962007522583,0.001,0.0007852887501940131,3.291241407394409,0.00023453574976883829
93.07,5988,578384,838,-18.00719383,689,0.07,35523,-1.1331121921539307,0.001,0.012543713673949242,-4.302196502685547,0.0002434213092783466
93.07,5992,579104,839,-18.112791729999998,689,0.07,35568,-1.1605477333068848,0.001,0.001442230073735118,14.799882888793945,0.00025077760801650584
92.08,5996,579344,840,-17.86279261,689,0.08,35583,-1.0475542545318604,0.001,0.011331385932862759,23.191770553588867,0.0002577011473476887
90.1,6000,579424,840,-17.72698803,689,0.1,35588,-1.1069453954696655,0.001,0.0025714649818837643,16.935951232910156,0.000260560103924945
90.1,6004,579488,840,-17.83876095,689,0.1,35592,-1.0867630243301392,0.001,0.20052364468574524,10.055501937866211,0.00026259920559823513
90.1,6008,580320,841,-17.955104450000004,689,0.1,35644,-1.143868327140808,0.001,0.0015638561453670263,-4.331852912902832,0.0002672470873221755
91.09,6012,580912,842,-17.96124325,689,0.09,35681,-1.125916838645935,0.001,0.009624876081943512,-11.599946022033691,0.00026036164490506053
90.1,6016,580960,842,-17.49056355,689,0.1,35684,-1.1480001211166382,0.001,0.0008098220569081604,-11.663192749023438,0.0002594549732748419
90.1,6020,581072,842,-17.49481707,689,0.1,35691,-1.1613467931747437,0.001,0.0022253289353102446,-10.48315143585205,0.00025721031124703586
91.09,6024,581584,843,-17.82226452,689,0.09,35723,-1.1446614265441895,0.001,0.005446318536996841,-5.061468601226807,0.00024677053443156183
91.09,6028,582304,844,-17.675227940000003,689,0.09,35768,-1.1091798543930054,0.001,0.024586908519268036,-9.527963638305664,0.00023575952218379825
91.09,6032,582560,844,-17.918421010000003,689,0.09,35784,-1.0914868116378784,0.001,0.01675298996269703,-8.950603485107422,0.00023042666725814342
91.09,6036,582672,844,-18.267435640000002,689,0.09,35791,-1.109039545059204,0.001,0.0021613468416035175,-8.847311019897461,0.00022827637440059334
91.09,6040,583040,845,-18.22180083,689,0.09,35814,-1.16023850440979,0.001,0.0022859878372401,-5.993204593658447,0.00022261778940446675
91.09,6044,583904,846,-18.11267412,689,0.09,35868,-1.1122610569000244,0.001,0.004834834486246109,1.7600927352905273,0.0002159058494726196
91.09,6048,584160,846,-18.15516767,689,0.09,35884,-1.075108289718628,0.001,0.0015899952268227935,4.9198408126831055,0.00021550511883106083
91.09,6052,584240,847,-18.2804332,689,0.09,35889,-1.094919204711914,0.001,0.015212567523121834,3.8668813705444336,0.00021571980323642492
93.07,6056,584640,847,-18.39254229,689,0.07,35914,-0.9243354797363281,0.001,0.029178472235798836,1.9451370239257812,0.00021812011254951358
93.07,6060,585504,848,-18.339709260000003,689,0.07,35968,-1.043770670890808,0.001,0.012787114828824997,-3.330017566680908,0.00021673105948138982
94.06,6064,585760,849,-18.22603854,689,0.06,35984,-1.0331089496612549,0.001,0.004545621573925018,-9.473125457763672,0.00021538800501730293
94.06,6068,585840,849,-18.301410449999995,689,0.06,35989,-1.110048532485962,0.001,0.012518443167209625,-8.212735176086426,0.000214636093005538
94.06,6072,586240,850,-18.17042466,689,0.06,36014,-1.1329742670059204,0.001,0.0022984384559094906,-6.33497953414917,0.00020936293003614992
94.06,6076,587104,851,-17.495397859999997,689,0.06,36068,-1.0535047054290771,0.001,0.002776496345177293,-8.091611862182617,0.00020037616195622832
95.05,6080,587360,851,-17.65252558,689,0.05,36084,-1.0279350280761719,0.001,0.001065436052158475,-11.703975677490234,0.0001961410598596558
95.05,6084,587440,851,-17.578218649999997,689,0.05,36089,-1.019842267036438,0.001,0.0018603107891976833,-9.272713661193848,0.00019468448590487242
95.05,6088,587840,852,-17.67455972,689,0.05,36114,-1.0301198959350586,0.001,0.0013916778843849897,-10.240669250488281,0.00018873605586122721
95.05,6092,588704,853,-17.358623389999998,689,0.05,36168,-1.1109492778778076,0.001,0.0006802082061767578,-5.549812316894531,0.00018142523185815662
96.04,6096,588960,853,-17.8589278,689,0.04,36184,-1.1152294874191284,0.001,0.010035021230578423,-5.412600517272949,0.0001800231693778187
98.02,6100,589040,853,-18.082666439999997,689,0.02,36189,-1.0601346492767334,0.001,0.0012768092565238476,-3.366187572479248,0.0001795422431314364
98.02,6104,589440,854,-18.133064680000004,689,0.02,36214,-0.9683696031570435,0.001,0.001450529438443482,5.612133026123047,0.00017810289864428341
97.03,6108,590080,855,-17.800216719999998,689,0.03,36254,-1.0765354633331299,0.001,0.03284000605344772,1.5937857627868652,0.00018326401186641306
97.03,6112,590544,856,-17.76296438,689,0.03,36283,-1.1251468658447266,0.001,0.0025264082942157984,-3.3248767852783203,0.00018227675172965974
98.02,6116,590624,856,-18.02543314,689,0.02,36288,-0.9957233667373657,0.001,0.013767373748123646,-4.759826183319092,0.0001816752483136952
98.02,6120,590832,856,-18.119332999999997,689,0.02,36301,-1.0608059167861938,0.001,0.014734426513314247,-1.657533884048462,0.00018039712449535728
98.02,6124,591680,857,-18.2036626,689,0.02,36354,-1.1056212186813354,0.001,0.003004386555403471,-8.665457725524902,0.00017181468138005584
97.03,6128,592112,858,-18.06871196,689,0.03,36381,-1.0458886623382568,0.001,0.000664152204990387,-3.718928813934326,0.00016730515926610678
97.03,6132,592224,858,-18.114858579999996,689,0.03,36388,-1.068366289138794,0.001,0.0009082397446036339,-4.3445024490356445,0.0001666528987698257
97.03,6136,592288,858,-18.12280839,689,0.03,36392,-0.9864405989646912,0.001,0.009886562824249268,-0.32111215591430664,0.0001663477160036564
98.02,6140,593136,860,-18.241585710000003,689,0.02,36445,-1.0099897384643555,0.001,0.004285864997655153,3.182860851287842,0.00016698968829587102
97.03,6144,593520,860,-18.040165,689,0.03,36469,-1.0693588256835938,0.001,0.0012137063313275576,4.721517086029053,0.0001692191872280091
97.03,6148,593760,861,-17.70431274,689,0.03,36484,-1.0425459146499634,0.001,0.013505430892109871,4.927703857421875,0.00017059047240763903
96.09,6152,593840,861,-17.98462264,689,0.04,36489,-1.0646952390670776,0.001,0.0008135832031257451,2.694930076599121,0.00017106765881180763
96.09,6156,594240,861,-18.269809300000002,689,0.04,36514,-1.0439996719360352,0.001,0.0010384207125753164,-6.132429122924805,0.00017293004202656448
96.09,6160,595104,863,-18.14578657,689,0.04,36568,-1.0033483505249023,0.001,0.003902832977473736,1.8783621788024902,0.00016761002189014107
96.09,6164,595360,863,-18.22110186,689,0.04,36584,-0.984285831451416,0.001,0.011285576969385147,0.33649539947509766,0.00016679934924468398
96.09,6168,595440,863,-18.43926847,689,0.04,36589,-1.1228492259979248,0.001,0.011237453669309616,-1.2130992412567139,0.00016667625459376723
96.09,6172,595840,864,-18.463601900000004,689,0.04,36614,-0.9139603972434998,0.001,0.012125888839364052,26.70408821105957,0.0001692200021352619
96.09,6176,596704,865,-18.597418760000004,689,0.04,36668,-0.9729543924331665,0.001,0.0019413998816162348,10.769891738891602,0.0001886036479845643
96.09,6180,596960,865,-18.419034649999997,689,0.04,36684,-1.0056389570236206,0.001,0.013680003583431244,1.7659378051757812,0.00019189808517694473
96.09,6184,597040,866,-18.21871427,689,0.04,36689,-1.0758090019226074,0.001,0.013152480125427246,1.1468009948730469,0.0001924719545058906
96.09,6188,597440,866,-18.32267065,689,0.04,36714,-0.8811025619506836,0.001,0.007402387913316488,7.229832172393799,0.00019464382785372436
96.09,6192,598304,868,-18.41946154,689,0.04,36768,-0.9986786842346191,0.001,0.0012144707143306732,-4.7569050788879395,0.00019592008902691305
96.09,6196,598560,868,-17.961826679999998,689,0.04,36784,-0.9487836956977844,0.001,0.0018083387985825539,-0.22795343399047852,0.0001949524157680571
96.09,6200,598640,868,-18.24647899,689,0.04,36789,-0.9407181143760681,0.001,0.011337785981595516,0.6598954200744629,0.00019471011182758957
96.09,6204,599040,869,-18.492271499999998,689,0.04,36814,-0.9580402374267578,0.001,0.0005528448382392526,4.428875923156738,0.0001966167619684711
97.08,6208,599904,870,-18.67272988,689,0.03,36868,-1.047462821006775,0.001,0.0015717120841145515,-9.167044639587402,0.00019287104078102857
97.08,6212,600160,870,-18.37256536,689,0.03,36884,-0.9810084700584412,0.001,0.000832511461339891,-7.70149040222168,0.00019059858459513634
97.08,6216,600240,870,-18.185496419999996,689,0.03,36889,-0.9385102391242981,0.001,0.012665260583162308,-7.270875453948975,0.0001897293550428003
97.08,6220,600640,871,-18.131823089999997,689,0.03,36914,-1.0017743110656738,0.001,0.0011604875326156616,-3.3598313331604004,0.00018513677059672773
97.08,6224,601504,872,-18.00451333,689,0.03,36968,-1.0486321449279785,0.001,0.0008321669884026051,10.97012996673584,0.0001848876418080181
98.07,6228,601760,873,-18.43320217,689,0.02,36984,-0.9823638796806335,0.001,0.006602425128221512,8.74582290649414,0.00018825662846211344
97.08,6232,601840,873,-17.96404697,689,0.03,36989,-1.0035814046859741,0.001,0.00068679079413414,2.573345899581909,0.0001892842265078798
97.08,6236,602032,873,-18.049837789999998,688,0.03,37001,-0.9964867234230042,0.001,0.0022768424823880196,8.920098304748535,0.0001913569722091779
97.08,6240,602880,875,-18.24772139,688,0.03,37054,-1.0162005424499512,0.001,0.001804861007258296,2.7773544788360596,0.00019806627824436873
98.07,6244,603360,875,-18.71029726,688,0.02,37084,-0.9819450378417969,0.001,0.009568966925144196,-0.3588435649871826,0.00019992035231553018
99.01,6248,603440,875,-18.934805599999994,688,0.01,37089,-0.9630656242370605,0.001,0.013382998295128345,3.901521921157837,0.00020010671869385988
99.01,6252,603632,876,-18.653477119999998,688,0.01,37101,-0.8942282795906067,0.001,0.024758566170930862,13.739787101745605,0.00020102866983506829
99.01,6256,604480,877,-18.35304496,688,0.01,37154,-0.9621272683143616,0.001,0.0017918365774676204,3.9390921592712402,0.00021189953258726746
99.01,6260,604960,878,-18.981706429999996,688,0.01,37184,-1.0366672277450562,0.001,0.001559728174470365,-1.1873664855957031,0.0002133558882633224
99.01,6264,605040,878,-19.167144469999997,688,0.01,37189,-0.9611932635307312,0.001,0.0006594402948394418,3.0684072971343994,0.00021345846471376717
99.01,6268,605232,878,-18.94002156,688,0.01,37201,-0.9778867363929749,0.001,0.00088276038877666,-1.7957639694213867,0.0002142035955330357
99.01,6272,606080,879,-18.611045050000005,688,0.01,37254,-1.0224312543869019,0.001,0.0007723438320681453,11.605737686157227,0.0002237415756098926
99.01,6276,606560,880,-18.65318512,688,0.01,37284,-0.9310453534126282,0.001,0.000550782831851393,2.7317280769348145,0.00023382733343169093
99.01,6280,606640,880,-18.88413343,688,0.01,37289,-0.9956992864608765,0.001,0.0008276384323835373,3.5131070613861084,0.0002351673465454951
99.01,6284,606832,881,-18.94923756,688,0.01,37301,-0.9231386780738831,0.001,0.009093498811125755,0.4364492893218994,0.00023716643045190722
99.01,6288,607680,882,-18.768230239999994,688,0.01,37354,-0.95876145362854,0.001,0.017987683415412903,-2.24415922164917,0.00023839573259465396
99.01,6292,608160,882,-19.13328993,688,0.01,37384,-0.9898743629455566,0.001,0.01311701349914074,-3.317722797393799,0.00023628711642231792
99.01,6296,608240,883,-18.99940816,688,0.01,37389,-0.8926218748092651,0.001,0.0031239979434758425,0.2884070873260498,0.00023578244145028293
98.02,6300,608288,883,-18.80100011,688,0.02,37392,-0.9205885529518127,0.001,0.004142331425100565,2.330373764038086,0.00023557161330245435
98.02,6304,609152,884,-18.45038224,688,0.02,37446,-0.9310653209686279,0.001,0.007246595807373524,-7.256114959716797,0.00024565192870795727
98.02,6308,609744,885,-18.385580370000003,688,0.02,37483,-0.9549568891525269,0.001,0.002495264168828726,2.7679924964904785,0.00024287105770781636
98.02,6312,609824,885,-18.98282078,688,0.02,37488,-0.8208136558532715,0.001,0.0033087474294006824,2.15956449508667,0.00024311273591592908
98.02,6316,609888,885,-18.942767469999996,688,0.02,37492,-0.9078471064567566,0.001,0.043927162885665894,-0.7108521461486816,0.00024332728935405612
98.02,6320,610752,886,-19.040504579999997,688,0.02,37546,-0.9373292922973633,0.001,0.0009671609150245786,-6.491297721862793,0.00023792489082552493
98.02,6324,611344,887,-19.11411891,688,0.02,37583,-0.9795840978622437,0.001,0.009243045002222061,-6.339499473571777,0.00023346747912000865
98.02,6328,611424,887,-18.90703408,688,0.02,37588,-0.8361716270446777,0.001,0.005797564052045345,-7.6096882820129395,0.00023283578047994524
98.02,6332,611488,887,-19.12916775,688,0.02,37592,-0.9249484539031982,0.001,0.0007170432945713401,-8.52424144744873,0.0002321564097655937
99.01,6336,612352,889,-19.01643401,688,0.01,37646,-0.9320558905601501,0.001,0.001554754446260631,7.486275672912598,0.00022731052013114095
99.01,6340,612944,889,-18.7651988,688,0.01,37683,-0.8910456299781799,0.001,0.0012425272725522518,15.736625671386719,0.0002495103981345892
98.02,6344,613008,890,-18.220099169999997,688,0.02,37687,-0.836631715297699,0.001,0.007221209816634655,9.162835121154785,0.0002523605362512171
98.02,6348,613088,890,-18.483392770000002,688,0.02,37692,-0.9347791075706482,0.001,0.00072007643757388,-1.2821588516235352,0.0002550707431510091
98.02,6352,613584,890,-18.228138740000002,688,0.02,37723,-0.9487838745117188,0.001,0.0012838994152843952,-7.382504463195801,0.0002545422175899148
98.02,6356,614320,891,-18.308503639999998,688,0.02,37769,-0.8772730827331543,0.001,0.001989862648770213,8.475640296936035,0.00025647477013990283
98.02,6360,614608,892,-18.07904224,688,0.02,37787,-0.828071117401123,0.001,0.0012103047920390964,2.7685298919677734,0.0002605700574349612
98.02,6364,614688,892,-17.740071939999996,688,0.02,37792,-0.8965585827827454,0.001,0.018639899790287018,5.5653228759765625,0.0002612421230878681
98.02,6368,615184,893,-17.81138822,688,0.02,37823,-0.9146599769592285,0.001,0.004558200016617775,-3.9909799098968506,0.0002618072903715074
98.02,6372,615920,894,-18.33992024,688,0.02,37869,-0.9425660967826843,0.001,0.0078385379165411,-12.685730934143066,0.00024799781385809183
98.02,6376,616208,894,-18.56577462,688,0.02,37887,-0.9355459213256836,0.001,0.0015749095473438501,-11.116474151611328,0.00024182705965358764
98.02,6380,616288,894,-18.78425894,688,0.02,37892,-0.8497216105461121,0.001,0.001650980208069086,-10.952898979187012,0.00024025380844250321
97.03,6384,616640,895,-18.757525140000002,688,0.03,37914,-0.9079827070236206,0.001,0.008319880813360214,-19.89451789855957,0.00023274387058336288
97.03,6388,617504,896,-19.064414130000003,688,0.03,37968,-0.9214911460876465,0.001,0.013902210630476475,-4.461545467376709,0.00021435787493828684
97.03,6392,617760,897,-19.08589233,688,0.03,37984,-0.8819952011108398,0.001,0.000951075810007751,-8.078855514526367,0.0002111781359417364
97.03,6396,617840,897,-18.806823520000002,688,0.03,37989,-0.8018930554389954,0.001,0.004098489880561829,-6.93309211730957,0.00021015269157942384
98.02,6400,618240,897,-18.8422146,688,0.02,38014,-0.96233069896698,0.001,0.01091848686337471,-11.905220985412598,0.0002053630305454135
98.02,6404,619104,898,-18.77529451,688,0.02,38068,-0.797568678855896,0.001,0.0036752207670360804,-0.37259912490844727,0.0001989478914765641
98.02,6408,619360,899,-18.88302224,688,0.02,38084,-0.7886493802070618,0.001,0.008383218199014664,-4.687675952911377,0.00019730179337784648
98.02,6412,619440,899,-18.538156379999997,688,0.02,38089,-0.7685791254043579,0.001,0.0021877039689570665,-4.976094722747803,0.0001966332783922553
98.02,6416,619840,899,-18.849836500000002,688,0.02,38114,-0.833276629447937,0.001,0.0017810368444770575,-4.5336761474609375,0.00019303684530314058
98.02,6420,620704,901,-18.5821034,688,0.02,38168,-0.8630123734474182,0.001,0.005891643464565277,-5.720790863037109,0.00018800671386998147
98.02,6424,620960,901,-18.63999483,688,0.02,38184,-0.8362442255020142,0.001,0.16969260573387146,-4.054524898529053,0.00018679410277400166
98.02,6428,621040,901,-18.74155308,688,0.02,38189,-0.8822182416915894,0.001,0.018677745014429092,-6.182315826416016,0.00018643602379597723
98.02,6432,621440,902,-18.5915951,688,0.02,38214,-0.8366478085517883,0.001,0.026372935622930527,-0.5898885726928711,0.00018486665794625878
98.02,6436,622304,903,-18.70756835,688,0.02,38268,-0.80876225233078,0.001,0.037228722125291824,5.5017523765563965,0.00018590339459478855
97.03,6440,622560,904,-18.90013149,688,0.03,38284,-0.7696322798728943,0.001,0.012742577120661736,9.577827453613281,0.00018757277575787157
98.02,6444,622640,904,-19.104264189999995,688,0.02,38289,-0.8431432843208313,0.001,0.003117952961474657,7.383129596710205,0.00018827817984856665
98.02,6448,622832,904,-19.181989350000002,688,0.02,38301,-0.7841804623603821,0.001,0.031182454898953438,4.742061138153076,0.00018983469635713845
97.03,6452,623552,905,-18.794285679999998,688,0.03,38346,-0.8586710691452026,0.001,0.001163794775493443,19.634794235229492,0.00019998919742647558
97.03,6456,624160,906,-18.93215181,688,0.03,38384,-0.8149110674858093,0.001,0.005249672569334507,8.126871109008789,0.00021610318799503148
97.03,6460,624224,906,-18.74674653,688,0.03,38388,-0.8714867830276489,0.001,0.001289969077333808,5.697430610656738,0.0002172007370973006
97.03,6464,624304,906,-18.65722692,688,0.03,38393,-0.7521224617958069,0.001,0.036705732345581055,9.821142196655273,0.0002182757598347962
96.04,6468,624800,907,-18.81579998,688,0.04,38424,-0.8629104495048523,0.001,0.017823675647377968,-2.2557315826416016,0.00022449778043664992
96.04,6472,625520,908,-18.7346207,688,0.04,38469,-0.7899818420410156,0.001,0.0013739466667175293,-0.18701934814453125,0.00022112014994490892
96.04,6476,625808,908,-18.752352090000002,688,0.04,38487,-0.8166775107383728,0.001,0.009555533528327942,10.888858795166016,0.00022156302293296903
96.04,6480,625888,909,-18.825354549999997,688,0.04,38492,-0.823479175567627,0.001,0.0103922039270401,6.562169551849365,0.000222286835196428
97.03,6484,626400,909,-18.727331709999998,688,0.03,38524,-0.8096381425857544,0.001,0.011560602113604546,19.0515079498291,0.00022989590070210397
97.03,6488,627120,910,-18.41250655,688,0.03,38569,-0.6859827637672424,0.001,0.0076110027730464935,2.7043323516845703,0.00024341666721738875
97.03,6492,627408,911,-18.19545589,688,0.03,38587,-0.8476471304893494,0.001,0.0023423456586897373,2.108029842376709,0.0002463468408677727
97.03,6496,627488,911,-18.422510530000004,688,0.03,38592,-0.8093875050544739,0.001,0.0010249989572912455,2.283710479736328,0.0002470139879733324
97.03,6500,628000,912,-18.45143682,688,0.03,38624,-0.8391119837760925,0.001,0.0023278139997273684,-0.2020711898803711,0.0002490055048838258
97.03,6504,628720,913,-18.639149269999997,688,0.03,38669,-0.8503396511077881,0.001,0.0010951705044135451,2.8738346099853516,0.0002533501829020679
97.03,6508,629008,913,-18.83460159,688,0.03,38687,-0.8419427275657654,0.001,0.018293840810656548,5.5241265296936035,0.00025584595277905464
97.03,6512,629088,913,-18.99248672,688,0.03,38692,-0.813073992729187,0.001,0.0031026885844767094,8.440882682800293,0.0002569622010923922
97.03,6516,629600,914,-19.23910521,688,0.03,38724,-0.7833538055419922,0.001,0.0012062406167387962,17.365148544311523,0.0002677246229723096
97.03,6520,630320,915,-19.35407166,688,0.03,38769,-0.8911008834838867,0.001,0.003057834692299366,-7.831822872161865,0.00027784769190475345
97.03,6524,630608,916,-19.46986236,688,0.03,38787,-0.792888879776001,0.001,0.007889831438660622,1.7573022842407227,0.0002759642666205764
96.04,6528,630640,916,-19.58027106,688,0.04,38789,-0.8304125070571899,0.001,0.006741886492818594,-3.4414381980895996,0.00027576566208153963
96.04,6532,631040,916,-19.88913176,688,0.04,38814,-0.8601786494255066,0.001,0.003045930527150631,-5.759034156799316,0.0002748923434410244
97.03,6536,631920,917,-20.2531466,688,0.03,38869,-0.8519494533538818,0.001,0.000687128456775099,6.733421325683594,0.0002753887965809554
97.03,6540,632160,918,-20.455606489999997,688,0.03,38884,-0.7777961492538452,0.001,0.0008212618413381279,7.334383487701416,0.0002792739833239466
96.04,6544,632240,918,-20.190080210000005,688,0.04,38889,-0.8271663188934326,0.001,0.009461762383580208,9.242097854614258,0.00028053770074620843
96.04,6548,632432,918,-20.1886786,688,0.04,38901,-0.7163867950439453,0.001,0.0008616349077783525,1.1215829849243164,0.0002831829770002514
97.03,6552,633280,919,-20.877136330000003,688,0.03,38954,-0.7169076204299927,0.001,0.0016719242557883263,-3.792510509490967,0.0002767090336419642
97.03,6556,633760,920,-20.794378129999995,688,0.03,38984,-0.7889768481254578,0.001,0.0019165629055351019,-5.510551929473877,0.00027214200235903263
97.03,6560,633840,920,-21.225029749999997,688,0.03,38989,-0.8183683156967163,0.001,0.0008847511489875615,-8.867131233215332,0.00027131507522426546
97.03,6564,634032,920,-21.240375750000002,688,0.03,39001,-0.6583211421966553,0.001,0.002792149782180786,0.7006731033325195,0.00026886837440542877
98.02,6568,634880,922,-21.293717030000007,688,0.02,39054,-0.7596368789672852,0.001,0.0034223399125039577,0.04208850860595703,0.00026723433984443545
98.02,6572,635360,922,-21.299040180000006,688,0.02,39084,-0.7847243547439575,0.001,0.0019447330851107836,9.950305938720703,0.00026743754278868437
98.02,6576,635440,922,-21.30726711,688,0.02,39089,-0.7804812788963318,0.001,0.00397912971675396,20.190410614013672,0.000268554431386292
98.02,6580,635632,923,-21.308830249999996,688,0.02,39101,-0.737281322479248,0.001,0.0008690734975971282,5.899441719055176,0.0002733958244789392
98.02,6584,636480,924,-21.213205089999995,688,0.02,39154,-0.7515794038772583,0.001,0.0015607767272740602,-8.390676498413086,0.00027355545898899436
98.02,6588,636960,925,-21.22546772,688,0.02,39184,-0.8228055238723755,0.001,0.0011645975755527616,-6.3696417808532715,0.0002669460081961006
98.02,6592,637040,925,-21.244390969999998,688,0.02,39189,-0.7639275789260864,0.001,0.004260498099029064,-2.8933465480804443,0.00026596616953611374
98.02,6596,637232,925,-21.12261183,688,0.02,39201,-0.8137235045433044,0.001,0.28990334272384644,-1.1428351402282715,0.0002643621701281518
98.02,6600,638080,926,-21.132504539999996,688,0.02,39254,-0.6697924733161926,0.001,0.0016584987752139568,13.062097549438477,0.0002833745093084872
98.02,6604,638560,927,-21.229615159999994,688,0.02,39284,-0.7510342597961426,0.001,0.004336412530392408,-2.9964261054992676,0.00028630250017158687
98.02,6608,638640,927,-20.72634194,688,0.02,39289,-0.809554398059845,0.001,0.010198726318776608,-3.9160337448120117,0.00028581745573319495
98.02,6612,638832,927,-20.662498890000002,688,0.02,39301,-0.8082337379455566,0.001,0.0016555421752855182,-6.245675563812256,0.0002846412535291165
98.02,6616,639680,928,-20.424183960000004,688,0.02,39354,-0.7951292395591736,0.001,0.001165550434961915,-14.082640647888184,0.0002727544051595032
98.02,6620,640160,929,-20.499446949999996,688,0.02,39384,-0.71333909034729,0.001,0.004476279951632023,-12.968664169311523,0.00026196162798441947
98.02,6624,640240,929,-20.095636779999996,688,0.02,39389,-0.7204068899154663,0.001,0.005563468672335148,-14.252256393432617,0.0002600660955067724
99.01,6628,640432,930,-20.198349529999998,688,0.01,39401,-0.7194334268569946,0.001,0.0017146782483905554,-3.337876796722412,0.0002558444975875318
99.01,6632,641280,931,-19.65497241,688,0.01,39454,-0.6537781953811646,0.001,0.003838201519101858,-6.308475017547607,0.00024760409723967314
99.01,6636,641760,931,-19.687794269999998,688,0.01,39484,-0.7872985601425171,0.001,0.0014274661662057042,-1.2015857696533203,0.00024362521071452647
100.0,6640,641840,932,-19.65599866,688,0.0,39489,-0.7541891932487488,0.001,0.0031728167086839676,6.694370269775391,0.0002433138433843851
100.0,6644,642032,932,-19.798941399999997,688,0.0,39501,-0.7293340563774109,0.001,0.006082768552005291,2.775871753692627,0.0002433133777230978
100.0,6648,642880,933,-19.498067210000002,688,0.0,39554,-0.7414933443069458,0.001,0.0006558333989232779,-3.721764326095581,0.00024798812228254974
100.0,6652,643360,934,-19.29072525,688,0.0,39584,-0.6660732626914978,0.001,0.024656295776367188,-4.925151824951172,0.0002476699883118272
100.0,6656,643440,934,-18.935459169999998,688,0.0,39589,-0.6904653906822205,0.001,0.00165474321693182,-10.486860275268555,0.0002471381740178913
100.0,6660,643632,934,-18.91847177,688,0.0,39601,-0.6300535798072815,0.001,0.0017677716678008437,-8.575058937072754,0.0002454713685438037
100.0,6664,644480,935,-18.745414849999996,688,0.0,39654,-0.7933238744735718,0.001,0.006009744480252266,-5.518040657043457,0.00023441610392183065
100.0,6668,644960,936,-18.96846164,688,0.0,39684,-0.6799532175064087,0.001,0.0013320606667548418,9.086705207824707,0.0002360209182370454
100.0,6672,645040,936,-18.82907129,688,0.0,39689,-0.747886598110199,0.001,0.021640121936798096,4.475286960601807,0.00023737619630992413
100.0,6676,645232,937,-19.04882433,688,0.0,39701,-0.7306303977966309,0.001,0.0009871828369796276,-3.2182674407958984,0.00023931327450554818
100.0,6680,646080,938,-18.72244559,688,0.0,39754,-0.6806058883666992,0.001,0.0009347560117021203,0.9084534645080566,0.0002315803722012788
100.0,6684,646560,939,-18.70775626,688,0.0,39784,-0.7164788246154785,0.001,0.0011430822778493166,-1.7142868041992188,0.00022806267952546477
100.0,6688,646640,939,-18.66721747,688,0.0,39789,-0.7187511920928955,0.001,0.00226515787653625,-3.2298834323883057,0.00022772539523430169
100.0,6692,646832,939,-18.85628581,688,0.0,39801,-0.7564865350723267,0.001,0.0014056062791496515,5.810708045959473,0.00022754735255148262
100.0,6696,647680,940,-19.00914752,688,0.0,39854,-0.7087376117706299,0.001,0.00748799042776227,-4.068427562713623,0.00023294126731343567
100.0,6700,648160,941,-19.087122299999997,688,0.0,39884,-0.6528716087341309,0.001,0.026531396433711052,-4.896522521972656,0.00022781877487432212
100.0,6704,648240,941,-19.16080478,688,0.0,39889,-0.6825236082077026,0.001,0.0014523039571940899,-8.676565170288086,0.0002267354866489768
100.0,6708,648432,941,-19.347994290000003,688,0.0,39901,-0.6161431670188904,0.001,0.0016555781476199627,-5.607909202575684,0.00022412983526010066
100.0,6712,649280,943,-19.11389386,688,0.0,39954,-0.7387816905975342,0.001,0.001588560058735311,-14.783035278320312,0.0002143384626833722
100.0,6716,649760,943,-18.772478870000004,688,0.0,39984,-0.6705291271209717,0.001,0.0009350361069664359,11.313018798828125,0.000208421639399603
100.0,6720,649840,943,-18.79222072,688,0.0,39989,-0.6559664011001587,0.001,0.0024780628737062216,13.788714408874512,0.00020896836940664798
100.0,6724,650032,944,-18.672701179999997,688,0.0,40001,-0.6273127198219299,0.001,0.009813494980335236,14.95897388458252,0.00021179832401685417
100.0,6728,650880,945,-18.578093790000004,688,0.0,40054,-0.6709744930267334,0.001,0.000834027654491365,-6.015294075012207,0.00021145562641322613
100.0,6732,651360,945,-18.761601489999997,688,0.0,40084,-0.6386420726776123,0.001,0.0024342306423932314,12.78845500946045,0.00020766552188433707
100.0,6736,651440,946,-18.536720019999997,688,0.0,40089,-0.6843851804733276,0.001,0.001229972462169826,14.74027156829834,0.00020792790746781975
100.0,6740,651632,946,-18.46444052,688,0.0,40101,-0.6835277080535889,0.001,0.0019113440066576004,17.280479431152344,0.0002106043102685362
100.0,6744,652480,947,-18.102341109999998,688,0.0,40154,-0.6306014060974121,0.001,0.005865941755473614,0.090606689453125,0.0002146319893654436
100.0,6748,652960,948,-18.218558270000003,688,0.0,40184,-0.6239769458770752,0.001,0.014192840084433556,-2.0073065757751465,0.00021449878113344312
100.0,6752,653040,948,-17.77812883,688,0.0,40189,-0.7152782678604126,0.001,0.0026789119001477957,-4.932553291320801,0.00021444437152240425
100.0,6756,653232,948,-18.05142065,688,0.0,40201,-0.6379016637802124,0.001,0.004246835596859455,-6.930690765380859,0.0002134566311724484
100.0,6760,654080,950,-17.998418100000002,688,0.0,40254,-0.6445205211639404,0.001,0.014950682409107685,2.1821787357330322,0.0002071682392852381
100.0,6764,654560,950,-18.15002866,688,0.0,40284,-0.6107826232910156,0.001,0.0010870059486478567,3.7148685455322266,0.000208342942642048
100.0,6768,654640,951,-17.80111518,688,0.0,40289,-0.6733393669128418,0.001,0.0009990631369873881,3.854511260986328,0.00020890083396807313
100.0,6772,654832,951,-17.76007439,688,0.0,40301,-0.6165105104446411,0.001,0.0010108512360602617,7.586399078369141,0.00021069873764645308
100.0,6776,655680,952,-17.49195897,688,0.0,40354,-0.640228271484375,0.001,0.0010390951065346599,-3.4580934047698975,0.0002135566173819825
100.0,6780,656160,953,-17.34602709,688,0.0,40384,-0.6358724236488342,0.001,0.012456100434064865,-0.33240413665771484,0.0002141594741260633
100.0,6784,656240,953,-17.028999060000004,688,0.0,40389,-0.6727308630943298,0.001,0.001282100798562169,-1.380591869354248,0.0002141047443728894
100.0,6788,656432,953,-16.976249350000003,688,0.0,40401,-0.6964353919029236,0.001,0.0021144775673747063,-7.968307971954346,0.00021339149679988623
100.0,6792,657280,955,-16.715937789999998,688,0.0,40454,-0.705276370048523,0.001,0.008535242639482021,2.8487770557403564,0.00022120241192169487
100.0,6796,657760,955,-16.549925750000003,688,0.0,40484,-0.576097846031189,0.001,0.0009156616288237274,-2.5047664642333984,0.00022102927323430777
100.0,6800,657840,955,-16.61564512,688,0.0,40489,-0.606426477432251,0.001,0.0010595445055514574,-3.7357611656188965,0.00022048842220101506
100.0,6804,658032,956,-16.65691341,688,0.0,40501,-0.6433832049369812,0.001,0.0010696803219616413,-4.332601547241211,0.00021883727458771318
99.01,6808,658752,957,-16.588320829999997,688,0.01,40546,-0.7084011435508728,0.001,0.002477913163602352,-7.197073936462402,0.00021059930440969765
99.01,6812,659360,958,-16.90133886,688,0.01,40584,-0.534665584564209,0.001,0.015517648309469223,-7.592714309692383,0.00020382009097374976
99.01,6816,659440,958,-17.462800040000005,688,0.01,40589,-0.571800947189331,0.001,0.0019402189645916224,-6.173357009887695,0.0002028437447734177
99.01,6820,659520,958,-17.431165210000003,688,0.01,40594,-0.5149129629135132,0.001,0.11671373248100281,-7.055463790893555,0.0002019722160184756
99.01,6824,660352,959,-17.5956439,688,0.01,40646,-0.6027077436447144,0.001,0.04749760776758194,4.088763236999512,0.00020312868582550436
99.01,6828,660960,960,-17.560538479999998,688,0.01,40684,-0.6333638429641724,0.001,0.0018156863516196609,8.078638076782227,0.00021012483921367675
99.01,6832,661040,960,-17.952111779999996,688,0.01,40689,-0.47813764214515686,0.001,0.0010682977735996246,8.532078742980957,0.00021115092386025935
99.01,6836,661120,960,-18.06318034,688,0.01,40694,-0.6653871536254883,0.001,0.0006634917808696628,8.357858657836914,0.00021213652507867664
99.01,6840,661952,962,-18.076956009999996,688,0.01,40746,-0.7565196752548218,0.001,0.008253520354628563,-0.5487780570983887,0.00022290075139608234
99.01,6844,662560,963,-17.89222308,687,0.01,40784,-0.6487354040145874,0.001,0.001120864413678646,-5.719034671783447,0.0002240930771222338
99.01,6848,662640,963,-17.998751630000005,687,0.01,40789,-0.578019917011261,0.001,0.006519263610243797,-6.516059398651123,0.00022350870131049305
99.01,6852,662720,963,-18.078566000000002,687,0.01,40794,-0.6804975271224976,0.001,0.0013290522620081902,-7.187127113342285,0.00022282318968791515
99.01,6856,663552,964,-18.09621564,687,0.01,40846,-0.6159674525260925,0.001,0.002019001403823495,-10.163213729858398,0.00020971003687009215
99.01,6860,664160,965,-18.062992180000002,688,0.01,40884,-0.5040457248687744,0.001,0.0019964780658483505,-2.326958417892456,0.00020392215810716152
99.01,6864,664240,965,-18.09720246,687,0.01,40889,-0.6196374893188477,0.001,0.01603792794048786,2.770151138305664,0.0002038655657088384
99.01,6868,664320,965,-18.28175776,687,0.01,40894,-0.5385343432426453,0.001,0.005778267979621887,7.773663520812988,0.00020395073806867003
99.01,6872,665152,966,-18.456908549999994,687,0.01,40946,-0.4845391511917114,0.001,0.002920422237366438,-6.240015029907227,0.00020987850439269096
98.02,6876,665536,967,-18.076432670000003,687,0.02,40970,-0.603738009929657,0.001,0.007444283924996853,-5.996773719787598,0.00020698063599411398
98.02,6880,665808,967,-18.310804990000005,687,0.02,40987,-0.5497813820838928,0.001,0.0014788990374654531,-5.287904739379883,0.00020458464859984815
98.02,6884,665888,967,-18.512397580000002,687,0.02,40992,-0.6137123703956604,0.001,0.0034294305369257927,-5.685482025146484,0.0002038852107943967
97.03,6888,666240,968,-18.36013841,687,0.03,41014,-0.6464368104934692,0.001,0.0014653443358838558,-6.529007911682129,0.0002015677309827879
97.03,6892,667120,969,-18.446546180000002,687,0.03,41069,-0.5303354859352112,0.001,0.0007307281484827399,11.194526672363281,0.0001980047090910375
97.03,6896,667376,970,-18.613726359999998,687,0.03,41085,-0.5890375375747681,0.001,0.0012509424705058336,10.645654678344727,0.00020125271112192422
97.03,6900,667440,970,-18.55402827,687,0.03,41089,-0.593725323677063,0.001,0.001354289473965764,7.025367259979248,0.0002022370317718014
97.03,6904,667840,970,-18.215107610000004,688,0.03,41114,-0.5036617517471313,0.001,0.006173823028802872,-1.89292573928833,0.00020533561473712325
98.02,6908,668720,971,-18.180154849999997,688,0.02,41169,-0.5892922878265381,0.001,0.006409517955034971,-7.702119827270508,0.00020359667541924864
98.02,6912,668976,972,-18.3691425,688,0.02,41185,-0.6477685570716858,0.001,0.003676209133118391,-3.1788597106933594,0.00020099090761505067
98.02,6916,669040,972,-18.505794490000003,688,0.02,41189,-0.5449346899986267,0.001,0.0007930595893412828,-0.02291584014892578,0.0002004755660891533
97.03,6920,669248,972,-18.047880690000003,688,0.03,41202,-0.6731293797492981,0.001,0.0017637225100770593,0.2602660655975342,0.00019983611127827317
97.03,6924,670080,973,-17.939662780000003,688,0.03,41254,-0.5239733457565308,0.001,0.002007819712162018,4.6442365646362305,0.00021207380632404238
96.04,6928,670560,974,-17.80901447,688,0.04,41284,-0.582777738571167,0.001,0.008865214884281158,-5.5490288734436035,0.0002123695012414828
95.05,6932,670608,974,-17.43244457,688,0.05,41287,-0.5769652724266052,0.001,0.0014876724453642964,-10.564034461975098,0.0002121096185874194
95.05,6936,670704,974,-17.62342638,688,0.05,41293,-0.57884681224823,0.001,0.013039475306868553,-3.823699474334717,0.0002113812224706635
95.05,6940,671200,975,-17.315767019999996,688,0.05,41324,-0.47419267892837524,0.001,0.011931447312235832,-5.648977279663086,0.00020792591385543346
95.05,6944,671936,976,-17.426589630000002,688,0.05,41370,-0.4438197612762451,0.001,0.001273454399779439,10.257543563842773,0.00020381424110382795
95.05,6948,672208,976,-17.58597064,688,0.05,41387,-0.5650894045829773,0.001,0.003755781101062894,10.235774040222168,0.00020809572015423328
95.05,6952,672304,976,-18.02957376,688,0.05,41393,-0.664477527141571,0.001,0.008844029158353806,3.9820077419281006,0.0002095844829455018
95.05,6956,672800,977,-17.986072480000004,688,0.05,41424,-0.45932736992836,0.001,0.0018901766743510962,-0.7546377182006836,0.0002159048308385536
95.05,6960,673536,978,-17.883241799999997,688,0.05,41470,-0.5562076568603516,0.001,0.001508635119535029,-3.526265859603882,0.00021776552603114396
95.05,6964,673808,979,-17.96111822,688,0.05,41487,-0.5271344780921936,0.001,0.0024534561671316624,-4.820091724395752,0.00021709554130211473
95.05,6968,673904,979,-17.80653753,688,0.05,41493,-0.4757855236530304,0.001,0.001282921526581049,-3.616532802581787,0.00021656492026522756
94.06,6972,674240,979,-17.27024105,688,0.06,41514,-0.5667460560798645,0.001,0.0020953190978616476,-7.551259994506836,0.00021294648468028754
95.05,6976,675120,981,-18.08944573,688,0.05,41569,-0.5278380513191223,0.001,0.0021220198832452297,-5.246145725250244,0.00019697373500093818
95.05,6980,675376,981,-18.10017164,688,0.05,41585,-0.48701536655426025,0.001,0.0007620023097842932,-1.7613365650177002,0.00019456922018434852
95.05,6984,675440,981,-18.04638359,688,0.05,41589,-0.42975255846977234,0.001,0.006929554045200348,2.573277473449707,0.00019426477956585586
96.04,6988,675840,982,-18.38926026,688,0.04,41614,-0.5804070830345154,0.001,0.0035920594818890095,7.577474117279053,0.0001961491216206923
96.04,6992,676720,983,-18.55676251,687,0.04,41669,-0.6085003614425659,0.001,0.0037799442652612925,9.46778678894043,0.00020102733105886728
96.04,6996,676976,984,-18.451333020000003,687,0.04,41685,-0.526728093624115,0.001,0.001721900305710733,18.800357818603516,0.00020540122932288796
96.04,7000,677040,984,-18.09421108,687,0.04,41689,-0.6130635142326355,0.001,0.0017506175208836794,13.079000473022461,0.00020706850045826286
95.05,7004,677264,984,-17.86524051,687,0.05,41703,-0.5654739141464233,0.001,0.008110244758427143,13.412055969238281,0.0002135963150067255
95.05,7008,678096,985,-17.83425511,687,0.05,41755,-0.5492924451828003,0.001,0.0008363665547221899,-7.998605728149414,0.00022044259821996093
95.05,7012,678576,986,-17.49212232,687,0.05,41785,-0.5303961038589478,0.001,0.0017967723542824388,-10.93807601928711,0.0002134421665687114
95.05,7016,678640,986,-17.47685009,687,0.05,41789,-0.5919551253318787,0.001,0.0006244979449547827,-12.411870956420898,0.00021244140225462615
95.05,7020,678752,986,-17.46147931,687,0.05,41796,-0.5700652599334717,0.001,0.0023610747884958982,-12.154211044311523,0.00021057238336652517
95.05,7024,679552,988,-17.87871319,687,0.05,41846,-0.4788668155670166,0.001,0.0012431354261934757,-0.29758358001708984,0.00021140361786819994
96.04,7028,680160,989,-18.522867419999997,687,0.04,41884,-0.5303639769554138,0.001,0.001173737458884716,-4.118082523345947,0.00020709415548481047
97.03,7032,680240,989,-18.59959285,687,0.03,41889,-0.5449081063270569,0.001,0.0008151077199727297,3.5157134532928467,0.00020640052389353514
97.03,7036,680352,989,-18.42704931,687,0.03,41896,-0.5571448802947998,0.001,0.000901399296708405,3.120478391647339,0.00020605005556717515
96.04,7040,680800,990,-18.35060909,687,0.04,41924,-0.4973359704017639,0.001,0.009127205237746239,4.837786674499512,0.00020847927953582257
96.04,7044,681536,991,-19.193878050000002,687,0.04,41970,-0.579723596572876,0.001,0.0012537527363747358,1.5592303276062012,0.00021171331172809005
96.04,7048,681824,991,-19.04925358,687,0.04,41988,-0.5637249946594238,0.001,0.06472878158092499,9.747961044311523,0.0002141382428817451
96.04,7052,681904,991,-18.76937946,687,0.04,41993,-0.5225875377655029,0.001,0.0035158905666321516,14.34163761138916,0.0002155266993213445
96.04,7056,682400,992,-19.08139346,687,0.04,42024,-0.5179829597473145,0.001,0.001296872622333467,9.221056938171387,0.00022600364172831178
95.05,7060,683120,993,-18.88040274,687,0.05,42069,-0.5273261070251465,0.001,0.001990516670048237,7.583592414855957,0.00023957771190907806
94.06,7064,683376,993,-18.56377186,687,0.06,42085,-0.5309789180755615,0.001,0.0012465304462239146,11.142107009887695,0.00024557768483646214
94.06,7068,683440,993,-18.716370379999997,687,0.06,42089,-0.4377458393573761,0.001,0.0029516431968659163,5.97248649597168,0.00024733220925554633
95.05,7072,683680,994,-19.134235339999996,687,0.05,42104,-0.6281735301017761,0.001,0.1170019581913948,-8.931215286254883,0.00025071995332837105
95.05,7076,684496,995,-18.874942009999998,687,0.05,42155,-0.48079124093055725,0.001,0.005117816850543022,11.192326545715332,0.0002488656609784812
95.05,7080,684976,996,-19.13305487,687,0.05,42185,-0.48309585452079773,0.001,0.007001100108027458,16.9661922454834,0.0002559599233791232
95.05,7084,685040,996,-19.21082728,687,0.05,42189,-0.4797539710998535,0.001,0.0021905978210270405,15.571969985961914,0.00025747145991772413
95.05,7088,685280,996,-19.03683468,687,0.05,42204,-0.4005316197872162,0.001,0.021915841847658157,36.74309539794922,0.00026607041945680976
94.06,7092,685968,997,-18.518005799999997,687,0.06,42247,-0.4855121970176697,0.001,0.010827158577740192,-10.02911376953125,0.00028227808070369065
94.06,7096,686560,998,-18.66298991,687,0.06,42284,-0.5021064877510071,0.001,0.0015508633805438876,-10.269665718078613,0.00026952376356348395
94.06,7100,686640,998,-19.114260359999996,687,0.06,42289,-0.5215914249420166,0.001,0.015534643083810806,-12.648134231567383,0.0002677945885807276
95.05,7104,686752,998,-19.26539419,687,0.05,42296,-0.4633815884590149,0.001,0.0024746721610426903,-8.510743141174316,0.00026547201559878886
95.05,7108,687568,1000,-19.502310839999996,687,0.05,42347,-0.44622135162353516,0.001,0.0011717850575223565,-15.582901954650879,0.00024964415933936834
95.05,7112,688160,1001,-19.42595691,687,0.05,42384,-0.45781195163726807,0.001,0.0012116694124415517,-13.265869140625,0.0002376987977186218
96.04,7116,688240,1001,-19.860618109999997,687,0.04,42389,-0.49091383814811707,0.001,0.00459117628633976,-11.012696266174316,0.0002361537335673347
96.04,7120,688352,1001,-19.8467057,687,0.04,42396,-0.5085157155990601,0.001,0.0022742333821952343,-14.00026798248291,0.0002341756917303428
95.05,7124,688800,1001,-19.346364510000004,687,0.05,42424,-0.5628318190574646,0.001,0.001752032432705164,-0.34348297119140625,0.00022868231462780386
95.05,7128,689552,1003,-18.811927060000002,687,0.05,42471,-0.5151466727256775,0.001,0.0005522393621504307,-7.334836483001709,0.00022863541380502284
95.05,7132,689824,1003,-18.490096970000003,687,0.05,42488,-0.5339198708534241,0.001,0.003568848129361868,-6.389815807342529,0.00022672511113341898
95.05,7136,689904,1003,-18.68939785,687,0.05,42493,-0.40222615003585815,0.001,0.0028256182558834553,-7.414965629577637,0.00022615132911596447
96.04,7140,690400,1004,-19.077057859999996,687,0.04,42524,-0.4950520992279053,0.001,0.0016506551764905453,-5.885330677032471,0.00022268998145591468
96.04,7144,691152,1005,-18.3877195,687,0.04,42571,-0.5317108035087585,0.001,0.00212349696084857,-9.908184051513672,0.00021473928063642234
95.05,7148,691392,1006,-18.174775439999998,687,0.05,42586,-0.5570068359375,0.001,0.009702801704406738,-9.260021209716797,0.00021149334497749805
95.05,7152,691440,1006,-18.518724660000004,687,0.05,42589,-0.5038361549377441,0.001,0.002135532209649682,-6.668355941772461,0.0002108987682731822
95.05,7156,691856,1006,-18.28620068,687,0.05,42615,-0.4231204688549042,0.001,0.0025794291868805885,-7.977355480194092,0.00020760750339832157
96.04,7160,692720,1008,-18.55346721,687,0.04,42669,-0.48789942264556885,0.001,0.001132597797550261,-3.5928146839141846,0.00020058055815752596
97.03,7164,692992,1008,-18.73158661,687,0.03,42686,-0.44240909814834595,0.001,0.00714756827801466,-1.2557146549224854,0.00019983477250207216
97.03,7168,693040,1008,-18.84805619,687,0.03,42689,-0.48767656087875366,0.001,0.0052454834803938866,-0.28707170486450195,0.00019971512665506452
97.03,7172,693456,1009,-18.556419200000004,687,0.03,42715,-0.4027942717075348,0.001,0.00123405153863132,-7.344422340393066,0.0001977363572223112
97.03,7176,694320,1010,-18.56676783,687,0.03,42769,-0.43427354097366333,0.001,0.0006587698590010405,-9.536331176757812,0.00018922988965641707
97.03,7180,694592,1010,-18.48184235,687,0.03,42786,-0.3749948740005493,0.001,0.004959790036082268,-1.1182665824890137,0.00018641771748661995
97.03,7184,694640,1011,-18.53866882,687,0.03,42789,-0.44810566306114197,0.001,0.0008849792648106813,-11.53738021850586,0.00018595570873003453
97.03,7188,695056,1011,-18.537558490000002,687,0.03,42815,-0.3797551989555359,0.001,0.0020455014891922474,-9.945609092712402,0.0001813902927096933
98.02,7192,695920,1013,-19.055031319999998,686,0.02,42869,-0.40176689624786377,0.001,0.020680895075201988,-2.9663448333740234,0.00017271775868721306
98.02,7196,696192,1013,-18.757377469999994,686,0.02,42886,-0.2737634778022766,0.001,0.010400132276117802,-1.8085355758666992,0.00017127496539615095
98.02,7200,696240,1013,-18.75244168,686,0.02,42889,-0.513967752456665,0.001,0.0070191253907978535,-7.714004993438721,0.00017102410492952913
97.03,7204,696480,1013,-18.31302438,686,0.03,42904,-0.4613505005836487,0.001,0.0077448454685509205,-5.309536933898926,0.00016966178372967988
97.03,7208,697296,1015,-18.30194065,686,0.03,42955,-0.38269877433776855,0.001,0.0010921561624854803,5.876147270202637,0.0001701143046375364
97.03,7212,697776,1015,-18.1393076,686,0.03,42985,-0.4626106917858124,0.001,0.003349656006321311,-0.9394259452819824,0.00017122304416261613
97.03,7216,697840,1015,-18.41929054,686,0.03,42989,-0.4187414050102234,0.001,0.007775919511914253,1.6564269065856934,0.0001712798693915829
97.03,7220,698080,1016,-18.480078369999998,686,0.03,43004,-0.37029922008514404,0.001,0.0018926610937342048,-2.12215518951416,0.00017141958232969046
98.02,7224,698896,1017,-18.615704039999997,686,0.02,43055,-0.3515459895133972,0.001,0.08791610598564148,4.605234146118164,0.00017501789261586964
98.02,7228,699376,1018,-18.72581617,686,0.02,43085,-0.4029761552810669,0.001,0.023109927773475647,22.264812469482422,0.00017900930834002793
98.02,7232,699440,1018,-19.060164120000003,686,0.02,43089,-0.33614134788513184,0.001,0.01309936959296465,26.788013458251953,0.000180360148078762
98.02,7236,699680,1018,-18.73229934,686,0.02,43104,-0.28755858540534973,0.001,0.012411810457706451,14.950128555297852,0.0001863999495981261
97.03,7240,700368,1019,-18.91962036,686,0.03,43147,-0.4420377016067505,0.001,0.003166541922837496,12.431474685668945,0.0001945046678883955
97.03,7244,700960,1020,-19.045016450000002,686,0.03,43184,-0.38254350423812866,0.001,0.0035788901150226593,18.37851905822754,0.00020488454902078956
98.02,7248,701040,1020,-19.23075652,686,0.02,43189,-0.4022696614265442,0.001,0.0011458274675533175,19.73200035095215,0.00020704914641100913
98.02,7252,701184,1020,-19.054931080000003,686,0.02,43198,-0.3610161542892456,0.001,0.001706340815871954,11.079397201538086,0.0002107672771671787
98.02,7256,701968,1021,-19.033257480000003,686,0.02,43247,-0.3727337718009949,0.001,0.00860618520528078,-3.302501916885376,0.00021705124527215958
97.1,7260,702352,1022,-18.71636402,686,0.03,43271,-0.3951178193092346,0.001,0.001539675984531641,-4.353997230529785,0.00021492181986104697
97.1,7264,702624,1022,-18.905198480000003,686,0.03,43288,-0.34889861941337585,0.001,0.008109431713819504,-2.854045867919922,0.0002129684144165367
97.1,7268,702704,1022,-18.87752266,686,0.03,43293,-0.5431149005889893,0.001,0.008202023804187775,-1.1370244026184082,0.00021244626259431243
97.1,7272,703200,1023,-18.95536459,687,0.03,43324,-0.3681437373161316,0.001,0.0050912899896502495,3.26430606842041,0.00021101081802044064
97.1,7276,703952,1024,-18.79201272,687,0.03,43371,-0.3620782792568207,0.001,0.0016144595574587584,-3.320640802383423,0.00020718798623420298
97.1,7280,704224,1024,-18.534405089999996,687,0.03,43388,-0.49243831634521484,0.001,0.00753742503002286,-0.2267627716064453,0.00020627339836210012
97.1,7284,704304,1024,-18.917914680000003,687,0.03,43393,-0.42065560817718506,0.001,0.0019795554690063,-1.8728365898132324,0.00020622086594812572
97.1,7288,704800,1025,-18.983053540000004,687,0.03,43424,-0.37674200534820557,0.001,0.0010981322266161442,7.964743137359619,0.00020835585019085556
97.1,7292,705552,1026,-18.977833680000003,687,0.03,43471,-0.3642174005508423,0.001,0.0008801599033176899,-5.4630866050720215,0.0002148371859220788
97.1,7296,705824,1026,-19.29887988,687,0.03,43488,-0.44336044788360596,0.001,0.001151380711235106,1.1813650131225586,0.00021515069238375872
97.1,7300,705904,1027,-19.493378310000004,687,0.03,43493,-0.3846968412399292,0.001,0.00102230126503855,0.7844738960266113,0.0002152208617189899
98.09,7304,706400,1027,-19.84706106,687,0.02,43524,-0.4158278703689575,0.001,0.020695731043815613,-5.133732318878174,0.0002151416556444019
98.09,7308,707152,1028,-19.744255459999998,687,0.02,43571,-0.37450218200683594,0.001,0.0051868995651602745,7.16653299331665,0.0002115873503498733
98.09,7312,707424,1029,-19.87842929,687,0.02,43588,-0.3519916534423828,0.001,0.007472842000424862,5.622133255004883,0.00021390331676229835
97.1,7316,707456,1029,-19.437718730000004,687,0.03,43590,-0.31781771779060364,0.001,0.0014696404105052352,-0.7703189849853516,0.0002141407021554187
97.1,7320,707872,1029,-19.04393692,687,0.03,43616,-0.3612910211086273,0.001,0.0013298639096319675,-2.0895676612854004,0.00021497101988643408
97.1,7324,708720,1031,-19.05891298,687,0.03,43669,-0.4568308889865875,0.001,0.0007246540626510978,-13.203760147094727,0.00020830996800214052
97.1,7328,708992,1031,-18.93145435,687,0.03,43686,-0.28700846433639526,0.001,0.002170453779399395,-8.10048770904541,0.00020443194080144167
97.1,7332,709056,1031,-18.78208637,687,0.03,43690,-0.30604541301727295,0.001,0.0010343572357669473,-11.088556289672852,0.00020354542357381433
97.1,7336,709472,1032,-18.76911823,687,0.03,43716,-0.4406262934207916,0.001,0.002581364940851927,-11.251729011535645,0.00019839390006382018
98.09,7340,710320,1033,-18.74628158,687,0.02,43769,-0.36982738971710205,0.001,0.0006219397764652967,-6.5068206787109375,0.00018834516231436282
98.09,7344,710592,1033,-18.42472095,687,0.02,43786,-0.3914352059364319,0.001,0.0032837733160704374,-6.3968400955200195,0.00018626346718519926
97.1,7348,710656,1033,-18.198201389999998,687,0.03,43790,-0.40613043308258057,0.001,0.0011304987128823996,-4.646857261657715,0.0001857894385466352
97.1,7352,710880,1034,-18.18410493,687,0.03,43804,-0.37519651651382446,0.001,0.08177000284194946,2.0404391288757324,0.0001849375548772514
97.1,7356,711696,1035,-18.276116230000003,687,0.03,43855,-0.4294089078903198,0.001,0.0008178569842129946,0.43805885314941406,0.00019003648776561022
98.02,7360,712176,1035,-18.286182160000003,687,0.02,43885,-0.2620270848274231,0.001,0.01346319355070591,4.36688232421875,0.00019265266018919647
98.02,7364,712256,1035,-17.974947429999997,687,0.02,43890,-0.30020013451576233,0.001,0.005551762413233519,6.016531467437744,0.00019317533588036895
97.03,7368,712400,1036,-17.55966965,687,0.03,43899,-0.323073148727417,0.001,0.005919085815548897,2.8642263412475586,0.0001939576759468764
97.03,7372,713296,1037,-18.00013084,687,0.03,43955,-0.3852604627609253,0.001,0.007211088202893734,0.27561521530151367,0.00019981000514235348
97.03,7376,713760,1037,-18.236905550000003,687,0.03,43984,-0.3036718964576721,0.001,0.0004384080530144274,-7.189035415649414,0.000202144481590949
97.03,7380,713840,1037,-18.20248398,687,0.03,43989,-0.2639477849006653,0.001,0.0008788885315880179,-2.1920671463012695,0.00020160233543720096
97.03,7384,714000,1038,-17.9661349,687,0.03,43999,-0.29875651001930237,0.001,0.003725963644683361,-3.5507044792175293,0.00020038228831253946
97.03,7388,714896,1039,-17.770553550000002,687,0.03,44055,-0.35924842953681946,0.001,0.001686603995040059,-2.1804471015930176,0.00019764738681260496
97.03,7392,715360,1040,-17.76023868,687,0.03,44084,-0.30193066596984863,0.001,0.001322019612416625,1.8177390098571777,0.0001961895322892815
97.03,7396,715440,1040,-17.64829064,687,0.03,44089,-0.3768840432167053,0.001,0.003039282513782382,-2.0302281379699707,0.00019614686607383192
97.03,7400,715600,1040,-17.52655768,687,0.03,44099,-0.2945188879966736,0.001,0.00456871185451746,3.8246335983276367,0.00019588778377510607
97.03,7404,716496,1042,-17.62475106,687,0.03,44155,-0.3935859203338623,0.001,0.0006891957600601017,4.7329840660095215,0.00021907278278376907
97.03,7408,716960,1042,-17.76463433,687,0.03,44184,-0.330727219581604,0.001,0.06718502193689346,8.877092361450195,0.00022444769274443388
97.03,7412,717040,1043,-17.75036885,687,0.03,44189,-0.2805643081665039,0.001,0.0019333939999341965,7.698965549468994,0.00022534829622600228
97.03,7416,717104,1043,-17.911720619999997,687,0.03,44193,-0.40914756059646606,0.001,0.002490423619747162,6.9901604652404785,0.00022602928220294416
97.03,7420,717600,1044,-18.134662539999997,687,0.03,44224,-0.42254307866096497,0.001,0.002804854651913047,-3.800452709197998,0.00022973044542595744
97.03,7424,718352,1045,-17.93841169,687,0.03,44271,-0.2744995653629303,0.001,0.010491344146430492,0.5812320709228516,0.0002311805437784642
97.03,7428,718624,1045,-18.2189994,687,0.03,44288,-0.3153640329837799,0.001,0.0084941815584898,4.3248443603515625,0.00023101347323972732
96.04,7432,718672,1045,-18.248917520000003,687,0.04,44291,-0.2779039144515991,0.001,0.003361533395946026,1.5881304740905762,0.00023111197515390813
96.04,7436,719072,1046,-18.39588329,687,0.04,44316,-0.35104498267173767,0.001,0.0022299066185951233,3.3150687217712402,0.00023365770175587386
96.04,7440,719920,1047,-18.321158009999998,687,0.04,44369,-0.32996100187301636,0.001,0.013219011947512627,14.68675708770752,0.0002387217537034303
96.04,7444,720192,1047,-18.57068704,687,0.04,44386,-0.25304609537124634,0.001,0.0011710580438375473,6.035052299499512,0.00024355968344025314
96.04,7448,720272,1048,-18.658665529999997,687,0.04,44391,-0.3696138560771942,0.001,0.0014687974471598864,8.084453582763672,0.00024517893325537443
97.03,7452,720672,1048,-19.036472149999998,687,0.03,44416,-0.2814527153968811,0.001,0.004622721113264561,4.61129903793335,0.0002532397920731455
97.03,7456,721520,1049,-18.897043299999996,687,0.03,44469,-0.2340528964996338,0.001,0.003938320092856884,-0.5277938842773438,0.00026112975319847465
97.03,7460,721792,1050,-19.19306755,687,0.03,44486,-0.23250943422317505,0.001,0.0028197667561471462,1.105536937713623,0.00026185522438026965
97.03,7464,721872,1050,-19.42248452,687,0.03,44491,-0.37682920694351196,0.001,0.054606400430202484,-5.028993129730225,0.0002616450365167111
98.02,7468,722272,1050,-19.914337210000003,687,0.02,44516,-0.3145391345024109,0.001,0.008347533643245697,-5.913627624511719,0.00026039365911856294
97.03,7472,722912,1051,-19.49323527,687,0.03,44556,-0.3151299059391022,0.001,0.004318329505622387,10.706844329833984,0.00026520126266404986
97.03,7476,723376,1052,-19.235445459999998,687,0.03,44585,-0.19292792677879333,0.001,0.01990571618080139,19.689191818237305,0.00027672937721945345
97.03,7480,723456,1052,-19.45926453,687,0.03,44590,-0.21274793148040771,0.001,0.0018941810121759772,16.702159881591797,0.0002791283477563411
97.03,7484,723680,1053,-19.500526539999996,687,0.03,44604,-0.311142235994339,0.001,0.006929195020347834,11.004562377929688,0.0002857484796550125
97.03,7488,724512,1054,-19.644032749999997,687,0.03,44656,-0.35675671696662903,0.001,0.007063533645123243,-4.575810432434082,0.00028862094040960073
97.03,7492,724976,1055,-19.47154257,687,0.03,44685,-0.3080676794052124,0.001,0.005950295366346836,-3.4864273071289062,0.0002824046241585165
97.03,7496,725056,1055,-19.577578909999996,687,0.03,44690,-0.2373083233833313,0.001,0.0016144777182489634,-1.6613807678222656,0.00028141497750766575
97.03,7500,725280,1055,-19.587542919999997,687,0.03,44704,-0.312643826007843,0.001,0.003965023905038834,0.5565543174743652,0.0002785265969578177
97.03,7504,726112,1056,-19.53022482,687,0.03,44756,-0.28756213188171387,0.001,0.0015476853586733341,-0.5056676864624023,0.00027093911194242537
97.03,7508,726576,1057,-19.46012666,687,0.03,44785,-0.2892848551273346,0.001,0.0009306676220148802,-3.506011962890625,0.00026733221602626145
97.03,7512,726656,1057,-19.5677763,687,0.03,44790,-0.23072272539138794,0.001,0.009356665425002575,-4.240657329559326,0.0002669047680683434
98.02,7516,726880,1058,-19.679640419999995,686,0.02,44804,-0.19499647617340088,0.001,0.001561933197081089,-1.6808009147644043,0.00026551581686362624
98.02,7520,727712,1059,-19.717668950000004,686,0.02,44856,-0.30600905418395996,0.001,0.0013843593187630177,-8.14144515991211,0.0002583645691629499
97.03,7524,728160,1059,-19.805066509999996,686,0.03,44884,-0.2496904730796814,0.001,0.0013295221142470837,-5.225722789764404,0.0002532755315769464
97.03,7528,728256,1060,-19.5505052,686,0.03,44890,-0.2292298674583435,0.001,0.0009544955100864172,-1.3165879249572754,0.00025238629314117134
98.02,7532,728400,1060,-19.83826328,687,0.02,44899,-0.3749667704105377,0.001,0.0010960684157907963,-5.031731605529785,0.0002509536861907691
98.02,7536,729296,1061,-19.781042890000002,686,0.02,44955,-0.20834225416183472,0.001,0.0016483531799167395,1.6340913772583008,0.00024214484437834471
98.02,7540,729760,1062,-19.870312740000003,686,0.02,44984,-0.30721351504325867,0.001,0.0006222099182195961,0.1716928482055664,0.00024140217283274978
98.02,7544,729856,1062,-19.49172883,686,0.02,44990,-0.27983739972114563,0.001,0.0006582767236977816,-2.7146711349487305,0.00024162950285244733
98.02,7548,730000,1062,-19.40654356,686,0.02,44999,-0.28587833046913147,0.001,0.0004418519092723727,-4.24932861328125,0.00024171637778636068
98.02,7552,730896,1064,-19.497447349999998,686,0.02,45055,-0.21914109587669373,0.001,0.008063549175858498,-5.716658115386963,0.00023757165763527155
98.02,7556,731360,1064,-19.53117539,686,0.02,45084,-0.32145485281944275,0.001,0.005840090103447437,20.807594299316406,0.00023573746148031205
97.03,7560,731424,1064,-19.30823134,686,0.03,45088,-0.20585092902183533,0.001,0.013627755455672741,22.586145401000977,0.00023697201686445624
97.03,7564,731504,1065,-19.05304237,686,0.03,45093,-0.20961371064186096,0.001,0.0027115680277347565,21.606962203979492,0.00023913166660349816
97.03,7568,732000,1065,-18.69225989,686,0.03,45124,-0.2670823335647583,0.001,0.0019873001147061586,-3.349653720855713,0.0002501739654690027
98.02,7572,732768,1066,-18.985623420000003,686,0.02,45172,-0.2171604037284851,0.001,0.0022510383278131485,-0.9585649967193604,0.00024826425942592323
98.02,7576,733024,1067,-19.101143050000005,686,0.02,45188,-0.2605891823768616,0.001,0.005059504881501198,-0.7597026824951172,0.0002478105598129332
97.09,7580,733072,1067,-18.985531,686,0.03,45191,-0.25995591282844543,0.001,0.001983370166271925,2.7599587440490723,0.00024782924447208643
97.09,7584,733472,1067,-18.850025779999996,686,0.03,45216,-0.18992328643798828,0.001,0.0037986275274306536,3.47976016998291,0.0002480538678355515
97.09,7588,734320,1068,-18.645377620000005,687,0.03,45269,-0.19285553693771362,0.001,0.0012193965958431363,-8.696945190429688,0.00025437743170186877
97.09,7592,734624,1069,-18.99758901,687,0.03,45288,-0.23949792981147766,0.001,0.0006876902771182358,-8.988933563232422,0.00025099318008869886
96.1,7596,734672,1069,-18.637059070000003,687,0.04,45291,-0.26526525616645813,0.001,0.0009939621668308973,-5.775851726531982,0.0002503037976566702
96.1,7600,734880,1069,-18.81390347,687,0.04,45304,-0.270419716835022,0.001,0.005550824571400881,-1.3658061027526855,0.00024778195074759424
96.1,7604,735712,1070,-18.82079769,687,0.04,45356,-0.2732982039451599,0.001,0.0028890836983919144,-3.0691447257995605,0.00024501109146513045
96.1,7608,736208,1071,-18.86738058,687,0.04,45387,-0.20085689425468445,0.001,0.001992110162973404,-7.918883323669434,0.00023928817245177925
96.1,7612,736272,1071,-18.8848149,687,0.04,45391,-0.22581058740615845,0.001,0.0015345150604844093,-5.40833854675293,0.00023850443540140986
96.1,7616,736480,1071,-18.57874611,687,0.04,45404,-0.2080739438533783,0.001,0.004734968766570091,-8.20981502532959,0.00023635089746676385
96.1,7620,737312,1073,-18.368313190000002,687,0.04,45456,-0.3025745153427124,0.001,0.07429110258817673,-8.890867233276367,0.00022234811331145465
97.09,7624,737808,1074,-18.26484056,686,0.03,45487,-0.24402660131454468,0.001,0.002827414544299245,-3.287564277648926,0.00021581548207905143
97.09,7628,737872,1074,-18.197656040000005,686,0.03,45491,-0.28919079899787903,0.001,0.004588648676872253,-2.902374505996704,0.00021521923190448433
97.09,7632,738080,1074,-18.20045654,686,0.03,45504,-0.30708450078964233,0.001,0.0017899149097502232,-3.332104444503784,0.0002140165597666055
97.09,7636,738912,1075,-18.069393220000002,686,0.03,45556,-0.24135896563529968,0.001,0.003982270136475563,19.344512939453125,0.00021685552201233804
97.09,7640,739408,1076,-17.94693019,686,0.03,45587,-0.252875417470932,0.001,0.0019047909881919622,-5.70213508605957,0.00022902213095221668
97.09,7644,739472,1076,-18.21408179,686,0.03,45591,-0.2580707371234894,0.001,0.002012931741774082,-6.651948928833008,0.00022934364096727222
97.09,7648,739680,1076,-18.07878058,686,0.03,45604,-0.21263104677200317,0.001,0.0012634779559448361,-5.6257710456848145,0.00022889001411385834
97.09,7652,740512,1078,-18.06801407,686,0.03,45656,-0.3215814530849457,0.001,0.0007536588236689568,-5.198093891143799,0.00022466527298092842
97.09,7656,741008,1078,-18.07830688,686,0.03,45687,-0.10491794347763062,0.001,0.010151107795536518,-0.20262432098388672,0.0002246472577098757
98.08,7660,741072,1079,-18.31229981,686,0.02,45691,-0.11785733699798584,0.001,0.003383927047252655,3.0806703567504883,0.00022473835269920528
98.08,7664,741280,1079,-18.38974306,686,0.02,45704,-0.17035096883773804,0.001,0.0015630475245416164,-5.718803405761719,0.0002244333445560187
98.08,7668,742112,1080,-18.726286719999997,686,0.02,45756,-0.2573634684085846,0.001,0.004242488648742437,-1.6713337898254395,0.00021718064090237021
98.08,7672,742608,1081,-18.563899839999998,686,0.02,45787,-0.25272083282470703,0.001,0.001555510563775897,-1.819261074066162,0.0002144425525330007
98.08,7676,742672,1081,-18.432456989999995,686,0.02,45791,-0.24726709723472595,0.001,0.004990983754396439,-1.2042937278747559,0.00021424630540423095
99.01,7680,742880,1081,-18.54440355,686,0.01,45804,-0.24909469485282898,0.001,0.0007206547306850553,-4.477066516876221,0.0002134955138899386
99.01,7684,743712,1083,-18.81497692,686,0.01,45856,-0.17760148644447327,0.001,0.0037066310178488493,-5.235133171081543,0.00020390815916471183
99.01,7688,744208,1083,-18.75814286,686,0.01,45887,-0.205549418926239,0.001,0.0049390895292162895,-7.663285255432129,0.00019979113130830228
100.0,7692,744272,1083,-18.612949419999996,686,0.0,45891,-0.23679408431053162,0.001,0.007108435500413179,-8.67617416381836,0.00019922129285987467
100.0,7696,744480,1084,-18.832164229999997,686,0.0,45904,-0.13951218128204346,0.001,0.004986417014151812,-8.500807762145996,0.00019699345284607261
100.0,7700,745312,1085,-18.628347669999997,686,0.0,45956,-0.26356184482574463,0.001,0.001030940911732614,-6.981338977813721,0.00018831499619409442
100.0,7704,745808,1086,-18.86804551,686,0.0,45987,-0.1993331015110016,0.001,0.006917532533407211,-0.8539774417877197,0.00018600767361931503
100.0,7708,745872,1086,-19.31623459,686,0.0,45991,-0.19857797026634216,0.001,0.0024917435366660357,-2.631228446960449,0.00018612833810038865
99.01,7712,746016,1086,-18.9727009,686,0.01,46000,-0.2626416087150574,0.001,0.023900579661130905,-2.9879989624023438,0.00018627732060849667
99.01,7716,746896,1088,-19.12732421,686,0.01,46055,-0.1459338366985321,0.001,0.002038659295067191,9.625131607055664,0.0002002773981075734
98.02,7720,747184,1088,-19.194641830000002,686,0.02,46073,-0.1615717113018036,0.001,0.00074318319093436,3.3296923637390137,0.00020628501079045236
98.02,7724,747456,1088,-19.80245176,686,0.02,46090,-0.11585885286331177,0.001,0.004258501343429089,-1.3820242881774902,0.00020904092525597662
98.02,7728,747504,1088,-19.77733379,686,0.02,46093,-0.2604922652244568,0.001,0.0054507870227098465,2.9966421127319336,0.00020923459669575095
98.02,7732,748000,1089,-19.86046066,686,0.02,46124,-0.1853565275669098,0.001,0.0025586183182895184,-6.923355579376221,0.00020748221140820533
98.02,7736,748784,1090,-19.91148188,686,0.02,46173,-0.23124071955680847,0.001,0.004225805401802063,-0.345583438873291,0.00020480912644416094
98.02,7740,749056,1091,-20.16075658,686,0.02,46190,0.001658797264099121,0.001,0.0038422271609306335,-2.6433515548706055,0.00020440288062673062
98.02,7744,749104,1091,-20.182577260000002,686,0.02,46193,-0.2652669847011566,0.001,0.0010238217655569315,-5.001648426055908,0.00020423530077096075
98.02,7748,749600,1091,-20.22361634,686,0.02,46224,-0.1625768542289734,0.001,0.008663431741297245,5.276442050933838,0.00020574411610141397
98.02,7752,750384,1093,-20.01137218,686,0.02,46273,-0.1865999698638916,0.001,0.0009028960485011339,9.324371337890625,0.00021569797536358237
97.03,7756,750656,1093,-19.82519507,686,0.03,46290,-0.22826647758483887,0.001,0.0010012947022914886,1.3083398342132568,0.00022036692826077342
96.04,7760,750672,1093,-19.69775574,686,0.04,46291,-0.2769078314304352,0.001,0.0011582005536183715,1.8235085010528564,0.00022056435409467667
96.04,7764,750880,1093,-19.795382080000003,686,0.04,46304,-0.1473814845085144,0.001,0.005956986919045448,-4.887880325317383,0.00022202730178833008
96.04,7768,751712,1095,-19.78557747,686,0.04,46356,-0.10781946778297424,0.001,0.0016221125843003392,-12.57637882232666,0.00021186762023717165
96.04,7772,752208,1095,-19.65260623,686,0.04,46387,-0.09933224320411682,0.001,0.014601245522499084,-8.032218933105469,0.0002025081921601668
96.04,7776,752272,1095,-19.64937893,686,0.04,46391,-0.2300039827823639,0.001,0.0017885287525132298,-9.719472885131836,0.0002014904748648405
96.04,7780,752480,1096,-19.86472668,686,0.04,46404,-0.21435131132602692,0.001,0.0013613421469926834,-3.204512357711792,0.00019881284970324486
96.04,7784,753312,1097,-19.643461610000003,686,0.04,46456,-0.08395615220069885,0.001,0.19863548874855042,2.2336268424987793,0.00019637035438790917
96.04,7788,753808,1098,-20.499828360000002,686,0.04,46487,-0.18173003196716309,0.001,0.0024857036769390106,0.6446237564086914,0.00019626288849394768
96.04,7792,753872,1098,-20.703947700000004,686,0.04,46491,-0.14741992950439453,0.001,0.002424919046461582,-1.2450369596481323,0.00019629040616564453
95.05,7796,754016,1098,-20.35885582,686,0.05,46500,-0.20683827996253967,0.001,0.005446288734674454,-4.735790729522705,0.00019616034114733338
95.05,7800,754896,1100,-20.500720960000002,686,0.05,46555,-0.20364046096801758,0.001,0.0009034256800077856,2.391472816467285,0.0001904294331325218
95.05,7804,755376,1100,-20.513463190000003,686,0.05,46585,-0.17709770798683167,0.001,0.001041232142597437,4.177292346954346,0.00019198468362446874
95.05,7808,755472,1100,-19.871982,686,0.05,46591,-0.17133283615112305,0.001,0.0016876840963959694,2.098470687866211,0.00019247470481786877
96.04,7812,755616,1101,-20.175250990000002,686,0.04,46600,-0.17105776071548462,0.001,0.0016845016507431865,-4.211162090301514,0.0001929363643284887
96.04,7816,756496,1102,-20.31803502,686,0.04,46655,-0.1662246286869049,0.001,0.0006696493364870548,0.4155397415161133,0.00019427163351792842
97.03,7820,756976,1103,-20.42889184,686,0.03,46685,-0.1470954716205597,0.001,0.10765761882066727,0.5284357070922852,0.00019588180293794721
97.03,7824,757072,1103,-20.100448,686,0.03,46691,-0.18200942873954773,0.001,0.0019461611518636346,-0.03202414512634277,0.00019610403978731483
97.03,7828,757216,1103,-20.17371402,686,0.03,46700,-0.2185153365135193,0.001,0.0012342225527390838,0.34424257278442383,0.00019649211026262492
97.03,7832,758096,1105,-20.231283519999998,686,0.03,46755,-0.12025633454322815,0.001,0.019321288913488388,4.220531463623047,0.00019595149205997586
97.03,7836,758576,1105,-20.24141867,686,0.03,46785,-0.16748055815696716,0.001,0.0026343311183154583,-6.273066997528076,0.0001961618399946019
96.04,7840,758672,1105,-19.78238305,685,0.04,46791,-0.17275503277778625,0.001,0.004950558301061392,-4.036155700683594,0.00019586760026868433
96.04,7844,758704,1106,-19.87548379,685,0.04,46793,-0.14142420887947083,0.001,0.001995986793190241,-6.222214698791504,0.00019573427562136203
95.05,7848,759072,1106,-19.987691800000004,686,0.05,46816,-0.14930057525634766,0.001,0.001067352364771068,-4.085751533508301,0.0001937142078531906
95.05,7852,759920,1107,-20.23030701,685,0.05,46869,-0.17838209867477417,0.001,0.004370668902993202,-4.033821105957031,0.00019107558182440698
94.06,7856,760208,1108,-20.21746148,685,0.06,46887,-0.16365614533424377,0.001,0.011215971782803535,-8.637613296508789,0.00018807503511197865
95.05,7860,760272,1108,-20.50167519,685,0.05,46891,-0.13226693868637085,0.001,0.020693989470601082,-8.99341869354248,0.00018717320926953107
96.04,7864,760496,1108,-20.630154360000002,685,0.04,46905,-0.1948958933353424,0.001,0.003836871823295951,-3.898956298828125,0.00018383553833700716
96.04,7868,761312,1110,-20.416545120000002,685,0.04,46956,-0.1184493899345398,0.001,0.004592105280607939,7.516096115112305,0.00018448394257575274
96.04,7872,761808,1110,-20.40232092,685,0.04,46987,0.0009123086929321289,0.001,0.003440610133111477,13.740917205810547,0.00019424365018494427
96.04,7876,761872,1110,-20.241312869999998,685,0.04,46991,-0.23383155465126038,0.001,0.0037473170086741447,8.338427543640137,0.0001959750516107306
96.04,7880,762096,1111,-20.204077339999998,685,0.04,47005,0.04287862777709961,0.001,0.016425520181655884,13.48370361328125,0.00020066436263732612
96.04,7884,762912,1112,-20.080571689999996,685,0.04,47056,-0.211252361536026,0.001,0.005875444505363703,18.4783935546875,0.0002241456531919539
96.04,7888,763408,1113,-19.63948283,685,0.04,47087,-0.21220791339874268,0.001,0.0006366134621202946,2.527549982070923,0.00023572691134177148
96.04,7892,763472,1113,-19.704643630000003,685,0.04,47091,-0.11429041624069214,0.001,0.0009881735313683748,-0.06846857070922852,0.00023626210168004036
97.03,7896,763696,1113,-19.887525,685,0.03,47105,-0.1758284866809845,0.001,0.0065294187515974045,5.670980453491211,0.00023755466099828482
97.03,7900,764512,1114,-19.77958509,685,0.03,47156,-0.07590007781982422,0.001,0.002135268412530422,11.937085151672363,0.00024407659657299519
97.03,7904,765008,1115,-19.35114557,685,0.03,47187,-0.12521567940711975,0.001,0.0013980541843920946,5.025524139404297,0.0002500389819033444
97.03,7908,765072,1115,-19.41700738,685,0.03,47191,-0.12173581123352051,0.001,0.002633262425661087,3.943209648132324,0.00025049172108992934
97.03,7912,765296,1115,-19.556766879999998,685,0.03,47205,-0.09933912754058838,0.001,0.010908609256148338,5.813244819641113,0.00025245200959034264
97.03,7916,766112,1116,-19.424519880000002,685,0.03,47256,-0.11035630106925964,0.001,0.009775535203516483,2.5941591262817383,0.00025970794376917183
96.04,7920,766608,1117,-19.29379485,685,0.04,47287,-0.11518314480781555,0.001,0.0017602206207811832,0.9344173669815063,0.0002612137177493423
96.04,7924,766672,1117,-19.3620217,685,0.04,47291,-0.09560856223106384,0.001,0.002256236271932721,3.992264747619629,0.00026126328157261014
96.04,7928,766816,1117,-19.2959398,685,0.04,47300,-0.06064721941947937,0.001,0.002199260052293539,3.9468040466308594,0.0002619646256789565
96.04,7932,767696,1119,-19.341892670000004,685,0.04,47355,-0.08768907189369202,0.001,0.0396934375166893,7.259150981903076,0.0002759029739536345
96.04,7936,768208,1120,-19.41095505,685,0.04,47387,-0.10690224170684814,0.001,0.0025793311651796103,-6.605637550354004,0.00027975914417766035
96.04,7940,768272,1120,-19.361900770000002,685,0.04,47391,-0.11298686265945435,0.001,0.0020322627387940884,-6.019796848297119,0.00027934886747971177
97.03,7944,768416,1120,-19.36174761,685,0.03,47400,-0.17348286509513855,0.001,0.0019238527165725827,8.35330581665039,0.0002787588455248624
98.02,7948,769296,1121,-19.210898199999995,685,0.02,47455,-0.11358928680419922,0.001,0.0008514047367498279,-10.78836441040039,0.00028240945539437234
98.02,7952,769808,1122,-19.09815075,685,0.02,47487,-0.1456615924835205,0.001,0.0008899599779397249,-11.46038818359375,0.0002708383835852146
99.01,7956,769872,1122,-19.39066472,685,0.01,47491,0.03888079524040222,0.001,0.0011214769911020994,-11.793663024902344,0.00026949422317557037
98.02,7960,769904,1122,-19.12196635,685,0.02,47493,-0.14793145656585693,0.001,0.019915424287319183,-10.594481468200684,0.0002688275999389589
98.02,7964,770400,1123,-19.35935999,685,0.02,47524,-0.09631338715553284,0.001,0.002465728670358658,-1.6282298564910889,0.00026066499412991107
98.02,7968,771184,1125,-19.44510147,685,0.02,47573,-0.15122604370117188,0.001,0.031891144812107086,5.2517619132995605,0.0002586505434010178
98.02,7972,771472,1125,-19.49334757,685,0.02,47591,-0.10912066698074341,0.001,0.0014384971000254154,6.925217151641846,0.00026279460871592164
98.02,7976,771504,1125,-19.50959808,685,0.02,47593,-0.11739107966423035,0.001,0.006610433105379343,5.733193397521973,0.0002633089025039226
98.02,7980,772000,1126,-19.359336059999997,685,0.02,47624,-0.09163272380828857,0.001,0.00285903038457036,-3.5843286514282227,0.0002656797005329281
98.02,7984,772784,1127,-19.75860602,685,0.02,47673,-0.10989287495613098,0.001,0.001965106464922428,-3.555572748184204,0.0002531803911551833
98.02,7988,773072,1128,-19.471258319999997,685,0.02,47691,-0.18248942494392395,0.001,0.011396021582186222,-6.659583568572998,0.00025037323939614
98.02,7992,773104,1128,-19.516112229999997,685,0.02,47693,-0.13089343905448914,0.001,0.03908723592758179,-11.19832992553711,0.00024995431886054575
98.02,7996,773600,1128,-19.687238299999997,685,0.02,47724,-0.075436532497406,0.001,0.0015059560537338257,-4.78501558303833,0.00024126545758917928
98.02,8000,774384,1129,-19.830057059999998,685,0.02,47773,-0.11763596534729004,0.001,0.0006602846551686525,-1.4584648609161377,0.00023481663083657622
98.02,8004,774672,1130,-20.220983379999996,685,0.02,47791,-0.11411836743354797,0.001,0.009949985891580582,-3.8597207069396973,0.00023387931287288666
98.02,8008,774704,1130,-20.19363201,685,0.02,47793,-0.14948448538780212,0.001,0.0011608598288148642,-3.6295831203460693,0.00023378987680189312
98.02,8012,775200,1131,-19.948870319999997,685,0.02,47824,-0.06478190422058105,0.001,0.0006308284355327487,0.10429620742797852,0.00023073825286701322
98.02,8016,775984,1132,-20.11054094,685,0.02,47873,-0.10687997937202454,0.001,0.0006687415298074484,-6.043478488922119,0.00022673654893878847
99.01,8020,776272,1132,-20.02037802,685,0.01,47891,-0.11433365941047668,0.001,0.010947516188025475,-8.470830917358398,0.00022344666649587452
99.01,8024,776304,1132,-20.152572770000003,685,0.01,47893,-0.15673300623893738,0.001,0.0011001911479979753,-8.286355018615723,0.00022301344142761081
99.01,8028,776800,1133,-20.324224460000003,685,0.01,47924,-0.0874972939491272,0.001,0.12296482920646667,8.042556762695312,0.00021966024360153824
99.01,8032,777584,1134,-20.03405633,685,0.01,47973,-0.05430746078491211,0.001,0.004293074365705252,-9.219185829162598,0.00021783384727314115
99.01,8036,777872,1135,-19.98865849,685,0.01,47991,0.047909677028656006,0.001,0.011287842877209187,1.6729021072387695,0.0002155530237359926
99.01,8040,777904,1135,-19.90918001,685,0.01,47993,-0.008630961179733276,0.001,0.02235894277691841,6.906181812286377,0.00021555362036451697
98.02,8044,778288,1136,-19.81395279,685,0.02,48017,-0.13791227340698242,0.001,0.001538438256829977,4.869600296020508,0.00021806602308060974
98.02,8048,779120,1137,-20.01145412,685,0.02,48069,0.04404646158218384,0.001,0.0071122730150818825,3.4032039642333984,0.0002354590833419934
98.02,8052,779456,1137,-19.94152386,684,0.02,48090,-0.052677810192108154,0.001,0.001211747294291854,-4.417633533477783,0.00023891899036243558
98.02,8056,779504,1137,-19.51349496,684,0.02,48093,0.007301300764083862,0.001,0.0050295633263885975,-0.1288468837738037,0.00023901653185021132
99.01,8060,779888,1138,-19.816881990000002,684,0.01,48117,-0.06097140908241272,0.001,0.01248389296233654,-4.383218765258789,0.0002372573799220845
98.02,8064,780512,1139,-19.337985240000002,684,0.02,48156,-0.020481914281845093,0.001,0.0008575222454965115,22.19955062866211,0.00024316561757586896
98.02,8068,781008,1140,-19.392434950000006,684,0.02,48187,-0.11876842379570007,0.001,0.0016517932526767254,0.8569481372833252,0.00026045923004858196
98.02,8072,781072,1140,-19.308786060000003,684,0.02,48191,-0.06490480899810791,0.001,0.0006801866111345589,-4.947052478790283,0.00026153726503252983
98.02,8076,781296,1140,-19.20057399,684,0.02,48205,-0.04120635986328125,0.001,0.0034910026006400585,-2.513127565383911,0.0002626407949719578
98.02,8080,782112,1142,-19.25372966,684,0.02,48256,-0.07390421628952026,0.001,0.0007714057574048638,-1.6762816905975342,0.0002574776008259505
98.02,8084,782608,1142,-18.728017710000003,684,0.02,48287,-0.032777607440948486,0.001,0.0019281867425888777,-10.600237846374512,0.0002552561927586794
98.02,8088,782672,1143,-18.856314549999997,684,0.02,48291,-0.05436581373214722,0.001,0.005412392318248749,-7.774070739746094,0.00025439952150918543
98.02,8092,782896,1143,-18.74590156,684,0.02,48305,-0.06820660829544067,0.001,0.0032999555114656687,-5.917597770690918,0.0002511912025511265
97.03,8096,783712,1144,-18.269696739999997,684,0.03,48356,-0.16936007142066956,0.001,0.0008477354422211647,3.1929874420166016,0.0002484245924279094
97.03,8100,784208,1145,-17.837053029999996,684,0.03,48387,0.029381275177001953,0.001,0.030922330915927887,-7.6503520011901855,0.00024900431162677705
97.03,8104,784272,1145,-17.639534499999996,684,0.03,48391,-0.10480645298957825,0.001,0.002282228320837021,-9.911934852600098,0.00024831778137013316
97.03,8108,784416,1145,-17.56024798,684,0.03,48400,-0.09168952703475952,0.001,0.00469465646892786,-10.908915519714355,0.00024631089763715863
97.03,8112,785312,1147,-17.428241959999998,684,0.03,48456,-0.08484348654747009,0.001,0.019003648310899734,-14.672612190246582,0.0002248963573947549
97.03,8116,785808,1147,-17.366073869999997,684,0.03,48487,0.09664535522460938,0.001,0.0039886608719825745,-9.730475425720215,0.0002134946989826858
97.03,8120,785872,1148,-17.26859795,684,0.03,48491,-0.03327536582946777,0.001,0.0012149263639003038,-13.819554328918457,0.00021230126731097698
97.03,8124,786016,1148,-17.15502132,684,0.03,48500,-0.036576658487319946,0.001,0.0007421306800097227,-10.891746520996094,0.00020977245003450662
97.03,8128,786912,1149,-16.992410969999998,684,0.03,48556,0.011652976274490356,0.001,0.004633323755115271,-4.717465877532959,0.0001968661235878244
97.03,8132,787408,1150,-17.06842452,684,0.03,48587,-0.05413973331451416,0.001,0.0021135814022272825,0.6238665580749512,0.00019333991804160178
97.03,8136,787472,1150,-17.17975208,684,0.03,48591,0.04132792353630066,0.001,0.0035136498045176268,2.2603368759155273,0.00019313002121634781
97.03,8140,787616,1150,-17.100487620000003,684,0.03,48600,0.008857309818267822,0.001,0.00772459851577878,-1.6935672760009766,0.00019286460883449763
98.02,8144,788512,1152,-17.14772514,684,0.02,48656,-0.0502355694770813,0.001,0.0014920358080416918,-1.311497688293457,0.0001908703416120261
98.02,8148,789008,1152,-17.197245340000002,684,0.02,48687,-0.0647442638874054,0.001,0.0007694057421758771,-6.31184720993042,0.00018746565910987556
98.02,8152,789072,1152,-17.20867297,684,0.02,48691,-0.04794353246688843,0.001,0.0031997868791222572,-2.3239939212799072,0.00018685005488805473
98.02,8156,789216,1153,-17.39357032,684,0.02,48700,-0.026007086038589478,0.001,0.01866379752755165,-1.6527361869812012,0.00018585057114250958
98.02,8160,790112,1154,-17.36445171,684,0.02,48756,-0.06304144859313965,0.001,0.0074745770543813705,9.293764114379883,0.00019089382840320468
99.01,8164,790608,1155,-17.72835441,684,0.01,48787,-0.02094370126724243,0.001,0.0006446188781410456,-0.9444670677185059,0.00019810291996691376
99.01,8168,790672,1155,-17.65473109,684,0.01,48791,0.011881351470947266,0.001,0.0008619625004939735,2.9127211570739746,0.000198589259525761
99.01,8172,790816,1155,-17.61536593,684,0.01,48800,-0.056388914585113525,0.001,0.0013642397243529558,-3.5722641944885254,0.000199302623514086
99.01,8176,791712,1156,-18.0406817,684,0.01,48856,-0.014797985553741455,0.001,0.004007651470601559,-2.616105079650879,0.00019837950821965933
98.02,8180,791984,1157,-17.67230592,684,0.02,48873,-0.011776238679885864,0.001,0.011357676237821579,3.0836620330810547,0.00019741340656764805
98.02,8184,792272,1157,-17.88206235,684,0.02,48891,-0.012748807668685913,0.001,0.002793533494696021,11.808696746826172,0.00019811236415989697
98.02,8188,792304,1157,-17.74434063,684,0.02,48893,0.006350159645080566,0.001,0.011872584000229836,19.17395782470703,0.0001984599366551265
98.02,8192,792800,1158,-17.707269030000006,684,0.02,48924,-0.03205925226211548,0.001,0.005508041940629482,8.826329231262207,0.00020832863810937852
99.01,8196,793584,1159,-17.744370260000004,684,0.01,48973,-0.01470896601676941,0.001,0.0013974318280816078,-6.319183826446533,0.0002105229941662401
99.01,8200,793872,1160,-17.98906283,684,0.01,48991,0.00543549656867981,0.001,0.002413771580904722,-2.78837251663208,0.00020854412287008017
99.01,8204,793904,1160,-18.14127963,684,0.01,48993,-0.01888108253479004,0.001,0.0025873996783047915,-4.0451250076293945,0.00020835327450186014
99.01,8208,794400,1160,-18.215613550000004,684,0.01,49024,-0.013439178466796875,0.001,0.015047833323478699,2.7759876251220703,0.0002069685870083049
99.01,8212,795184,1162,-18.420395470000003,684,0.01,49073,0.06860345602035522,0.001,0.061722226440906525,-0.01596546173095703,0.00020715004939120263
99.01,8216,795472,1162,-18.31567446,684,0.01,49091,0.04460880160331726,0.001,0.0014423849061131477,-0.05758190155029297,0.00020613986998796463
99.01,8220,795504,1162,-18.339945269999998,684,0.01,49093,-0.003371208906173706,0.001,0.0024387266021221876,-1.1490678787231445,0.00020609171770047396
99.01,8224,796000,1163,-18.192475939999998,684,0.01,49124,-0.01402243971824646,0.001,0.054198991507291794,-9.14566707611084,0.00020483550906646997
99.01,8228,796784,1164,-18.248993009999996,684,0.01,49173,0.027385830879211426,0.001,0.006584118586033583,5.08162260055542,0.00019915043958462775
99.01,8232,797072,1165,-17.94893745,684,0.01,49191,0.023435145616531372,0.001,0.0011396113550290465,1.608339786529541,0.00020087095617782325
99.01,8236,797104,1165,-18.020994350000002,684,0.01,49193,0.029200226068496704,0.001,0.032805658876895905,2.509918689727783,0.00020096848311368376
99.01,8240,797600,1165,-18.15571232,684,0.01,49224,0.0050942301750183105,0.001,0.0036592150572687387,-0.5663433074951172,0.00019915081793442369
99.01,8244,798384,1166,-18.40627779,684,0.01,49273,-0.12165316939353943,0.001,0.0007892143330536783,-0.9350214004516602,0.00019652659830171615
99.01,8248,798672,1167,-18.20955205,684,0.01,49291,-0.07786306738853455,0.001,0.0006751975743100047,-1.4916791915893555,0.00019550873548723757
99.01,8252,798704,1167,-18.294484179999998,684,0.01,49293,0.03459370136260986,0.001,0.0008930902695283294,1.0339665412902832,0.0001953652099473402
98.02,8256,799104,1167,-17.95742996,684,0.02,49318,-0.005005240440368652,0.001,0.001669822377152741,-5.981735706329346,0.00019337439152877778
98.02,8260,799920,1169,-18.31721059,684,0.02,49369,0.249708890914917,0.001,1.3873693943023682,-1.457458734512329,0.00018544777412898839
98.02,8264,800256,1169,-18.314251700000003,684,0.02,49390,0.0656837522983551,0.001,0.21789754927158356,3.6218724250793457,0.0001834946742746979
98.02,8268,800304,1169,-18.29529148,684,0.02,49393,0.13532209396362305,0.001,0.0662984773516655,2.974738597869873,0.00018336767971049994
98.02,8272,800704,1170,-18.55995607,684,0.02,49418,-0.009415209293365479,0.001,0.0036675683222711086,-4.03597354888916,0.00018286054546479136
98.02,8276,801520,1171,-18.38763007,684,0.02,49469,0.010096907615661621,0.001,0.0009147938108071685,-3.0425796508789062,0.00019004300702363253
99.01,8280,801856,1171,-18.586794829999995,684,0.01,49490,0.04183363914489746,0.001,0.015988636761903763,-7.521879196166992,0.000190511709661223
99.01,8284,801904,1171,-18.56513298,684,0.01,49493,0.05682075023651123,0.001,0.0018774541094899178,-12.112577438354492,0.000190249367733486
99.01,8288,802304,1172,-18.578761330000003,684,0.01,49518,0.15630632638931274,0.001,0.0506364144384861,-1.4478883743286133,0.00018620627815835178
99.01,8292,803120,1173,-18.62165403,684,0.01,49569,-0.01830628514289856,0.001,0.0018072138773277402,-6.943497657775879,0.0001823061320465058
99.01,8296,803456,1174,-18.688387060000004,684,0.01,49590,0.09784215688705444,0.001,0.029510589316487312,-2.4921412467956543,0.0001808267115848139
98.02,8300,803472,1174,-18.51487174,684,0.02,49591,0.07560181617736816,0.001,0.011173801496624947,-1.0641541481018066,0.0001807820372050628
98.02,8304,803696,1174,-18.44365849,684,0.02,49605,0.010046899318695068,0.001,0.002798458095639944,-1.6447710990905762,0.00018031525542028248
97.03,8308,804512,1175,-17.98615505,684,0.03,49656,0.13251736760139465,0.001,0.001349746948108077,-1.9465372562408447,0.00018095556879416108
97.03,8312,805008,1176,-18.33628739,684,0.03,49687,0.024152010679244995,0.001,0.0017221535090357065,-2.5121049880981445,0.00018061764421872795
97.03,8316,805072,1176,-18.38658699,684,0.03,49691,0.03922337293624878,0.001,0.001846755389124155,5.201059818267822,0.00018060144793707877
96.04,8320,805120,1176,-18.45525185,684,0.04,49694,0.13221874833106995,0.001,0.0074197473004460335,6.183417320251465,0.00018064898904412985
96.04,8324,805600,1177,-18.48642726,684,0.04,49724,0.09727919101715088,0.001,0.007713788188993931,8.912230491638184,0.00018276256741955876
96.04,8328,806384,1178,-18.81560159,684,0.04,49773,-0.02017998695373535,0.001,0.0007982471724972129,-0.6104111671447754,0.0001911886065499857
96.04,8332,806672,1179,-18.70513551,684,0.04,49791,0.03602173924446106,0.001,0.0010454843286424875,-5.417614459991455,0.00019252758647780865
96.04,8336,806720,1179,-18.83434681,684,0.04,49794,0.035276323556900024,0.001,0.0011153946397826076,3.447183609008789,0.0001925172982737422
96.04,8340,807200,1179,-19.04143646,684,0.04,49824,-0.007854044437408447,0.001,0.0016984478570520878,-5.566503524780273,0.00019116327166557312
95.05,8344,807936,1181,-18.731146120000002,684,0.05,49870,0.16319218277931213,0.001,0.03546901419758797,-4.650647163391113,0.00018800958059728146
95.05,8348,808272,1181,-18.61504272,684,0.05,49891,0.04853162169456482,0.001,0.004025896079838276,4.448566436767578,0.00018656552128959447
94.06,8352,808288,1181,-18.27883473,684,0.06,49892,0.053064435720443726,0.001,0.0015597676392644644,5.608049392700195,0.00018654789892025292
95.05,8356,808512,1181,-18.181763510000003,684,0.05,49906,0.04997396469116211,0.001,0.001922497060149908,4.774165630340576,0.00018728732538875192
94.06,8360,809328,1183,-17.66392193,684,0.06,49957,0.03299891948699951,0.001,0.00432522501796484,-2.2799620628356934,0.00019185234850738198
93.07,8364,809584,1183,-17.43309203,683,0.07,49973,0.07516157627105713,0.001,0.007226288318634033,3.1311497688293457,0.00019180112576577812
93.07,8368,809872,1184,-17.6620286,683,0.07,49991,0.03161197900772095,0.001,0.021192234009504318,-0.26483917236328125,0.00019215393695048988
93.07,8372,809920,1184,-17.56008567,683,0.07,49994,0.023074805736541748,0.001,0.000886788300704211,0.7635807991027832,0.00019229766621720046
93.07,8376,810400,1184,-17.458542490000003,683,0.07,50024,0.006318151950836182,0.001,0.011523816734552383,3.9814653396606445,0.00019276826060377061
93.07,8380,811184,1186,-17.51795243,683,0.07,50073,0.05475229024887085,0.001,0.0017403030069544911,2.67655611038208,0.0002023915876634419
92.08,8384,811472,1186,-17.30042219,683,0.08,50091,0.11331886053085327,0.001,0.0009936788119375706,-8.96633243560791,0.00020300319010857493
92.08,8388,811504,1186,-17.27577467,683,0.08,50093,0.023255884647369385,0.001,0.0030380100943148136,-5.711675643920898,0.000202812603674829
92.08,8392,811904,1187,-17.39827334,683,0.08,50118,0.22354406118392944,0.001,0.00991657841950655,-0.551729679107666,0.000198658206500113
92.08,8396,812736,1188,-17.634639460000002,683,0.08,50170,0.10210049152374268,0.001,0.01190273743122816,-2.905595302581787,0.00018866659956984222
93.07,8400,813072,1188,-17.96270203,683,0.07,50191,-0.07543373107910156,0.001,0.004972822032868862,-2.7608699798583984,0.00018622190691530704
93.07,8404,813104,1189,-18.11637869,683,0.07,50193,0.016331106424331665,0.001,0.03235437721014023,-0.15109729766845703,0.00018611237464938313
94.06,8408,813504,1189,-18.43091286,683,0.06,50218,0.11238378286361694,0.001,0.0013524509267881513,6.540317535400391,0.00018945796182379127
94.06,8412,814336,1190,-18.576266190000002,683,0.06,50270,0.017159610986709595,0.001,0.001414886792190373,4.452127456665039,0.000203225965378806
94.06,8416,814672,1191,-18.520995189999997,683,0.06,50291,-0.001147150993347168,0.001,0.0009738793014548719,-1.4356331825256348,0.00020782797946594656
95.05,8420,814704,1191,-18.558571290000003,683,0.05,50293,0.04041999578475952,0.001,0.0010310387006029487,-5.937427520751953,0.00020809612760785967
95.05,8424,815104,1192,-18.85303258,683,0.05,50318,0.09943205118179321,0.001,0.004041221458464861,-4.156355381011963,0.00020711668184958398
95.05,8428,815936,1193,-18.639933250000002,683,0.05,50370,-0.022463887929916382,0.001,0.00089527468662709,7.48866605758667,0.00020497424702625722
95.05,8432,816272,1194,-18.76432225,683,0.05,50391,0.07070326805114746,0.001,0.0027795901987701654,4.863314628601074,0.0002091739297611639
94.06,8436,816288,1194,-18.43204449,683,0.06,50392,0.12920677661895752,0.001,0.05091859772801399,3.412496566772461,0.00020932780171278864
94.06,8440,816512,1194,-18.29059072,683,0.06,50406,0.03699645400047302,0.001,0.004039584659039974,-3.3369529247283936,0.0002105980966007337
94.06,8444,817328,1195,-18.30931461,683,0.06,50457,-0.015909969806671143,0.001,0.0011921296827495098,2.854487419128418,0.0002094587980536744
93.07,8448,817600,1196,-18.153022900000003,683,0.07,50474,0.12485617399215698,0.001,0.004783889278769493,0.5668148994445801,0.00021038891281932592
94.06,8452,817888,1196,-18.549335980000002,683,0.06,50492,0.10414540767669678,0.001,0.0026265201158821583,3.1779983043670654,0.00021146632207091898
93.07,8456,817904,1196,-18.479291340000003,683,0.07,50493,0.18003663420677185,0.001,0.007235578261315823,4.756934642791748,0.00021154701244086027
94.06,8460,818320,1197,-18.504124110000003,683,0.06,50519,0.09543710947036743,0.001,0.0011269075330346823,-3.46960711479187,0.00021368637681007385
95.05,8464,819152,1198,-18.88552077,683,0.05,50571,0.08086180686950684,0.001,0.012237759307026863,-6.70975923538208,0.00020957508240826428
95.05,8468,819472,1198,-18.597301580000003,683,0.05,50591,0.12922349572181702,0.001,0.0044086831621825695,-10.60035514831543,0.00020479116938076913
94.06,8472,819504,1198,-18.53390812,683,0.06,50593,0.09045320749282837,0.001,0.003225924912840128,-8.527191162109375,0.00020417649648152292
93.07,8476,819616,1198,-18.35365074,683,0.07,50600,0.10296523571014404,0.001,0.001976477447897196,-7.0924153327941895,0.00020213502284605056
93.07,8480,820528,1200,-18.303704269999997,683,0.07,50657,0.06830129027366638,0.001,0.00141124427318573,-4.949733257293701,0.00019277690444141626
94.06,8484,821008,1200,-18.22373645,683,0.06,50687,0.22212380170822144,0.001,0.0013573862379416823,-7.456514835357666,0.0001859963231254369
94.06,8488,821104,1201,-18.148837199999996,683,0.06,50693,0.07619982957839966,0.001,0.0010689862538129091,-4.380344390869141,0.00018461084982845932
94.06,8492,821216,1201,-17.903855459999996,683,0.06,50700,0.02901291847229004,0.001,0.0007249153568409383,-1.7475831508636475,0.00018346878641750664
93.07,8496,821600,1201,-17.37198017,683,0.07,50724,0.14351880550384521,0.001,0.026469523087143898,0.9581485390663147,0.00018255475151818246
93.07,8500,822400,1203,-17.107249459999995,683,0.07,50774,0.0863470733165741,0.001,0.0018817324889823794,-5.126649379730225,0.00018122619076166302
93.07,8504,822688,1203,-16.89442741,683,0.07,50792,0.04230818152427673,0.001,0.0008407729328610003,-9.05868911743164,0.00017850895528681576
93.07,8508,822720,1203,-17.113752560000002,683,0.07,50794,0.045338332653045654,0.001,0.019432511180639267,-8.666655540466309,0.00017811071302276105
93.07,8512,823200,1204,-16.59697073,683,0.07,50824,0.06757929921150208,0.001,0.0017374008893966675,-11.521097183227539,0.00017231074161827564
93.07,8516,824000,1205,-16.543055749999997,683,0.07,50874,0.1286381483078003,0.001,0.02223522961139679,4.665691375732422,0.0001722251472529024
93.07,8520,824288,1205,-16.50985367,683,0.07,50892,0.12166213989257812,0.001,0.0031600918155163527,13.157767295837402,0.00017449873848818243
93.07,8524,824320,1205,-16.39139729,683,0.07,50894,0.12943226099014282,0.001,0.03539678454399109,13.585619926452637,0.00017491493781562895
93.07,8528,824800,1206,-16.2349327,683,0.07,50924,0.0349714457988739,0.001,0.015521945431828499,15.8910493850708,0.00018919289868790656
93.07,8532,825600,1207,-16.13102245,683,0.07,50974,0.05199950933456421,0.001,0.000837559113278985,-4.39860725402832,0.0002012283366639167
94.06,8536,825888,1208,-16.24437465,683,0.06,50992,0.10623687505722046,0.001,0.0008272540871985257,0.24644780158996582,0.00020159484120085835
94.06,8540,825920,1208,-16.28484526,683,0.06,50994,0.09418874979019165,0.001,0.0008861392270773649,-1.2747790813446045,0.00020163808949291706
95.05,8544,826400,1209,-16.097777020000002,683,0.05,51024,0.03984081745147705,0.001,0.000678759824950248,-8.751097679138184,0.00019950742716901004
96.04,8548,827200,1210,-16.29311015,683,0.04,51074,0.22299817204475403,0.001,0.011221345514059067,-4.271550178527832,0.00019081808568444103
95.05,8552,827472,1210,-16.08551218,683,0.05,51091,0.08823966979980469,0.001,0.0007364962948486209,-7.7703046798706055,0.00018805332365445793
96.04,8556,827520,1210,-16.17995651,683,0.04,51094,0.11212289333343506,0.001,0.0012875540414825082,-5.537309646606445,0.00018758047372102737
96.04,8560,827936,1211,-16.43175115,683,0.04,51120,0.1016419529914856,0.001,0.0019204349955543876,-1.673316478729248,0.00018381029076408595
96.04,8564,828752,1212,-16.56567912,683,0.04,51171,0.13087546825408936,0.001,0.0025716591626405716,6.620597839355469,0.0001896016619866714
96.04,8568,829072,1213,-16.691558829999998,683,0.04,51191,0.10288149118423462,0.001,0.00054721295600757,-4.204409599304199,0.00019134765898343176
97.03,8572,829120,1213,-16.747239280000002,683,0.03,51194,0.12656903266906738,0.001,0.005470624193549156,-3.7020912170410156,0.00019141902157571167
98.02,8576,829536,1213,-17.084122989999997,683,0.02,51220,0.1745745837688446,0.001,0.0012832735665142536,0.9677181243896484,0.00019160531519446522
98.02,8580,830352,1215,-17.0748692,683,0.02,51271,0.07265669107437134,0.001,0.003920135088264942,-2.513169765472412,0.00019403797341510653
98.02,8584,830672,1215,-17.28660009,683,0.02,51291,0.09016862511634827,0.001,0.0012383181601762772,-5.528910160064697,0.0001924523094203323
98.02,8588,830720,1215,-17.560344110000003,683,0.02,51294,0.1810075044631958,0.001,0.006657780613750219,-6.349489212036133,0.00019208576122764498
98.02,8592,831136,1216,-17.7402673,683,0.02,51320,0.1291569173336029,0.001,0.024446822702884674,7.967293739318848,0.00019066475215367973
99.01,8596,831952,1217,-18.18739931,683,0.01,51371,0.06966611742973328,0.001,0.003098410554230213,5.078858852386475,0.0002001550019485876
99.01,8600,832272,1217,-18.37148688,683,0.01,51391,0.0792282223701477,0.001,0.0028588806744664907,-1.167572021484375,0.00020198510901536793
99.01,8604,832320,1217,-18.606168659999998,683,0.01,51394,0.10056957602500916,0.001,0.0014604991301894188,1.1305646896362305,0.0002020864631049335
99.01,8608,832736,1218,-18.61955338,683,0.01,51420,0.12384527921676636,0.001,0.0029317454900592566,2.400073289871216,0.0002031552285188809
98.02,8612,833344,1219,-18.501714839999998,683,0.02,51458,0.04116243124008179,0.001,0.0018498084973543882,-2.602705240249634,0.00020542199490591884
97.03,8616,833808,1220,-18.51867943,683,0.03,51487,0.07036787271499634,0.001,0.0033248348627239466,0.4969649314880371,0.00020536793454084545
97.03,8620,833904,1220,-18.6737152,683,0.03,51493,0.12239420413970947,0.001,0.00199898611754179,0.8349733352661133,0.00020532093185465783
97.03,8624,834016,1220,-18.75818571,683,0.03,51500,0.0662132203578949,0.001,0.000714650028385222,-2.2755625247955322,0.00020526102161966264
97.03,8628,834944,1221,-18.902853980000003,683,0.03,51558,0.10810387134552002,0.001,0.004413279704749584,-4.165085792541504,0.00019985802646260709
97.03,8632,835408,1222,-19.09466225,683,0.03,51587,0.09594517946243286,0.001,0.0189275573939085,-6.322893142700195,0.0001940872025443241
97.03,8636,835504,1222,-19.448187400000002,683,0.03,51593,0.11787247657775879,0.001,0.0016365896444767714,-4.503898620605469,0.00019307201728224754
97.03,8640,835616,1222,-19.28324395,683,0.03,51600,0.15400618314743042,0.001,0.0024808812886476517,-4.337411880493164,0.00019204804266337305
97.03,8644,836544,1224,-19.70893511,683,0.03,51658,0.057091712951660156,0.001,0.011771824210882187,-10.074939727783203,0.00018737306527327746
98.02,8648,837008,1224,-20.076623729999998,683,0.02,51687,0.10547438263893127,0.001,0.0007587182335555553,-5.512204647064209,0.00018091553647536784
98.02,8652,837104,1225,-20.142785019999998,683,0.02,51693,0.10619190335273743,0.001,0.0007175334030762315,-4.74551248550415,0.00017951277550309896
98.02,8656,837216,1225,-20.471737649999998,683,0.02,51700,0.23680263757705688,0.001,0.0025301252026110888,-8.240038871765137,0.0001780059392331168
98.02,8660,838144,1226,-20.042922989999997,683,0.02,51758,0.13108083605766296,0.001,0.0013522584922611713,-3.1389000415802,0.0001680615678196773
98.02,8664,838608,1227,-19.90761745,683,0.02,51787,0.1579798460006714,0.001,0.006106309127062559,-1.1220558881759644,0.00016626824799459428
98.02,8668,838704,1227,-20.13614844,683,0.02,51793,0.13143101334571838,0.001,0.0017383331432938576,7.2444610595703125,0.00016640816465951502
98.02,8672,838816,1227,-20.041494059999998,683,0.02,51800,0.27990999817848206,0.001,0.02457595057785511,15.42169189453125,0.0001672002108534798
97.03,8676,839216,1228,-19.591333359999997,683,0.03,51825,0.10321313142776489,0.001,0.0010281644063070416,3.764402389526367,0.00017355324234813452
97.03,8680,840016,1229,-19.55252199,683,0.03,51875,0.12736886739730835,0.001,0.021883152425289154,11.907114028930664,0.00018322277173865587
97.03,8684,840288,1230,-19.55644422,683,0.03,51892,0.24964570999145508,0.001,0.00407365383580327,8.303765296936035,0.00018798573000822216
97.03,8688,840320,1230,-19.979801349999992,683,0.03,51894,0.1410018503665924,0.001,0.0028156060725450516,4.370488166809082,0.00018852703215088695
97.03,8692,840816,1230,-19.842153409999998,683,0.03,51925,0.10704505443572998,0.001,0.0016683235298842192,0.8118085861206055,0.00019219260138925165
97.03,8696,841616,1232,-19.8608922,683,0.03,51975,0.19696232676506042,0.001,0.0064120665192604065,9.981498718261719,0.0002105113526340574
97.03,8700,841888,1232,-19.87483331,683,0.03,51992,0.1296975016593933,0.001,0.0031219394877552986,2.4966094493865967,0.0002158788702217862
97.03,8704,841920,1232,-19.683002299999995,683,0.03,51994,0.13169404864311218,0.001,0.0031199329532682896,-0.9443857669830322,0.0002163151657441631
97.03,8708,842416,1233,-19.40874912,683,0.03,52025,0.21421688795089722,0.001,0.001713503384962678,-4.717579364776611,0.00021472923981491476
98.02,8712,843216,1234,-19.8322514,683,0.02,52075,0.20303764939308167,0.001,0.0009170447010546923,0.12110757827758789,0.00020770890114363283
99.01,8716,843488,1234,-19.832160159999997,683,0.01,52092,0.2408432960510254,0.001,0.0020179767161607742,-3.0584025382995605,0.00020675690029747784
99.01,8720,843520,1234,-19.47848467,683,0.01,52094,0.14726346731185913,0.001,0.010338612832129002,1.8257544040679932,0.0002066758752334863
99.01,8724,844016,1235,-19.62462052,683,0.01,52125,0.14797484874725342,0.001,0.004098149482160807,-4.826944828033447,0.00020657085406128317
99.01,8728,844816,1236,-19.76954189,683,0.01,52175,0.12264829874038696,0.001,0.10669276118278503,3.730067729949951,0.000202930998057127
99.01,8732,845088,1237,-19.611896599999998,683,0.01,52192,0.0779772400856018,0.001,0.0036854944191873074,6.932290077209473,0.00020432491146493703
99.01,8736,845120,1237,-19.26950607,683,0.01,52194,0.15710392594337463,0.001,0.004416235722601414,4.929022789001465,0.00020456376660149544
99.01,8740,845616,1238,-19.50757244,683,0.01,52225,0.05734416842460632,0.001,0.0015727209392935038,90.89466857910156,0.00022356178669724613
99.01,8744,846416,1239,-19.362255659999995,682,0.01,52275,0.079588383436203,0.001,0.0023889958392828703,7.787858009338379,0.00025521308998577297
98.02,8748,846672,1239,-19.359655429999997,682,0.02,52291,0.12660124897956848,0.001,0.003791908733546734,-3.031996250152588,0.00025630873278714716
98.02,8752,846720,1239,-19.176031719999997,682,0.02,52294,0.2005225419998169,0.001,0.02379380539059639,-5.169101715087891,0.0002562982263043523
97.03,8756,846928,1240,-18.830879449999998,682,0.03,52307,0.06407126784324646,0.001,0.0013587605208158493,-6.448825836181641,0.00025589720462448895
97.03,8760,847744,1241,-19.233366800000002,682,0.03,52358,0.16011393070220947,0.001,0.002631894312798977,-7.477734088897705,0.00025261842529289424
97.03,8764,848208,1242,-18.984003050000002,682,0.03,52387,0.19898170232772827,0.001,0.001839452888816595,-8.86340045928955,0.00024839641992002726
96.04,8768,848304,1242,-18.39617423,682,0.04,52393,0.17662587761878967,0.001,0.0017127804458141327,-13.769829750061035,0.0002474013308528811
96.04,8772,848416,1242,-18.361212430000002,682,0.04,52400,0.17049220204353333,0.001,0.001714698038995266,-8.6646089553833,0.00024618476163595915
97.03,8776,849344,1243,-18.805743319999998,682,0.03,52458,0.23211020231246948,0.001,0.005177340470254421,-2.4234976768493652,0.00023962957493495196
97.03,8780,849808,1244,-18.64337871,682,0.03,52487,0.21395143866539001,0.001,0.0017561130225658417,-6.558095932006836,0.00023672106908634305
97.03,8784,849904,1244,-18.506325240000002,682,0.03,52493,0.10342362523078918,0.001,0.0025799544528126717,-1.4408619403839111,0.00023598984989803284
97.03,8788,850016,1244,-18.441059850000002,682,0.03,52500,0.11965462565422058,0.001,0.06567618995904922,-0.3828601837158203,0.00023534009233117104
97.03,8792,850944,1246,-18.28900096,682,0.03,52558,0.24672159552574158,0.001,0.0028359410353004932,25.01557159423828,0.0002458579547237605
97.03,8796,851408,1246,-17.9177914,682,0.03,52587,0.21376192569732666,0.001,0.0035107815638184547,2.23282527923584,0.00025369253125973046
97.03,8800,851504,1246,-18.208756009999995,682,0.03,52593,0.18426388502120972,0.001,0.003094005398452282,6.402167320251465,0.00025436823489144444
97.03,8804,851616,1247,-18.3984554,682,0.03,52600,0.1029813289642334,0.001,0.0022404994815587997,4.2934417724609375,0.0002551882644183934
96.04,8808,852032,1247,-18.134158499999998,682,0.04,52626,0.264447957277298,0.001,0.0029835831373929977,-3.6325035095214844,0.0002572665107436478
95.05,8812,852768,1248,-17.64473991,682,0.05,52672,0.3061455190181732,0.001,0.006853185594081879,-6.092584609985352,0.0002545538591220975
95.05,8816,853072,1249,-17.532992179999994,682,0.05,52691,0.2053925096988678,0.001,0.0026588919572532177,-9.174088478088379,0.00025132656446658075
95.05,8820,853120,1249,-17.756227600000003,682,0.05,52694,0.1736348271369934,0.001,0.1024211198091507,-13.094913482666016,0.00025072283460758626
94.06,8824,853344,1249,-17.54789836,682,0.06,52708,0.14511072635650635,0.001,0.0016431056428700686,-11.452354431152344,0.00024803707492537796
94.06,8828,854160,1251,-17.600847549999997,682,0.06,52759,0.1548643410205841,0.001,0.0021656493190675974,-2.9650943279266357,0.0002425958082312718
94.06,8832,854624,1251,-17.93779827,682,0.06,52788,0.221242755651474,0.001,0.001713430741801858,-1.723708152770996,0.00024167998344637454
94.06,8836,854704,1251,-17.778925190000002,682,0.06,52793,0.17935791611671448,0.001,0.002405076287686825,-4.113853931427002,0.000241594243561849
94.06,8840,854944,1252,-17.57615535,682,0.06,52808,0.3119833469390869,0.001,0.0035265919286757708,0.15025615692138672,0.0002415509516140446
94.06,8844,855760,1253,-17.525672580000002,682,0.06,52859,0.32197409868240356,0.001,0.003638375783339143,-9.851663589477539,0.00023417279589921236
93.07,8848,856032,1253,-17.18571288,682,0.07,52876,0.26958829164505005,0.001,0.03917813301086426,-10.655187606811523,0.00023082892585080117
93.07,8852,856288,1254,-17.17973883,682,0.07,52892,0.15676307678222656,0.001,0.0007575678173452616,-11.33028793334961,0.00022782248561270535
94.06,8856,856320,1254,-17.61499358,682,0.06,52894,0.20449703931808472,0.001,0.03526407480239868,-11.48291301727295,0.00022741893189959228
94.06,8860,856832,1255,-17.58778571,682,0.06,52926,0.16862615942955017,0.001,0.003916263114660978,-8.013657569885254,0.0002206259814556688
94.06,8864,857632,1256,-17.851441649999998,682,0.06,52976,0.2450612187385559,0.001,0.0009167755488306284,-5.041574954986572,0.0002131675573764369
95.05,8868,857888,1256,-17.98756895,682,0.05,52992,0.12105530500411987,0.001,0.002107055392116308,-6.520281791687012,0.00021179650502745062
95.05,8872,857920,1256,-18.39165058,682,0.05,52994,0.23253777623176575,0.001,0.0021523963660001755,-6.385064125061035,0.00021160913456697017
95.05,8876,858432,1257,-18.459657609999997,682,0.05,53026,0.2281496226787567,0.001,0.003138885833323002,-8.973888397216797,0.00020820093050133437
94.06,8880,859168,1258,-18.72362672,682,0.06,53072,0.20692312717437744,0.001,0.0005748133407905698,-1.291372299194336,0.000204635362024419
93.07,8884,859424,1259,-18.67186839,682,0.07,53088,0.16513991355895996,0.001,0.009612493216991425,-3.2412216663360596,0.00020451714226510376
93.07,8888,859504,1259,-18.51720016,682,0.07,53093,0.20730823278427124,0.001,0.002061670646071434,-4.539313316345215,0.00020440950174815953
93.07,8892,859744,1259,-18.79541417,682,0.07,53108,0.1921761929988861,0.001,0.001246994361281395,-9.345913887023926,0.00020325327932368964
93.07,8896,860576,1260,-18.732183759999998,682,0.07,53160,0.17373999953269958,0.001,0.0022418200969696045,16.937171936035156,0.000202607101527974
93.07,8900,861024,1261,-18.83699476,682,0.07,53188,0.11652803421020508,0.001,0.0017861563246697187,29.295028686523438,0.00021457714319694787
93.07,8904,861104,1261,-19.02249662,682,0.07,53193,0.21049270033836365,0.001,0.002051323652267456,25.863983154296875,0.00021742041280958802
93.07,8908,861216,1261,-18.92573256,682,0.07,53200,0.1932532787322998,0.001,0.0007507693953812122,18.60099983215332,0.0002209454105468467
94.06,8912,862160,1263,-19.28577783,682,0.06,53259,0.17488357424736023,0.001,0.0013633514754474163,-5.593713760375977,0.0002274562430102378
94.06,8916,862624,1263,-19.43968524,682,0.06,53288,0.258817195892334,0.001,0.002504427684471011,-7.405900478363037,0.00022482195345219225
94.06,8920,862704,1264,-19.191275060000002,682,0.06,53293,0.2457064390182495,0.001,0.00212177075445652,-4.758393287658691,0.00022427545627579093
95.05,8924,862816,1264,-19.21235435,682,0.05,53300,0.23040205240249634,0.001,0.1110168993473053,-5.205713748931885,0.00022358694695867598
95.05,8928,863760,1265,-19.24990187,682,0.05,53359,0.2266051173210144,0.001,0.00573668722063303,-3.973931312561035,0.0002234581916127354
95.05,8932,864224,1266,-18.93920181,682,0.05,53388,0.1744794249534607,0.001,0.0009414464584551752,-6.6693115234375,0.00022120220819488168
95.05,8936,864304,1266,-19.104481890000002,682,0.05,53393,0.21494632959365845,0.001,0.0026421924121677876,-0.37848472595214844,0.00022059169714339077
95.05,8940,864416,1266,-19.168461909999998,682,0.05,53400,0.3554096817970276,0.001,0.0007372627151198685,-7.547595977783203,0.0002197260328102857
96.04,8944,865360,1267,-19.578104699999997,682,0.04,53459,0.25946491956710815,0.001,0.01495153084397316,2.905301094055176,0.0002162961900467053
97.03,8948,865824,1267,-19.7949114,682,0.03,53488,0.21233445405960083,0.001,0.0015850308118388057,-6.235309600830078,0.00021666097745765
97.03,8952,865904,1267,-19.90933875,683,0.03,53493,0.2667132019996643,0.001,0.00827342551201582,0.12347531318664551,0.00021641234343405813
97.03,8956,866016,1267,-19.755476589999997,683,0.03,53500,0.22658783197402954,0.001,0.023514285683631897,-9.296756744384766,0.000215937354369089
97.03,8960,866960,1269,-19.785696010000002,683,0.03,53559,0.2953759729862213,0.001,0.13866040110588074,-4.453000068664551,0.00020660336303990334
97.03,8964,867424,1270,-19.5622356,682,0.03,53588,0.20195966958999634,0.001,0.0012152062263339758,-4.849753379821777,0.00020338920876383781
97.03,8968,867504,1270,-19.246157869999998,682,0.03,53593,0.15327996015548706,0.001,0.5152026414871216,-2.3289647102355957,0.0002030018367804587
96.04,8972,867536,1270,-19.08747099,682,0.04,53595,0.32966169714927673,0.001,0.007099254988133907,0.24572420120239258,0.00020287372171878815
96.04,8976,868048,1270,-18.82089074,682,0.04,53627,0.18190529942512512,0.001,0.0034127761609852314,9.524871826171875,0.0002025947324000299
97.03,8980,868832,1272,-18.67687091,682,0.03,53676,0.15673476457595825,0.001,0.0020018345676362514,-4.861485004425049,0.00021626193483825773
98.02,8984,869088,1272,-18.898192050000002,682,0.02,53692,0.3231137990951538,0.001,0.0054490165784955025,1.3013496398925781,0.00021764260600320995
97.03,8988,869120,1272,-18.76432341,682,0.03,53694,0.22085022926330566,0.001,0.0023427028208971024,0.2903714179992676,0.00021768826991319656
97.03,8992,869536,1273,-18.62942006,682,0.03,53720,0.31320279836654663,0.001,0.012631578370928764,1.3175959587097168,0.0002183007454732433
96.04,8996,870176,1274,-18.61147164,682,0.04,53760,0.2639421224594116,0.001,0.0025511798448860645,-9.604722023010254,0.00021679967176169157
95.05,9000,870624,1275,-17.974454350000002,682,0.05,53788,0.2357795238494873,0.001,0.001299966825172305,5.566167831420898,0.00021418706455733627
94.2,9004,870704,1275,-17.63379204,682,0.06,53793,0.18485099077224731,0.001,0.002804580144584179,10.382428169250488,0.00021441676653921604
95.19,9008,870736,1275,-17.99518783,682,0.05,53795,0.24142956733703613,0.001,0.005650562234222889,14.194928169250488,0.00021460333664435893
95.19,9012,871264,1276,-17.82015713,682,0.05,53828,0.1926044225692749,0.001,0.09048986434936523,3.5959677696228027,0.00022063589130993932
95.19,9016,872224,1277,-17.80395591,682,0.05,53888,0.29691487550735474,0.001,0.0031038126908242702,14.038291931152344,0.00022526858083438128
95.19,9020,872304,1277,-17.818066740000003,682,0.05,53893,0.26351267099380493,0.001,0.0029431614093482494,15.384092330932617,0.00022665613505523652
95.19,9024,872336,1277,-18.03224716,682,0.05,53895,0.19642716646194458,0.001,0.0017321446212008595,13.532220840454102,0.00022722188441548496
95.19,9028,872864,1278,-17.859995129999998,682,0.05,53928,0.3358260989189148,0.001,0.0025728601031005383,1.4520258903503418,0.00023314640566240996
95.19,9032,873824,1280,-18.074786449999998,682,0.05,53988,0.2372344434261322,0.001,0.0011126722674816847,-3.6571474075317383,0.00022962596267461777
95.19,9036,873904,1280,-18.01305562,682,0.05,53993,0.30543091893196106,0.001,0.003082439536228776,-6.030966758728027,0.00022882805205881596
95.19,9040,873936,1280,-17.761813779999997,682,0.05,53995,0.3242177367210388,0.001,0.001533752540126443,-6.439258575439453,0.00022854190319776535
95.19,9044,874464,1280,-17.34431803,682,0.05,54028,0.1945015788078308,0.001,0.011649060994386673,-0.493685245513916,0.00022369208454620093
95.19,9048,875424,1282,-17.421961860000003,682,0.05,54088,0.22990596294403076,0.001,0.002220403403043747,8.817279815673828,0.00022921616618987173
95.19,9052,875504,1282,-17.41528334,682,0.05,54093,0.21606960892677307,0.001,0.013877375051379204,5.39597225189209,0.00023076203069649637
95.19,9056,875536,1282,-17.536187499999997,682,0.05,54095,0.20594429969787598,0.001,0.0010915270540863276,5.035637855529785,0.00023128153407014906
95.19,9060,876064,1283,-17.4692995,682,0.05,54128,0.26451125741004944,0.001,0.003040340729057789,-8.16203784942627,0.00023299726308323443
94.2,9064,876784,1284,-17.264953440000003,682,0.06,54173,0.23638126254081726,0.001,0.004629053641110659,3.346315860748291,0.00022847433865536004
94.2,9068,877072,1285,-17.4158571,682,0.06,54191,0.2813522219657898,0.001,0.0015419598203152418,3.7106895446777344,0.00022837676806375384
95.19,9072,877120,1285,-17.84731225,682,0.05,54194,0.21908384561538696,0.001,0.0017290425021201372,3.838883638381958,0.00022852991241961718
94.2,9076,877344,1285,-17.956889720000003,682,0.06,54208,0.24838703870773315,0.001,0.003184635890647769,6.272598743438721,0.00023027333372738212
94.2,9080,878176,1286,-18.12201324,682,0.06,54260,0.25689181685447693,0.001,0.01312202773988247,2.8942179679870605,0.00023385432723443955
95.19,9084,878672,1287,-18.23216898,682,0.05,54291,0.2949981689453125,0.001,0.0016390751115977764,-9.035965919494629,0.0002340486680623144
95.19,9088,878720,1287,-18.13329611,682,0.05,54294,0.11286446452140808,0.001,0.0027165180072188377,-10.523577690124512,0.00023355834127869457
95.19,9092,878944,1287,-18.054852229999998,682,0.05,54308,0.32386475801467896,0.001,0.017482593655586243,-16.556652069091797,0.00023007467098068446
96.18,9096,879776,1289,-18.46275013,682,0.04,54360,0.257551372051239,0.001,0.0028423983603715897,-2.897149085998535,0.0002214679552707821
97.17,9100,880272,1290,-18.766563559999998,682,0.03,54391,0.2416878342628479,0.001,0.0011808675481006503,-1.5365355014801025,0.00021888778428547084
97.03,9104,880320,1290,-18.84205306,682,0.03,54394,0.2639504373073578,0.001,0.0008415805641561747,1.511977195739746,0.00021866828319616616
97.03,9108,880416,1290,-18.84929692,682,0.03,54400,0.19491174817085266,0.001,0.001357352826744318,-0.6509103775024414,0.00021839984401594847
97.03,9112,881360,1291,-18.754535,682,0.03,54459,0.28347450494766235,0.001,0.0005354948807507753,-5.1503143310546875,0.0002172336826333776
97.03,9116,881824,1292,-18.6840476,682,0.03,54488,0.21743154525756836,0.001,0.0016267001628875732,-0.6199264526367188,0.00021723678219132125
97.03,9120,881920,1292,-18.60066234,682,0.03,54494,0.4828188419342041,0.001,0.001012430409900844,0.275909423828125,0.00021694570023100823
97.03,9124,882016,1292,-18.376564140000003,682,0.03,54500,0.32195863127708435,0.001,0.002142523881047964,-1.9944653511047363,0.0002167868660762906
97.03,9128,882960,1294,-18.5006475,682,0.03,54559,0.3324093818664551,0.001,0.009380987845361233,7.361948013305664,0.00022099576017353684
96.04,9132,883424,1294,-18.309272160000003,682,0.04,54588,0.2851220667362213,0.001,0.004220763221383095,9.999554634094238,0.00022696457745041698
96.04,9136,883504,1294,-18.16029614,682,0.04,54593,0.25750964879989624,0.001,0.0020493525080382824,13.910850524902344,0.0002281007618876174
96.04,9140,883536,1294,-18.564150760000004,682,0.04,54595,0.35958999395370483,0.001,0.001806172076612711,9.279714584350586,0.00022859398450236768
95.05,9144,883936,1295,-18.4457524,682,0.05,54620,0.32762831449508667,0.001,0.0019103963859379292,11.146381378173828,0.00023540790425613523
95.05,9148,884800,1297,-18.486354770000002,682,0.05,54674,0.2814319133758545,0.001,0.0014567137695848942,7.168191909790039,0.0002424577105557546
95.05,9152,885072,1297,-18.37053701,682,0.05,54691,0.2913634181022644,0.001,0.0009546482469886541,3.4757938385009766,0.00024518591817468405
95.05,9156,885136,1297,-17.925204020000002,682,0.05,54695,0.4346579611301422,0.001,0.06185757368803024,4.561260223388672,0.0002458670933265239
95.05,9160,885536,1298,-18.006754479999998,682,0.05,54720,0.32383593916893005,0.001,0.003877419512718916,-3.580598831176758,0.00024830095935612917
96.04,9164,886400,1299,-18.268033169999995,682,0.04,54774,0.39774054288864136,0.001,0.004825112409889698,2.9940690994262695,0.00024239529739134014
96.04,9168,886672,1299,-18.090530039999997,682,0.04,54791,0.2685505151748657,0.001,0.002054555108770728,4.099791526794434,0.00024137338914442807
96.04,9172,886736,1299,-18.173450539999997,682,0.04,54795,0.30349478125572205,0.001,0.0061308094300329685,6.4000563621521,0.00024148183001670986
96.04,9176,886944,1300,-17.97950467,682,0.04,54808,0.3473146855831146,0.001,0.04051581025123596,1.8745808601379395,0.00024231255520135164
96.04,9180,887776,1301,-17.78059282,682,0.04,54860,0.3504916727542877,0.001,0.025275632739067078,0.9993271827697754,0.00023721394245512784
95.05,9184,888240,1302,-17.58022604,681,0.05,54889,0.3019244372844696,0.001,0.0018590413965284824,6.387063026428223,0.0002357999765081331
95.05,9188,888320,1302,-17.91044862,682,0.05,54894,0.18186596035957336,0.001,0.0017353491857647896,-0.15491127967834473,0.0002363082894589752
95.05,9192,888432,1302,-18.27794633,682,0.05,54901,0.28444939851760864,0.001,0.0010695704258978367,3.5445079803466797,0.00023688681540079415
95.05,9196,889360,1304,-18.03023675,682,0.05,54959,0.28989315032958984,0.001,0.03609985113143921,4.108892917633057,0.00023566801974084228
95.05,9200,889840,1304,-17.70009411,681,0.05,54989,0.34161484241485596,0.001,0.009634801186621189,5.407578945159912,0.00023907923605293036
96.04,9204,889920,1304,-17.81505339,681,0.04,54994,0.3532124161720276,0.001,0.007391155231744051,9.534004211425781,0.0002400115190539509
96.04,9208,890032,1305,-17.71132165,681,0.04,55001,0.39022940397262573,0.001,0.003016690257936716,8.342977523803711,0.00024130802194122225
96.04,9212,890960,1306,-17.685964379999998,681,0.04,55059,0.33371126651763916,0.001,0.0005556081887334585,-6.241044044494629,0.00024824790307320654
96.04,9216,891440,1307,-17.740802979999998,681,0.04,55089,0.25740525126457214,0.001,0.001029615756124258,-7.526650428771973,0.00024266383843496442
95.05,9220,891520,1307,-17.65330888,681,0.05,55094,0.2675967216491699,0.001,0.002457277849316597,-8.47179126739502,0.0002414636401226744
95.05,9224,891552,1307,-17.85172719,681,0.05,55096,0.3968981206417084,0.001,0.029651226475834846,-7.081917762756348,0.00024097341520246118
95.05,9228,892080,1308,-17.655436069999997,681,0.05,55129,0.3543738126754761,0.001,0.0008889679447747767,6.72641134262085,0.00023592256184201688
95.05,9232,892800,1309,-17.40174823,681,0.05,55174,0.35279178619384766,0.001,0.0019934452138841152,-14.356945991516113,0.00023426348343491554
95.05,9236,893072,1309,-17.540273739999996,681,0.05,55191,0.3874261677265167,0.001,0.0017539067193865776,-8.003913879394531,0.00022782942687626928
95.05,9240,893136,1309,-17.23162197,681,0.05,55195,0.28265199065208435,0.001,0.0008686317596584558,-7.567365646362305,0.00022636019275523722
96.04,9244,893536,1310,-17.32373674,681,0.04,55220,0.18703457713127136,0.001,0.0011117891408503056,1.4216723442077637,0.00022451832774095237
96.04,9248,894400,1311,-17.27178039,681,0.04,55274,0.35342758893966675,0.001,0.014335157349705696,3.071767807006836,0.00022797309793531895
96.04,9252,894672,1312,-17.33899867,681,0.04,55291,0.34119561314582825,0.001,0.12609407305717468,11.585241317749023,0.0002301082422491163
96.04,9256,894736,1312,-17.71149011,681,0.04,55295,0.3632802367210388,0.001,0.003152093617245555,10.255208015441895,0.00023106018488761038
96.04,9260,895136,1312,-17.60481358,681,0.04,55320,0.269285649061203,0.001,0.0021262934897094965,6.994062423706055,0.00023915607016533613
95.05,9264,895792,1313,-17.49121483,681,0.05,55361,0.26205796003341675,0.001,0.003877484705299139,1.0628504753112793,0.0002479814866092056
94.06,9268,896240,1314,-17.70098969,681,0.06,55389,0.2929318845272064,0.001,0.0011664414778351784,-2.1752729415893555,0.0002499307447578758
94.06,9272,896320,1314,-17.49616974,681,0.06,55394,0.2626130282878876,0.001,0.003910801373422146,-1.2456529140472412,0.00024992143153212965
95.05,9276,896432,1314,-17.774404859999997,681,0.05,55401,0.28327566385269165,0.001,0.003795319702476263,-4.996738433837891,0.0002498944813851267
95.05,9280,897376,1316,-17.860381930000003,681,0.05,55460,0.42072850465774536,0.001,0.0012400129344314337,7.670717716217041,0.0002677251468412578
96.04,9284,897840,1316,-18.00460326,681,0.04,55489,0.26101917028427124,0.001,0.016289468854665756,-4.760570049285889,0.0002714374859351665
96.04,9288,897920,1316,-17.82719882,681,0.04,55494,0.30529236793518066,0.001,0.0011314478470012546,-6.411581039428711,0.0002707304374780506
96.04,9292,898032,1316,-17.815045729999998,681,0.04,55501,0.33590689301490784,0.001,0.002961469581350684,-7.69977331161499,0.00026945516583509743
96.04,9296,898976,1318,-17.99534773,681,0.04,55560,0.2897685170173645,0.001,0.0032065222039818764,-3.7110185623168945,0.00025741694844327867
96.04,9300,899440,1319,-18.60776436,681,0.04,55589,0.38974207639694214,0.001,0.004046262241899967,10.714892387390137,0.0002546427131164819
96.04,9304,899520,1319,-18.50373493,681,0.04,55594,0.34641140699386597,0.001,0.005462327040731907,12.269853591918945,0.0002553053491283208
96.04,9308,899632,1319,-18.42783384,681,0.04,55601,0.1843489557504654,0.001,0.004769620485603809,8.552582740783691,0.00025688158348202705
96.04,9312,900576,1320,-18.79899917,681,0.04,55660,0.27396345138549805,0.001,0.0021802354604005814,5.190404891967773,0.0002612428506836295
95.05,9316,901024,1321,-18.48086104,681,0.05,55688,0.30479657649993896,0.001,0.0011745444498956203,-3.569232940673828,0.00026073260232806206
96.04,9320,901120,1321,-18.52110351,681,0.04,55694,0.3895757794380188,0.001,0.006434893235564232,-3.1526038646698,0.0002599069266580045
96.04,9324,901152,1321,-18.445258619999997,681,0.04,55696,0.3526616394519806,0.001,0.0016789676155894995,-3.573702335357666,0.00025961262872442603
96.04,9328,901680,1322,-18.74754543,681,0.04,55729,0.32468241453170776,0.001,0.001268079737201333,-3.28753662109375,0.0002549289492890239
97.03,9332,902624,1323,-19.07014175,681,0.03,55788,0.4962293207645416,0.001,0.005462639033794403,2.8962531089782715,0.0002535815292503685
97.03,9336,902720,1323,-19.17210884,681,0.03,55794,0.3858935832977295,0.001,0.004259028937667608,-3.2255659103393555,0.00025381523300893605
97.03,9340,902752,1323,-19.363519,681,0.03,55796,0.44600656628608704,0.001,0.0016453327843919396,4.050448417663574,0.00025387140340171754
97.03,9344,903280,1324,-19.520308390000004,681,0.03,55829,0.2691618800163269,0.001,0.0068374741822481155,-3.6989550590515137,0.0002576728875283152
97.03,9348,904224,1326,-19.783244429999996,681,0.03,55888,0.3806934356689453,0.001,0.03584714233875275,3.1983256340026855,0.00025753580848686397
96.04,9352,904272,1326,-19.25476907,681,0.04,55891,0.39076605439186096,0.001,0.0013163413386791945,-3.400646686553955,0.00025762204313650727
96.04,9356,904336,1326,-19.12882981,681,0.04,55895,0.33253246545791626,0.001,0.003075430868193507,-0.03071451187133789,0.0002575846738182008
96.04,9360,904736,1326,-18.93606649,681,0.04,55920,0.3304958641529083,0.001,0.0010782924946397543,-7.149744987487793,0.00025369643117301166
96.04,9364,905424,1327,-18.970508210000002,681,0.04,55963,0.2684621810913086,0.001,0.004049254115670919,0.2871307134628296,0.00024525681510567665
97.03,9368,905872,1328,-19.05502869,681,0.03,55991,0.2731485366821289,0.001,0.0016334049869328737,7.265101909637451,0.00024776943610049784
97.03,9372,905920,1328,-18.997811870000003,681,0.03,55994,0.24976147711277008,0.001,0.00810252781957388,4.154078006744385,0.00024835922522470355
97.03,9376,906144,1328,-18.856491820000002,681,0.03,56008,0.21930688619613647,0.001,0.00409734109416604,-0.13666582107543945,0.00024997719447128475
96.04,9380,906976,1330,-18.582075420000002,681,0.04,56060,0.31251513957977295,0.001,0.001985332230105996,-2.2558858394622803,0.0002450639149174094
96.04,9384,907456,1330,-18.498024159999996,681,0.04,56090,0.2720309793949127,0.001,0.010329166427254677,-8.06784725189209,0.00024166890943888575
96.04,9388,907520,1330,-18.16878562,681,0.04,56094,0.35920706391334534,0.001,0.0015773295890539885,-5.6633124351501465,0.00024095227126963437
96.04,9392,907632,1331,-18.27477492,681,0.04,56101,0.37350380420684814,0.001,0.060381338000297546,0.47722578048706055,0.000239595741732046
96.04,9396,908576,1332,-18.252570509999998,681,0.04,56160,0.4994094967842102,0.001,0.0017225475749000907,32.48771286010742,0.00024922119337134063
96.04,9400,909056,1333,-18.064337870000003,681,0.04,56190,0.34305626153945923,0.001,0.0013886922970414162,3.7788093090057373,0.00027004710864275694
96.04,9404,909120,1333,-18.216185550000002,681,0.04,56194,0.4534119963645935,0.001,0.001754057127982378,-2.5350754261016846,0.000270986434770748
96.04,9408,909232,1333,-18.3471309,681,0.04,56201,0.3567333519458771,0.001,0.007463126443326473,-4.159896373748779,0.0002717286115512252
96.04,9412,910176,1334,-18.1127432,681,0.04,56260,0.31356510519981384,0.001,0.006506504490971565,-11.918684959411621,0.0002615128178149462
97.03,9416,910656,1335,-18.54693439,681,0.03,56290,0.43427103757858276,0.001,0.0075784907676279545,-0.7000341415405273,0.0002539660781621933
97.03,9420,910720,1335,-18.72070182,681,0.03,56294,0.19475768506526947,0.001,0.009275739081203938,-3.309346914291382,0.000253197766141966
97.03,9424,910832,1335,-18.895506069999996,681,0.03,56301,0.3371511995792389,0.001,0.002192192245274782,5.4142279624938965,0.00025222846306860447
96.04,9428,911296,1336,-18.24254801,681,0.04,56330,0.38401323556900024,0.001,0.013605084270238876,10.750252723693848,0.0002617336285766214
96.04,9432,912224,1337,-18.36471178,681,0.04,56388,0.3541673421859741,0.001,0.0025326707400381565,-9.199536323547363,0.00025675498181954026
96.04,9436,912320,1338,-18.589491110000004,681,0.04,56394,0.25086677074432373,0.001,0.001464184606447816,-15.932901382446289,0.00025479504256509244
96.04,9440,912352,1338,-18.300787500000002,681,0.04,56396,0.3334733545780182,0.001,0.0016483821673318744,-14.673632621765137,0.00025411363458260894
96.04,9444,912896,1338,-18.777553519999998,681,0.04,56430,0.3159777820110321,0.001,0.0011060918914154172,-15.351032257080078,0.0002415744384052232
96.04,9448,913824,1339,-18.480103250000003,681,0.04,56488,0.4773661196231842,0.001,0.0014733781572431326,-4.405146598815918,0.00022399715089704841
97.03,9452,913920,1340,-18.78886461,681,0.03,56494,0.36684587597846985,0.001,0.0009511969983577728,-9.643548011779785,0.00022288587933871895
97.03,9456,913952,1340,-18.712814129999998,681,0.03,56496,0.29949790239334106,0.001,0.0018029124476015568,-6.758498191833496,0.00022251992777455598
97.03,9460,914496,1340,-18.81206969,681,0.03,56530,0.38761815428733826,0.001,0.002485203091055155,-8.980096817016602,0.0002166901103919372
98.02,9464,915424,1342,-19.06550029,681,0.02,56588,0.35820409655570984,0.001,0.0009141935734078288,-7.119635105133057,0.0002092914655804634
98.02,9468,915520,1342,-18.90767659,681,0.02,56594,0.3762623071670532,0.001,0.0006612961879000068,-3.7275562286376953,0.00020859164942521602
98.02,9472,915552,1342,-19.08787924,681,0.02,56596,0.3782561719417572,0.001,0.011948893778026104,-7.693601608276367,0.00020834413589909673
98.02,9476,916096,1343,-19.14203331,681,0.02,56630,0.48089489340782166,0.001,0.0023556482046842575,-8.788978576660156,0.0002025632420554757
99.01,9480,917024,1344,-19.179384699999996,681,0.01,56688,0.34772297739982605,0.001,0.0057010892778635025,7.5397868156433105,0.00020149796910118312
98.02,9484,917072,1344,-18.77433627,681,0.02,56691,0.32940685749053955,0.001,0.003082193899899721,2.770226240158081,0.0002020238316617906
98.02,9488,917136,1344,-19.090667649999997,681,0.02,56695,0.4046381115913391,0.001,0.0029713655821979046,1.7167887687683105,0.0002026501897489652
98.02,9492,917568,1345,-19.23160361,681,0.02,56722,0.34369510412216187,0.001,0.004590556491166353,-3.130417823791504,0.0002046556764980778
98.02,9496,918400,1346,-19.035754790000002,682,0.02,56774,0.38231614232063293,0.001,0.015424743294715881,2.282076358795166,0.00020577551913447678
98.02,9500,918672,1346,-18.79937733,682,0.02,56791,0.3109249472618103,0.001,0.001299504772759974,1.4493889808654785,0.00020677977590821683
98.02,9504,918736,1346,-18.76559889,682,0.02,56795,0.4116542935371399,0.001,0.003313072957098484,4.912042617797852,0.00020713543926831335
98.02,9508,919168,1347,-18.559750429999998,682,0.02,56822,0.3199535012245178,0.001,0.001082947594113648,0.6040186882019043,0.00021014067169744521
98.02,9512,920000,1348,-18.69881267,682,0.02,56874,0.4101790189743042,0.001,0.0016288722399622202,-11.174123764038086,0.00020644953474402428
98.02,9516,920272,1348,-18.39912998,682,0.02,56891,0.3926520347595215,0.001,0.0015779230743646622,1.366687297821045,0.00020459147344809026
98.02,9520,920336,1348,-18.22988065,682,0.02,56895,0.36765021085739136,0.001,0.0028856336139142513,0.17926883697509766,0.00020450291049201041
98.02,9524,920768,1349,-18.072253219999997,682,0.02,56922,0.37012967467308044,0.001,0.000864272122271359,-1.3008918762207031,0.00020448457507882267
99.01,9528,921600,1350,-18.7514105,682,0.01,56974,0.3424884080886841,0.001,0.005355468485504389,1.2134265899658203,0.0002007893635891378
99.01,9532,921872,1351,-18.8483745,682,0.01,56991,0.4876461625099182,0.001,0.011685842648148537,-4.664389133453369,0.0001996319042518735
99.01,9536,921936,1351,-18.82876816,682,0.01,56995,0.38839197158813477,0.001,0.0009395810775458813,-6.1020379066467285,0.00019931459974031895
99.01,9540,922368,1351,-18.95586508,682,0.01,57022,0.43094152212142944,0.001,0.0027957551646977663,7.872564315795898,0.00019683701975736767
99.01,9544,923200,1353,-18.65454125,682,0.01,57074,0.377246230840683,0.001,0.002731291577219963,0.4682011604309082,0.00020348504767753184
99.01,9548,923472,1353,-18.860158390000002,682,0.01,57091,0.3830028176307678,0.001,0.055079370737075806,-5.925553798675537,0.0002037773228948936
99.01,9552,923536,1353,-19.128106619999997,682,0.01,57095,0.40431031584739685,0.001,0.0014789234846830368,-4.602264404296875,0.00020357919856905937
99.01,9556,923968,1354,-19.05224102,682,0.01,57122,0.41657817363739014,0.001,0.003966574557125568,6.7095441818237305,0.00020258352742530406
99.01,9560,924800,1355,-19.12870286,682,0.01,57174,0.29454851150512695,0.001,0.004395053256303072,-7.6936869621276855,0.0002016042562900111
99.01,9564,925072,1355,-18.942069280000002,682,0.01,57191,0.33797383308410645,0.001,0.0016683880239725113,-7.471489906311035,0.00019981742661911994
99.01,9568,925136,1356,-19.00531388,682,0.01,57195,0.39015665650367737,0.001,0.002927416004240513,-6.719016075134277,0.00019933264411520213
99.01,9572,925568,1356,-19.000842570000003,682,0.01,57222,0.40161165595054626,0.001,0.0009331539622507989,-5.770216464996338,0.00019651665934361517
99.01,9576,926400,1357,-19.017724230000002,682,0.01,57274,0.32903969287872314,0.001,0.00098854536190629,0.1038815975189209,0.0001948841818375513
99.01,9580,926672,1357,-19.40134706,682,0.01,57291,0.44833865761756897,0.001,0.005805282853543758,1.1123337745666504,0.00019628609879873693
100.0,9584,926736,1358,-19.62501807,682,0.0,57295,0.37738776206970215,0.001,0.0018878120463341475,1.940397024154663,0.00019671879999805242
100.0,9588,927168,1358,-19.742027369999995,682,0.0,57322,0.3429848551750183,0.001,0.000823856214992702,8.513872146606445,0.00020155082165729254
100.0,9592,928000,1359,-19.640346259999998,682,0.0,57374,0.3933393657207489,0.001,0.15329530835151672,6.076547622680664,0.00020921464601997286
100.0,9596,928272,1360,-19.793820849999996,682,0.0,57391,0.39645057916641235,0.001,0.0007296943222172558,-4.121548175811768,0.00021023707813583314
100.0,9600,928336,1360,-20.025838850000003,682,0.0,57395,0.34533441066741943,0.001,0.00140661234036088,-2.310868263244629,0.0002101302525261417
99.01,9604,928544,1360,-19.50854967,682,0.01,57408,0.35416871309280396,0.001,0.0012640594504773617,-9.614461898803711,0.00020921802206430584
99.01,9608,929424,1361,-19.77655257,682,0.01,57463,0.32770591974258423,0.001,0.0009631462744437158,3.3893566131591797,0.00020622776355594397
99.01,9612,929872,1362,-19.881380200000002,682,0.01,57491,0.3428340554237366,0.001,0.0013566688867285848,-3.317233085632324,0.00020762572239618748
99.01,9616,929920,1362,-20.02543962,682,0.01,57494,0.3936493396759033,0.001,0.0027254344895482063,-4.056215286254883,0.00020751309057231992
98.02,9620,930048,1362,-20.10061042,682,0.02,57502,0.41209447383880615,0.001,0.00135724653955549,-1.7607522010803223,0.0002069857728201896
97.03,9624,930496,1363,-20.009484639999997,682,0.03,57530,0.39698514342308044,0.001,0.009187640622258186,-12.572376251220703,0.00020171041251160204
97.03,9628,931424,1364,-19.887105979999998,682,0.03,57588,0.37998369336128235,0.001,0.011358149349689484,-0.7612800598144531,0.0001915033790282905
97.03,9632,931520,1364,-19.552776629999997,682,0.03,57594,0.4713643491268158,0.001,0.0024909244384616613,4.371185302734375,0.000191528772120364
97.03,9636,931568,1364,-19.508182070000004,682,0.03,57597,0.2952421307563782,0.001,0.0011580255813896656,3.052277088165283,0.00019167056598234922
97.03,9640,932096,1365,-19.85422875,682,0.03,57630,0.452251672744751,0.001,0.11778973042964935,6.778715133666992,0.00019330508075654507
97.03,9644,933024,1366,-19.86673901,682,0.03,57688,0.4312373101711273,0.001,0.011597147211432457,-2.5119540691375732,0.00019702276040334255
97.03,9648,933120,1366,-19.42861148,682,0.03,57694,0.4719323217868805,0.001,0.0008523344295099378,-5.171356201171875,0.00019686030282173306
97.03,9652,933168,1367,-19.29883111,682,0.03,57697,0.41252219676971436,0.001,0.0019325893372297287,0.8130464553833008,0.00019669253379106522
97.03,9656,933696,1367,-19.359268640000003,682,0.03,57730,0.4064334034919739,0.001,0.011727502569556236,3.061147928237915,0.00019482916104607284
95.05,9660,934240,1368,-19.135784890000004,682,0.05,57764,0.4193825125694275,0.001,0.0014035275671631098,2.731527090072632,0.00019655733194667846
95.05,9664,934672,1369,-19.314375379999998,682,0.05,57791,0.35191601514816284,0.001,0.002709226217120886,7.310888290405273,0.00020022946409881115
95.05,9668,934720,1369,-19.216375879999998,682,0.05,57794,0.4730924069881439,0.001,0.0009105848148465157,8.190685272216797,0.00020089681493118405
95.05,9672,934960,1369,-19.185685,682,0.05,57809,0.5351632833480835,0.001,0.004475797992199659,3.678555727005005,0.00020314166613388807
95.05,9676,935840,1370,-19.418519020000005,682,0.05,57864,0.4052634835243225,0.001,0.001139083644375205,-8.749826431274414,0.0002039575483649969
95.05,9680,936272,1371,-19.0214085,682,0.05,57891,0.46718457341194153,0.001,0.003383707022294402,-6.502608299255371,0.0001995883067138493
95.05,9684,936320,1371,-19.39738327,682,0.05,57894,0.40854912996292114,0.001,0.012144719250500202,-10.278589248657227,0.00019909327966161072
95.05,9688,936560,1371,-19.3889005,682,0.05,57909,0.3391520380973816,0.001,0.002011708915233612,-4.893448829650879,0.00019575966871343553
95.05,9692,937440,1373,-19.51638608,682,0.05,57964,0.40478548407554626,0.001,0.0040543582290410995,-0.7303621768951416,0.00018718303181231022
95.05,9696,937872,1374,-19.342548649999994,682,0.05,57991,0.43067529797554016,0.001,0.002850509015843272,-13.265508651733398,0.00018323918629903346
95.05,9700,937920,1374,-19.390083729999997,682,0.05,57994,0.46767884492874146,0.001,0.001028606784529984,-8.775838851928711,0.000182603151188232
96.04,9704,938160,1374,-19.77603519,682,0.04,58009,0.33043715357780457,0.001,0.001494908588938415,-4.006154537200928,0.0001797370205167681
96.04,9708,939040,1375,-19.567216780000003,682,0.04,58064,0.34090352058410645,0.001,0.0009486408671364188,0.28946638107299805,0.00017928403394762427
96.04,9712,939472,1376,-19.10896486,682,0.04,58091,0.32479915022850037,0.001,0.0026111481711268425,-0.4919898509979248,0.00017912116891238838
96.04,9716,939520,1376,-18.846025170000004,682,0.04,58094,0.2879764139652252,0.001,0.000997189898043871,-3.1469571590423584,0.00017915140779223293
97.03,9720,939760,1376,-19.245941880000004,682,0.03,58109,0.39623403549194336,0.001,0.006796668749302626,2.1474995613098145,0.00017912099428940564
98.02,9724,940640,1378,-19.45744416,682,0.02,58164,0.42127540707588196,0.001,0.004820781759917736,2.790107250213623,0.00018056614499073476
98.02,9728,941072,1378,-19.28240457,682,0.02,58191,0.3274458348751068,0.001,0.000969780026935041,2.749441623687744,0.00018162396736443043
98.02,9732,941120,1379,-19.36770924,682,0.02,58194,0.41292625665664673,0.001,0.0013190711615607142,3.0516903400421143,0.0001818577729864046
98.02,9736,941360,1379,-19.599535639999996,682,0.02,58209,0.4760005474090576,0.001,0.0019812164828181267,11.71181583404541,0.00018409396579954773
98.02,9740,942240,1380,-19.114618070000002,682,0.02,58264,0.46306633949279785,0.001,0.001815701019950211,10.228363037109375,0.00019676702504511923
98.02,9744,942672,1381,-19.196721359999998,682,0.02,58291,0.46309661865234375,0.001,0.0025106060784310102,5.552611351013184,0.0002051187475444749
98.02,9748,942720,1381,-19.07120205,682,0.02,58294,0.3308679759502411,0.001,0.020927485078573227,6.498516082763672,0.0002059398393612355
98.02,9752,942960,1381,-19.27998191,682,0.02,58309,0.3927887976169586,0.001,0.009873883798718452,-2.2473278045654297,0.00020895959460176528
98.02,9756,943840,1383,-19.39515163,682,0.02,58364,0.4025695323944092,0.001,0.0071372976526618,11.999393463134766,0.00021710051805712283
100.0,9760,944272,1383,-19.579772379999998,682,0.0,58391,0.42369717359542847,0.001,0.0008254852145910263,-2.5664515495300293,0.00022248768073040992
99.01,9764,944320,1383,-19.19718017,682,0.01,58394,0.4373244047164917,0.001,0.005499561782926321,-0.6175622940063477,0.0002226492069894448
99.01,9768,944448,1384,-19.23623982,682,0.01,58402,0.4335906505584717,0.001,0.0016192140756174922,-4.239899635314941,0.0002227035874966532
99.01,9772,945376,1385,-19.54074513,682,0.01,58460,0.42255765199661255,0.001,0.004894338082522154,-4.544252395629883,0.0002193401742260903
99.01,9776,945872,1386,-19.42889879,682,0.01,58491,0.38611119985580444,0.001,0.001810970832593739,-2.4202847480773926,0.00021475422545336187
99.01,9780,945920,1386,-19.409707419999997,682,0.01,58494,0.3433763086795807,0.001,0.02817448601126671,-0.856022834777832,0.00021450042549986392
99.01,9784,946048,1386,-19.172456529999998,682,0.01,58502,0.5143031477928162,0.001,0.005691547878086567,0.9824705123901367,0.00021403208666015416
99.01,9788,946976,1388,-19.314550770000004,682,0.01,58560,0.36549633741378784,0.001,0.002673930022865534,1.230161190032959,0.00021465736790560186
99.01,9792,947472,1389,-18.98177677,682,0.01,58591,0.38926228880882263,0.001,0.0007768362993374467,-6.85235595703125,0.0002128853666363284
99.01,9796,947520,1389,-19.13556624,682,0.01,58594,0.392971396446228,0.001,0.019612343981862068,2.135448694229126,0.00021240999922156334
99.01,9800,947648,1389,-18.99807823,682,0.01,58602,0.42621320486068726,0.001,0.006914750672876835,-5.042222499847412,0.00021117388678248972
99.01,9804,948576,1390,-19.192715079999996,682,0.01,58660,0.40771231055259705,0.001,0.0017593225929886103,-4.052943706512451,0.00020426510309334844
99.01,9808,949072,1391,-19.759494280000002,682,0.01,58691,0.5011242032051086,0.001,0.01938031241297722,1.6435377597808838,0.0002022885309997946
99.01,9812,949120,1391,-20.06157143,682,0.01,58694,0.45212873816490173,0.001,0.0027643078938126564,4.60844612121582,0.00020232712267898023
99.01,9816,949248,1391,-20.090657259999997,682,0.01,58702,0.5157327651977539,0.001,0.006145645398646593,1.3104722499847412,0.00020261270401533693
99.01,9820,950176,1393,-20.033199000000003,682,0.01,58760,0.3718397617340088,0.001,0.0007829833775758743,-5.407220840454102,0.0002213991101598367
98.02,9824,950624,1393,-19.61366015,682,0.02,58788,0.4692944288253784,0.001,0.0013888317625969648,-15.28207778930664,0.00021618524624500424
98.02,9828,950720,1393,-19.610044360000003,682,0.02,58794,0.41562342643737793,0.001,0.0016791073139756918,-12.026884078979492,0.0002140730939572677
97.03,9832,950736,1393,-19.39110228,682,0.03,58795,0.440824955701828,0.001,0.0015232262667268515,-10.803363800048828,0.00021372448827605695
97.03,9836,951168,1394,-19.19576395,682,0.03,58822,0.34621262550354004,0.001,0.006042536348104477,-8.22494125366211,0.00020550331100821495
97.03,9840,952000,1395,-19.238377940000003,682,0.03,58874,0.44073575735092163,0.001,0.0015113560948520899,-5.97005033493042,0.00019480391347315162
97.03,9844,952288,1396,-18.881479199999998,682,0.03,58892,0.40789908170700073,0.001,0.004370161332190037,-1.0927982330322266,0.00019280484411865473
96.04,9848,952336,1396,-18.964564449999997,682,0.04,58895,0.3504225015640259,0.001,0.0048142895102500916,-2.725872039794922,0.00019245874136686325
95.05,9852,952464,1396,-18.640285259999995,682,0.05,58903,0.41415852308273315,0.001,0.002320924773812294,-4.766777992248535,0.00019156439520884305
95.05,9856,953392,1397,-18.51375893,681,0.05,58961,0.4687877893447876,0.001,0.0008069300674833357,4.676249027252197,0.00019576451450120658
95.05,9860,953872,1398,-18.30329957,682,0.05,58991,0.43242448568344116,0.001,0.003149050287902355,-1.2166352272033691,0.0001980664674192667
96.04,9864,953936,1398,-18.73007516,682,0.04,58995,0.45778077840805054,0.001,0.0009197437320835888,4.352011680603027,0.00019784446340054274
96.04,9868,954064,1398,-18.53997579,682,0.04,59003,0.4833776354789734,0.001,0.0011697669979184866,-1.848902940750122,0.00019759121641982347
96.04,9872,954992,1400,-18.2018639,681,0.04,59061,0.3165905475616455,0.001,0.0032035191543400288,-7.859612941741943,0.0001996442733798176
96.04,9876,955472,1401,-18.06589468,681,0.04,59091,0.43078574538230896,0.001,0.0007862612837925553,-0.7111539840698242,0.0002002029214054346
96.04,9880,955536,1401,-18.36253181,681,0.04,59095,0.4425079822540283,0.001,0.001847496023401618,-3.6524853706359863,0.00020039088849443942
95.05,9884,955568,1401,-18.106060999999997,681,0.05,59097,0.39935463666915894,0.001,0.0023724690545350313,-0.42493104934692383,0.00020042623509652913
95.05,9888,956112,1402,-17.931452819999997,681,0.05,59131,0.4070191979408264,0.001,0.0020328033715486526,-7.1922430992126465,0.0001973420730791986
95.05,9892,957024,1403,-18.185540509999996,681,0.05,59188,0.3638263940811157,0.001,0.0016034843865782022,-5.520697116851807,0.00018250984430778772
95.05,9896,957120,1403,-18.34254276,681,0.05,59194,0.4407697916030884,0.001,0.004580514505505562,-0.9318594932556152,0.00018146226648241282
94.06,9900,957152,1403,-17.927001180000005,681,0.06,59196,0.7299447059631348,0.001,0.00828656554222107,1.343491554260254,0.00018117279978469014
94.06,9904,957568,1404,-17.808123839999997,681,0.06,59222,0.6466465592384338,0.001,0.0035237022675573826,16.0972957611084,0.00017959564866032451
94.06,9908,958400,1405,-17.32539683,681,0.06,59274,0.45066091418266296,0.001,0.0012332522310316563,6.125344276428223,0.00020492479961831123
94.06,9912,958688,1406,-17.283334410000002,681,0.06,59292,0.4533606767654419,0.001,0.0011310712434351444,1.1345617771148682,0.00020829288405366242
94.06,9916,958752,1406,-17.362222380000002,681,0.06,59296,0.5141479969024658,0.001,0.20256197452545166,-0.438335657119751,0.00020854233298450708
94.06,9920,959168,1407,-17.10436565,681,0.06,59322,0.5202582478523254,0.001,0.001728725153952837,0.3147883415222168,0.00020802844665013254
95.05,9924,960000,1408,-17.54977268,681,0.05,59374,0.3889755308628082,0.001,0.000564957968890667,-11.248408317565918,0.00020264361228328198
95.05,9928,960288,1408,-17.583801070000003,681,0.05,59392,0.5285388231277466,0.001,0.001142729539424181,1.4941669702529907,0.0001990794116863981
96.04,9932,960352,1408,-17.605255909999997,681,0.04,59396,0.45627227425575256,0.001,0.0012039849534630775,2.4188480377197266,0.0001987622381420806
96.04,9936,960768,1409,-17.77571181,681,0.04,59422,0.5114323496818542,0.001,0.0039306581020355225,-6.535059928894043,0.00019734074885491282
95.05,9940,961440,1410,-17.597841080000002,681,0.05,59464,0.4739707410335541,0.001,0.002761525334790349,8.834330558776855,0.00019429887470323592
94.06,9944,961872,1410,-17.81652366,681,0.06,59491,0.6367059946060181,0.001,0.005053876433521509,-4.682033538818359,0.00019745597091969103
94.06,9948,961936,1411,-17.736190410000003,681,0.06,59495,0.5138001441955566,0.001,0.002094053430482745,-0.16622209548950195,0.00019737142429221421
96.04,9952,962064,1411,-18.34723631,681,0.04,59503,0.36933067440986633,0.001,0.001768849091604352,3.058178186416626,0.0001973198668565601
96.04,9956,962992,1412,-18.25254267,681,0.04,59561,0.4624922275543213,0.001,0.010528101585805416,-4.905554294586182,0.0002000120875891298
95.05,9960,963424,1413,-18.285329320000002,681,0.05,59588,0.4254571795463562,0.001,0.006149020977318287,-4.852987289428711,0.0001998942461796105
95.05,9964,963520,1413,-18.47530845,681,0.05,59594,0.5012984275817871,0.001,0.005385839380323887,6.104249000549316,0.00019990986038465053
94.06,9968,963552,1413,-18.255666010000002,681,0.06,59596,0.4039095640182495,0.001,0.015312813222408295,3.0006163120269775,0.0001999922387767583
93.07,9972,963760,1413,-18.211947440000003,681,0.07,59609,0.5231553316116333,0.001,0.009366974234580994,-2.6320157051086426,0.00020051648607477546
93.07,9976,964640,1415,-18.33602697,681,0.07,59664,0.45563575625419617,0.001,0.0014112042263150215,-7.959259986877441,0.0002018181694438681
93.07,9980,965072,1415,-18.48143869,681,0.07,59691,0.38881587982177734,0.001,0.0011631333036348224,-6.710524082183838,0.0001976008206838742
94.06,9984,965152,1416,-18.73935512,681,0.06,59696,0.4674144685268402,0.001,0.0007725367322564125,-9.33620548248291,0.0001965318515431136
94.06,9988,965360,1416,-18.764506039999997,681,0.06,59709,0.41111987829208374,0.001,0.0021471516229212284,-12.056361198425293,0.00019366046763025224
94.06,9992,966240,1417,-18.522578109999998,681,0.06,59764,0.4744296669960022,0.001,0.005066538229584694,-6.27493953704834,0.00018058819114230573
94.06,9996,966672,1418,-18.49893238,681,0.06,59791,0.5968773365020752,0.001,0.003019229741767049,12.659058570861816,0.0001791392860468477
95.05,10000,966752,1418,-18.53428171,681,0.05,59796,0.4252620041370392,0.001,0.0009667933918535709,17.387176513671875,0.00017992858192883432
95.05,10004,966960,1418,-18.36799791,681,0.05,59809,0.48410362005233765,0.001,1.0005481243133545,8.404497146606445,0.00018250566790811718
95.05,10008,967840,1419,-18.633397919999997,681,0.05,59864,0.46668124198913574,0.001,0.0017314823344349861,-7.505810737609863,0.00018164266657549888
95.05,10012,968272,1420,-18.491046589999996,681,0.05,59891,0.42100730538368225,0.001,0.0032981373369693756,-7.79780387878418,0.00017821247456595302
95.05,10016,968352,1420,-18.442227130000003,681,0.05,59896,0.594535231590271,0.001,0.014171646907925606,-6.653311729431152,0.0001773708063410595
95.05,10020,968560,1421,-18.89556354,681,0.05,59909,0.5343617796897888,0.001,0.03242422267794609,-3.2791495323181152,0.00017496799409855157
95.05,10024,969440,1422,-18.85668533,681,0.05,59964,0.44440245628356934,0.001,0.005825477186590433,-3.1167492866516113,0.0001665780582698062
95.05,10028,969872,1423,-18.798226990000003,681,0.05,59991,0.5317410230636597,0.001,0.0030904647428542376,2.9863672256469727,0.00016437693557236344
95.05,10032,969952,1423,-18.987082049999998,681,0.05,59996,0.38140833377838135,0.001,0.0019692652858793736,1.1189403533935547,0.00016426050569862127
95.05,10036,970160,1423,-18.977173309999998,681,0.05,60009,0.4673883318901062,0.001,0.002018471946939826,2.6463546752929688,0.0001643396244617179
95.05,10040,970992,1424,-18.881987629999998,681,0.05,60061,0.4665954113006592,0.001,0.0016740479040890932,3.743166446685791,0.00016698443505447358
96.04,10044,971472,1425,-18.93048445,681,0.04,60091,0.4155734181404114,0.001,0.004988017491996288,10.338305473327637,0.00017225601186510175
96.04,10048,971536,1425,-19.069169290000005,681,0.04,60095,0.4951656758785248,0.001,0.002358532976359129,13.229350090026855,0.00017322137136943638
96.04,10052,971664,1425,-18.95595842,681,0.04,60103,0.4406964182853699,0.001,0.003055175766348839,6.076226711273193,0.0001753578835632652
96.04,10056,972592,1427,-19.103684239999996,681,0.04,60161,0.4360838830471039,0.001,0.0008164502214640379,13.588577270507812,0.00018658899352885783
97.03,10060,973072,1427,-19.07254647,681,0.03,60191,0.4893006682395935,0.001,0.005935556720942259,7.414749622344971,0.0001943212846526876
96.04,10064,973136,1427,-18.70004977,681,0.04,60195,0.5036641359329224,0.001,0.012946095317602158,4.659006595611572,0.00019503329531289637
97.03,10068,973168,1427,-18.97481187,681,0.03,60197,0.44159242510795593,0.001,0.0010255476227030158,-0.08603620529174805,0.00019535385945346206
98.02,10072,973744,1428,-19.05914567,681,0.02,60233,0.45929616689682007,0.001,0.0018104116898030043,0.7096681594848633,0.00019816453277599066
98.02,10076,974624,1429,-19.14922748,681,0.02,60288,0.5023196935653687,0.001,0.0006319655803963542,8.332481384277344,0.00020615225366782397
98.02,10080,974736,1430,-18.77389096,681,0.02,60295,0.42685288190841675,0.001,0.003067479468882084,6.051219463348389,0.00020795149612240493
98.02,10084,974768,1430,-18.59731898,681,0.02,60297,0.4666045010089874,0.001,0.0008508471073582768,8.832561492919922,0.00020847015548497438
98.02,10088,975344,1431,-18.62639321,681,0.02,60333,0.494415819644928,0.001,0.018298393115401268,-3.803722381591797,0.00020899825904052705
98.02,10092,976224,1432,-18.688623540000002,681,0.02,60388,0.5003811120986938,0.001,0.005685226991772652,2.951167345046997,0.00020338378089945763
98.02,10096,976336,1432,-18.71383414,681,0.02,60395,0.5089361667633057,0.001,0.013672268018126488,3.7109153270721436,0.00020378529734443873
98.02,10100,976368,1432,-18.96053901,681,0.02,60397,0.5181663632392883,0.001,0.0007898318581283092,6.788567543029785,0.00020392682927194983
97.03,10104,976768,1433,-18.942973750000004,681,0.03,60422,0.5274515151977539,0.001,0.0027480851858854294,9.513150215148926,0.00020742662309203297
97.03,10108,977632,1434,-19.3120909,681,0.03,60476,0.5841981172561646,0.001,0.019510112702846527,9.426600456237793,0.00022715881641488522
97.03,10112,977888,1435,-19.45095782,681,0.03,60492,0.4903600811958313,0.001,0.0011441910173743963,-0.7641201019287109,0.00022968136181589216
97.03,10116,977968,1435,-19.535497189999997,681,0.03,60497,0.5551184415817261,0.001,0.004936832468956709,1.5409760475158691,0.00022999942302703857
97.03,10120,978368,1435,-19.488476849999998,681,0.03,60522,0.5254263877868652,0.001,0.013522028923034668,1.5240449905395508,0.00023132543719839305
97.03,10124,979232,1437,-19.602633689999998,681,0.03,60576,0.5214154720306396,0.001,0.0038626170717179775,-1.6115550994873047,0.00022668683959636837
97.03,10128,979488,1437,-19.87354022,681,0.03,60592,0.48577219247817993,0.001,0.007838452234864235,-7.981255531311035,0.00022426903888117522
97.03,10132,979568,1437,-19.44339709,681,0.03,60597,0.5635846257209778,0.001,0.000609016977250576,-9.883931159973145,0.00022342451848089695
96.04,10136,979792,1438,-19.098060009999998,681,0.04,60611,0.4434281885623932,0.001,0.0016546918777748942,-7.597709655761719,0.00022117119806353003
97.03,10140,980640,1439,-19.443086750000003,681,0.03,60664,0.4743351936340332,0.001,0.0021787635050714016,-4.506717681884766,0.00021623533393722028
97.03,10144,981088,1440,-19.23668503,681,0.03,60692,0.4452252984046936,0.001,0.001050465740263462,9.5968656539917,0.00021425916929729283
97.03,10148,981152,1440,-19.09330993,681,0.03,60696,0.5445482134819031,0.001,0.002003923524171114,12.062451362609863,0.00021470199862960726
97.03,10152,981392,1440,-19.025168230000006,681,0.03,60711,0.5406812429428101,0.001,0.0016204920830205083,13.362610816955566,0.00021918649144936353
97.03,10156,982240,1441,-19.145826200000002,681,0.03,60764,0.4820671081542969,0.001,0.0013807951472699642,5.665135383605957,0.00023982481798157096
97.03,10160,982688,1442,-18.99176698,681,0.03,60792,0.47170016169548035,0.001,0.0015450495993718505,-1.6261625289916992,0.0002440631069475785
98.02,10164,982752,1442,-19.394165340000004,681,0.02,60796,0.5060725212097168,0.001,0.0023233939427882433,-4.306699752807617,0.0002440125826979056
98.02,10168,982992,1443,-19.16135824,681,0.02,60811,0.5078529119491577,0.001,0.08056976646184921,-5.581723213195801,0.000242859692662023
98.02,10172,983840,1444,-19.19617796,681,0.02,60864,0.5316920876502991,0.001,0.003746834583580494,-3.6280059814453125,0.0002367804409004748
98.02,10176,984288,1444,-19.20079965,681,0.02,60892,0.5587055087089539,0.001,0.008839832618832588,-9.723922729492188,0.00023158742988016456
98.02,10180,984352,1444,-19.35209491,681,0.02,60896,0.5226775407791138,0.001,0.0020789916161447763,-10.614579200744629,0.00023049348965287209
98.02,10184,984592,1445,-19.74897257,681,0.02,60911,0.5316164493560791,0.001,0.01813654415309429,-6.667168617248535,0.00022633215121459216
97.03,10188,985392,1446,-19.63763299,681,0.03,60961,0.6102065443992615,0.001,0.0018246052786707878,1.0831756591796875,0.00022656105284113437
97.03,10192,985872,1446,-19.747612489999998,681,0.03,60991,0.48556390404701233,0.001,0.002365151420235634,-2.819246292114258,0.00022697106760460883
97.03,10196,985936,1447,-19.76357813,681,0.03,60995,0.427315890789032,0.001,0.03827570751309395,-2.101986885070801,0.00022666198492515832
97.03,10200,986064,1447,-19.312677859999997,681,0.03,61003,0.6127445697784424,0.001,0.0024129794910550117,-4.524920463562012,0.0002260944020235911
98.02,10204,986992,1448,-19.27972124,681,0.02,61061,0.5095434188842773,0.001,0.03874635696411133,0.18269729614257812,0.00022505255765281618
98.02,10208,987472,1449,-18.957497410000002,681,0.02,61091,0.5646783113479614,0.001,0.0010741610312834382,2.6853647232055664,0.0002289262629346922
98.02,10212,987536,1449,-18.90971561,681,0.02,61095,0.6381688117980957,0.001,0.005778154358267784,7.849907875061035,0.00022966210963204503
98.02,10216,987664,1449,-19.08274344,681,0.02,61103,0.4952215552330017,0.001,0.0013318206183612347,-0.279812216758728,0.0002310229610884562
98.02,10220,988592,1451,-18.58561934,681,0.02,61161,0.5569486618041992,0.001,0.001961657777428627,-1.6578459739685059,0.0002318367041880265
98.02,10224,989072,1451,-18.38122246,681,0.02,61191,0.5410059690475464,0.001,0.0012988210655748844,6.600922584533691,0.00023347215028479695
98.02,10228,989136,1452,-18.127332130000003,681,0.02,61195,0.5286297798156738,0.001,0.021400999277830124,3.953148365020752,0.0002341631770832464
98.02,10232,989264,1452,-18.230599660000003,681,0.02,61203,0.5050128102302551,0.001,0.0018461644649505615,2.6197330951690674,0.00023539128596894443
99.01,10236,990192,1453,-18.82676855,681,0.01,61261,0.5023586750030518,0.001,0.004841480869799852,-4.0653228759765625,0.00023087979934643954
99.01,10240,990672,1454,-18.994984350000003,681,0.01,61291,0.4844074845314026,0.001,0.0018123278860002756,1.1756737232208252,0.00022731094213668257
99.01,10244,990736,1454,-19.124378859999997,681,0.01,61295,0.5507413148880005,0.001,0.0008506406447850168,-0.4191007614135742,0.0002268745593028143
98.02,10248,990768,1454,-18.973424479999995,681,0.02,61297,0.45737147331237793,0.001,0.0006250271108001471,-5.591669082641602,0.0002266537630930543
98.02,10252,991344,1454,-18.84933776,681,0.02,61333,0.47763609886169434,0.001,0.0022529703564941883,-4.687041282653809,0.00022102866205386817
98.02,10256,992224,1456,-18.58168088,681,0.02,61388,0.5367639064788818,0.001,0.0014888583682477474,-6.369096279144287,0.00021427532192319632
97.03,10260,992288,1456,-18.68439913,681,0.03,61392,0.4742436408996582,0.001,0.0037526630330830812,-8.049613952636719,0.0002135745162377134
95.05,10264,992352,1456,-17.99854941,681,0.05,61396,0.5214579105377197,0.001,0.0007644109427928925,-8.10971736907959,0.00021280295914039016
95.05,10268,992464,1456,-17.972837969999997,681,0.05,61403,0.4399038553237915,0.001,0.026164578273892403,-5.954624176025391,0.00021136509894859046
95.05,10272,993392,1457,-17.974035489999995,681,0.05,61461,0.514937162399292,0.001,0.0049284049309790134,-0.23120784759521484,0.00019975341274403036
95.05,10276,993888,1458,-17.898982899999996,681,0.05,61492,0.5563694834709167,0.001,0.0021439874544739723,9.757038116455078,0.0002043633139692247
95.05,10280,993952,1458,-17.89519759,681,0.05,61496,0.5745132565498352,0.001,0.00714190024882555,13.735807418823242,0.00020539476827252656
95.05,10284,994064,1458,-17.63785245,681,0.05,61503,0.5689988732337952,0.001,0.0037508246023207903,14.07960033416748,0.0002076621458400041
94.06,10288,994384,1459,-17.22559738,681,0.06,61523,0.48075631260871887,0.001,0.0012185475789010525,7.418796539306641,0.0002146966871805489
94.06,10292,995232,1460,-17.1457936,681,0.06,61576,0.5345078706741333,0.001,0.001667399425059557,-7.200045108795166,0.0002152050583390519
93.07,10296,995504,1460,-17.157853860000003,681,0.07,61593,0.49682119488716125,0.001,0.005939885973930359,-7.7665019035339355,0.00021096738055348396
93.07,10300,995552,1460,-17.295349440000003,681,0.07,61596,0.5594353079795837,0.001,0.013337941840291023,-9.186009407043457,0.00021023006411269307
92.08,10304,995664,1460,-17.44933197,681,0.08,61603,0.5146293640136719,0.001,0.002031792886555195,-10.31883430480957,0.0002084122970700264
92.08,10308,996592,1462,-17.6471603,681,0.08,61661,0.6149042248725891,0.001,0.0019515658495947719,-8.308035850524902,0.00019677545060403645
92.08,10312,997104,1462,-17.481509900000002,681,0.08,61693,0.5515037178993225,0.001,0.011004793457686901,-2.061941146850586,0.00019147415878251195
92.08,10316,997152,1463,-17.2996218,681,0.08,61696,0.4674956500530243,0.001,0.0015145682264119387,-3.042339563369751,0.0001912828884087503
92.08,10320,997264,1463,-17.5647393,681,0.08,61703,0.7257047891616821,0.001,0.003803834319114685,3.8070504665374756,0.00019084721861872822
92.08,10324,998192,1464,-17.687527980000002,681,0.08,61761,0.5878806114196777,0.001,0.0022156971972435713,-2.99302077293396,0.00018826308951247483
92.08,10328,998704,1465,-17.626696319999997,681,0.08,61793,0.5685437321662903,0.001,0.0010667815804481506,-7.188433647155762,0.00018419775005895644
92.08,10332,998752,1465,-17.716675889999998,681,0.08,61796,0.515451967716217,0.001,0.0020687617361545563,-6.568899631500244,0.00018373230705037713
92.08,10336,998864,1465,-17.490521610000002,681,0.08,61803,0.5322310924530029,0.001,0.001737480517476797,-5.89990758895874,0.00018264529353473336
92.08,10340,999792,1466,-17.424759509999998,681,0.08,61861,0.46211665868759155,0.001,0.0006366520537994802,-1.5445060729980469,0.0001757709396770224
