time/total_timesteps,rollout/success_rate,rollout/ep_len_mean,time/episodes,time/fps,rollout/ep_rew_mean,time/time_elapsed,train/n_updates,train/learning_rate,train/critic_loss,train/ent_coef,train/actor_loss,train/ent_coef_loss
3200,0.0,200.0,4,3100,-45.121558,1,,,,,,
3200,0.0,200.0,8,3094,-45.121558,1,,,,,,
3200,0.0,200.0,12,3093,-45.121558,1,,,,,,
3200,0.0,200.0,16,3092,-45.121558,1,,,,,,
6400,0.0,200.0,20,2961,-48.63105490625,2,,,,,,
6400,0.0,200.0,24,2960,-48.63105490625,2,,,,,,
6400,0.0,200.0,28,2960,-48.63105490625,2,,,,,,
6400,0.0,200.0,32,2960,-48.63105490625,2,,,,,,
9600,0.0,200.0,36,3054,-48.98663510416667,3,,,,,,
9600,0.0,200.0,40,3054,-48.98663510416667,3,,,,,,
9600,0.0,200.0,44,3053,-48.98663510416667,3,,,,,,
9600,0.0,200.0,48,3047,-48.98663510416667,3,,,,,,
12800,0.0,200.0,52,1989,-49.40494351562499,6,174,0.001,0.07610686868429184,0.8409361839294434,-5.87446403503418,-1.16267991065979
12800,0.0,200.0,56,1989,-49.40494351562499,6,,,,,,
12800,0.0,200.0,60,1989,-49.40494351562499,6,,,,,,
12800,0.0,200.0,64,1989,-49.40494351562499,6,,,,,,
16000,0.0,200.0,68,1621,-48.789076475,9,374,0.001,0.0313628688454628,0.6883828043937683,-6.46757173538208,-2.502596616744995
16000,0.0,200.0,72,1621,-48.789076475,9,,,,,,
16000,0.0,200.0,76,1621,-48.789076475,9,,,,,,
16000,0.0,200.0,80,1621,-48.789076475,9,,,,,,
19200,0.0,200.0,84,1411,-49.124317135416675,13,574,0.001,0.04796592891216278,0.5635685920715332,-6.922523498535156,-3.8685240745544434
19200,0.0,200.0,88,1411,-49.124317135416675,13,,,,,,
19200,0.0,200.0,92,1411,-49.124317135416675,13,,,,,,
19200,0.0,200.0,96,1411,-49.124317135416675,13,,,,,,
22400,0.0,200.0,100,1293,-50.06122862,17,774,0.001,0.01406062114983797,0.4614231586456299,-7.338603973388672,-5.202722549438477
22400,0.0,200.0,104,1293,-50.06122862,17,,,,,,
22400,0.0,200.0,108,1293,-50.06122862,17,,,,,,
22400,0.0,200.0,112,1293,-50.06122862,17,,,,,,
25600,0.0,200.0,116,1214,-49.76540139999998,21,974,0.001,0.008613381534814835,0.37779852747917175,-7.543375492095947,-6.538252830505371
25600,0.0,200.0,120,1214,-49.76540139999998,21,,,,,,
25600,0.0,200.0,124,1214,-49.76540139999998,21,,,,,,
25600,0.0,200.0,128,1214,-49.76540139999998,21,,,,,,
28800,0.0,200.0,132,1159,-48.878285739999995,24,1174,0.001,0.009966116398572922,0.3093191385269165,-7.614448547363281,-7.884574890136719
28800,0.0,200.0,136,1159,-48.878285739999995,24,,,,,,
28800,0.0,200.0,140,1159,-48.878285739999995,24,,,,,,
28800,0.0,200.0,144,1159,-48.878285739999995,24,,,,,,
32000,0.0,200.0,148,1134,-48.23409413,28,1374,0.001,0.01965523138642311,0.25324854254722595,-7.833955764770508,-9.228631973266602
32000,0.0,200.0,152,1134,-48.23409413,28,,,,,,
32000,0.0,200.0,156,1134,-48.23409413,28,,,,,,
32000,0.0,200.0,160,1134,-48.23409413,28,,,,,,
35200,0.0,200.0,164,1108,-49.485603029999986,31,1574,0.001,0.007578728720545769,0.20734214782714844,-7.5940070152282715,-10.560855865478516
35200,0.0,200.0,168,1108,-49.485603029999986,31,,,,,,
35200,0.0,200.0,172,1108,-49.485603029999986,31,,,,,,
35200,0.0,200.0,176,1108,-49.485603029999986,31,,,,,,
38400,0.0,200.0,180,1085,-47.79450310000002,35,1774,0.001,0.024907412007451057,0.16976623237133026,-7.716752529144287,-11.863714218139648
38400,0.0,200.0,184,1085,-47.79450310000002,35,,,,,,
38400,0.0,200.0,188,1085,-47.79450310000002,35,,,,,,
38400,0.0,200.0,192,1085,-47.79450310000002,35,,,,,,
41600,0.0,200.0,196,1070,-48.3553667,38,1974,0.001,0.004201707895845175,0.13899828493595123,-7.356041431427002,-13.200506210327148
41600,0.0,200.0,200,1070,-48.3553667,38,,,,,,
41600,0.0,200.0,204,1070,-48.3553667,38,,,,,,
41600,0.0,200.0,208,1070,-48.3553667,38,,,,,,
44800,0.0,200.0,212,1056,-48.70572719,42,2174,0.001,0.007943310774862766,0.113812655210495,-7.062388896942139,-14.621283531188965
44800,0.0,200.0,216,1056,-48.70572719,42,,,,,,
44800,0.0,200.0,220,1056,-48.70572719,42,,,,,,
44800,0.0,200.0,224,1056,-48.70572719,42,,,,,,
48000,0.0,200.0,228,1040,-49.09194855,46,2374,0.001,0.20466753840446472,0.09319977462291718,-7.156093597412109,-15.898782730102539
48000,0.0,200.0,232,1040,-49.09194855,46,,,,,,
48000,0.0,200.0,236,1040,-49.09194855,46,,,,,,
48000,0.0,200.0,240,1040,-49.09194855,46,,,,,,
51200,0.0,200.0,244,1027,-50.11893026,49,2574,0.001,0.00822942890226841,0.07637383043766022,-6.587851524353027,-17.162139892578125
51200,0.0,200.0,248,1027,-50.11893026,49,,,,,,
51200,0.0,200.0,252,1027,-50.11893026,49,,,,,,
51200,0.0,200.0,256,1027,-50.11893026,49,,,,,,
54400,0.0,200.0,260,1016,-49.93818247,53,2774,0.001,0.006332117598503828,0.06261280924081802,-6.366684913635254,-18.545724868774414
54400,0.0,200.0,264,1016,-49.93818247,53,,,,,,
54400,0.0,200.0,268,1016,-49.93818247,53,,,,,,
54400,0.0,200.0,272,1016,-49.93818247,53,,,,,,
57600,0.0,200.0,276,1006,-50.399981749999995,57,2974,0.001,21.076457977294922,0.05134008824825287,-6.126652240753174,-19.74968719482422
57600,0.0,200.0,280,1006,-50.399981749999995,57,,,,,,
57600,0.0,200.0,284,1006,-50.399981749999995,57,,,,,,
57600,0.0,200.0,288,1006,-50.399981749999995,57,,,,,,
60800,0.0,200.0,292,999,-50.53791386000001,60,3174,0.001,0.005078896414488554,0.042126964777708054,-5.753657341003418,-20.881622314453125
60800,0.0,200.0,296,999,-50.53791386000001,60,,,,,,
60800,0.0,200.0,300,999,-50.53791386000001,60,,,,,,
60800,0.0,200.0,304,999,-50.53791386000001,60,,,,,,
64000,0.01,198.01,308,991,-49.83780502,64,3374,0.001,0.0035504901316016912,0.03460508957505226,-5.546059608459473,-22.474323272705078
64000,0.01,198.01,312,991,-49.83780502,64,,,,,,
64000,0.01,198.01,316,991,-49.83780502,64,,,,,,
64000,0.01,198.01,320,991,-49.83780502,64,,,,,,
67200,0.01,198.01,324,983,-50.397461279999995,68,3574,0.001,0.0022345189936459064,0.02843724749982357,-5.278236389160156,-23.02361488342285
67200,0.01,198.01,328,983,-50.397461279999995,68,,,,,,
67200,0.01,198.01,332,983,-50.397461279999995,68,,,,,,
67200,0.01,198.01,336,983,-50.397461279999995,68,,,,,,
70400,0.01,198.01,340,982,-50.023547310000005,71,3774,0.001,0.0033272504806518555,0.02340494468808174,-5.000335216522217,-24.614356994628906
70400,0.01,198.01,344,982,-50.023547310000005,71,,,,,,
70400,0.01,198.01,348,982,-50.023547310000005,71,,,,,,
70400,0.01,198.01,352,982,-50.023547310000005,71,,,,,,
73600,0.01,198.01,356,980,-48.54807519999999,75,3974,0.001,0.0029475796036422253,0.019254636019468307,-4.697289943695068,-25.095008850097656
73600,0.01,198.01,360,980,-48.54807519999999,75,,,,,,
73600,0.01,198.01,364,980,-48.54807519999999,75,,,,,,
73600,0.01,198.01,368,980,-48.54807519999999,75,,,,,,
76800,0.01,198.01,372,978,-48.805338350000014,78,4174,0.001,0.005732827354222536,0.0159108005464077,-4.577370643615723,-25.274415969848633
76800,0.01,198.01,376,978,-48.805338350000014,78,,,,,,
76800,0.01,198.01,380,978,-48.805338350000014,78,,,,,,
76800,0.01,198.01,384,978,-48.805338350000014,78,,,,,,
80000,0.01,198.01,388,977,-49.099645249999995,81,4374,0.001,0.003599973162636161,0.013153196312487125,-4.259122848510742,-25.338233947753906
80000,0.01,198.01,392,977,-49.099645249999995,81,,,,,,
80000,0.01,198.01,396,977,-49.099645249999995,81,,,,,,
80000,0.01,198.01,400,977,-49.099645249999995,81,,,,,,
83200,0.0,200.0,404,976,-48.90417846,85,4574,0.001,0.0035839667543768883,0.010942719876766205,-4.024641036987305,-24.850385665893555
83200,0.0,200.0,408,976,-48.90417846,85,,,,,,
83200,0.0,200.0,412,976,-48.90417846,85,,,,,,
83200,0.0,200.0,416,976,-48.90417846,85,,,,,,
86400,0.0,200.0,420,975,-48.703702410000005,88,4774,0.001,0.003529099514707923,0.009110691957175732,-3.8466737270355225,-27.05194854736328
86400,0.0,200.0,424,975,-48.703702410000005,88,,,,,,
86400,0.0,200.0,428,975,-48.703702410000005,88,,,,,,
86400,0.0,200.0,432,975,-48.703702410000005,88,,,,,,
89600,0.0,200.0,436,972,-48.52205469000001,92,4974,0.001,0.7871788740158081,0.007591103203594685,-3.811070203781128,-27.1965389251709
89600,0.0,200.0,440,972,-48.52205469000001,92,,,,,,
89600,0.0,200.0,444,972,-48.52205469000001,92,,,,,,
89600,0.0,200.0,448,972,-48.52205469000001,92,,,,,,
92800,0.0,200.0,452,968,-47.34363427,95,5174,0.001,0.000923568441066891,0.006322560366243124,-3.3790321350097656,-27.595449447631836
92800,0.0,200.0,456,968,-47.34363427,95,,,,,,
92800,0.0,200.0,460,968,-47.34363427,95,,,,,,
92800,0.0,200.0,464,968,-47.34363427,95,,,,,,
96000,0.0,200.0,468,964,-44.63439859,99,5374,0.001,0.23877039551734924,0.005260470788925886,-3.2592077255249023,-28.901622772216797
96000,0.0,200.0,472,964,-44.63439859,99,,,,,,
96000,0.0,200.0,476,964,-44.63439859,99,,,,,,
96000,0.0,200.0,480,964,-44.63439859,99,,,,,,
99200,0.0,200.0,484,960,-42.78344573,103,5574,0.001,0.011698895134031773,0.0043981242924928665,-3.0621109008789062,-28.433074951171875
99200,0.0,200.0,488,960,-42.78344573,103,,,,,,
99200,0.0,200.0,492,960,-42.78344573,103,,,,,,
99200,0.0,200.0,496,960,-42.78344573,103,,,,,,
102400,0.01,198.01,500,957,-40.49372666,106,5774,0.001,0.0006354080978780985,0.003695859806612134,-2.819140911102295,-28.432933807373047
102400,0.01,198.01,504,957,-40.49372666,106,,,,,,
102400,0.01,198.01,508,957,-40.49372666,106,,,,,,
102400,0.01,198.01,512,957,-40.49372666,106,,,,,,
105600,0.01,198.01,516,954,-37.73035815,110,5974,0.001,0.0007875284645706415,0.0031087789684534073,-2.6582882404327393,-27.831865310668945
105600,0.01,198.01,520,954,-37.73035815,110,,,,,,
105600,0.01,198.01,524,954,-37.73035815,110,,,,,,
105600,0.01,198.01,528,954,-37.73035815,110,,,,,,
108800,0.01,198.01,532,952,-36.000050429999995,114,6174,0.001,0.0006404443411156535,0.0026268474757671356,-2.5699644088745117,-26.680898666381836
108800,0.01,198.01,536,952,-36.000050429999995,114,,,,,,
108800,0.01,198.01,540,952,-36.000050429999995,114,,,,,,
108800,0.01,198.01,544,952,-36.000050429999995,114,,,,,,
112000,0.01,198.01,548,950,-35.93984488,117,6374,0.001,0.023031719028949738,0.002226511249318719,-2.448051929473877,-25.93149185180664
112000,0.01,198.01,552,950,-35.93984488,117,,,,,,
112000,0.01,198.01,556,950,-35.93984488,117,,,,,,
112000,0.01,198.01,560,950,-35.93984488,117,,,,,,
115200,0.01,198.01,564,950,-35.760001939999995,121,6574,0.001,0.0005260143661871552,0.0018924424657598138,-2.261061191558838,-25.434581756591797
115200,0.01,198.01,568,950,-35.760001939999995,121,,,,,,
115200,0.01,198.01,572,950,-35.760001939999995,121,,,,,,
115200,0.01,198.01,576,950,-35.760001939999995,121,,,,,,
118400,0.01,198.01,580,949,-33.94695164,124,6774,0.001,0.0005460319807752967,0.0016125418478623033,-2.2139439582824707,-23.084285736083984
118400,0.01,198.01,584,949,-33.94695164,124,,,,,,
118400,0.01,198.01,588,949,-33.94695164,124,,,,,,
118400,0.01,198.01,592,949,-33.94695164,124,,,,,,
121600,0.01,198.01,596,949,-32.93605023,128,6974,0.001,0.0004274147213436663,0.0013796748826280236,-2.0384767055511475,-26.081863403320312
121600,0.01,198.01,600,949,-32.93605023,128,,,,,,
121600,0.01,198.01,604,949,-32.93605023,128,,,,,,
121600,0.01,198.01,608,949,-32.93605023,128,,,,,,
124800,0.01,198.01,612,947,-32.30870196,131,7174,0.001,0.001536005875095725,0.0011834405595436692,-1.871399164199829,-20.347919464111328
124800,0.01,198.01,616,947,-32.30870196,131,,,,,,
124800,0.01,198.01,620,947,-32.30870196,131,,,,,,
124800,0.01,198.01,624,947,-32.30870196,131,,,,,,
125616,0.02,196.52,628,947,-31.916119780000002,132,7225,0.001,0.0004271894576959312,0.0011404264951124787,-1.8222616910934448,-23.55318260192871
128000,0.02,196.52,632,945,-31.312406079999995,135,7374,0.001,0.0003463888424448669,0.0010229743784293532,-1.7630078792572021,-18.951990127563477
128000,0.02,196.52,636,945,-31.312406079999995,135,,,,,,
128000,0.02,196.52,640,945,-31.312406079999995,135,,,,,,
128816,0.02,196.52,644,944,-31.26887191999999,136,7425,0.001,0.0020962851122021675,0.0009878255659714341,-1.6809945106506348,-19.094867706298828
131200,0.02,196.52,648,943,-30.39543235,139,7574,0.001,0.00023065379355102777,0.0008896894287317991,-1.6516395807266235,-20.031452178955078
131200,0.02,196.52,652,943,-30.39543235,139,,,,,,
131200,0.02,196.52,656,943,-30.39543235,139,,,,,,
132016,0.02,196.52,660,942,-30.300656869999994,140,7625,0.001,0.0007253055227920413,0.0008597762789577246,-1.6210684776306152,-16.48042106628418
134400,0.02,196.52,664,940,-30.06744505,142,7774,0.001,0.00030823505949229,0.0007800059975124896,-1.5191318988800049,-18.69536781311035
134400,0.02,196.52,668,940,-30.06744505,142,,,,,,
134400,0.02,196.52,672,940,-30.06744505,142,,,,,,
135216,0.02,196.52,676,940,-30.07413565,143,7825,0.001,0.0005413751350715756,0.0007546013221144676,-1.5106481313705444,-16.389726638793945
137600,0.03,195.42,680,938,-31.83131351,146,7974,0.001,0.0003111190744675696,0.0006882491870783269,-1.4116926193237305,-15.248162269592285
137600,0.03,195.42,684,938,-31.83131351,146,,,,,,
137600,0.03,195.42,688,938,-31.83131351,146,,,,,,
137616,0.04,193.43,692,938,-31.35526284,146,7975,0.001,0.0005696879816241562,0.0006878128042444587,-1.4529646635055542,-16.93880844116211
140800,0.03,195.42,696,937,-32.13692788,150,8174,0.001,0.0002636594872456044,0.0006128362729214132,-1.3723843097686768,-14.514240264892578
140800,0.03,195.42,700,937,-32.13692788,150,,,,,,
140800,0.03,195.42,704,937,-32.13692788,150,,,,,,
140816,0.03,195.42,708,937,-32.136801240000004,150,8175,0.001,0.0002495541702955961,0.000612502102740109,-1.343946933746338,-15.743906021118164
144000,0.03,195.42,712,936,-31.637026630000005,153,8374,0.001,0.0012157238088548183,0.0005504788132384419,-1.2796258926391602,-10.652345657348633
144000,0.03,195.42,716,936,-31.637026630000005,153,,,,,,
144000,0.03,195.42,720,936,-31.637026630000005,153,,,,,,
144016,0.03,195.42,724,936,-31.364733960000002,153,8375,0.001,0.000552403274923563,0.0005501962150447071,-1.2224478721618652,-11.839017868041992
147200,0.02,196.91,728,934,-30.307229630000002,157,8574,0.001,0.0002678915043361485,0.0004984260303899646,-1.1605653762817383,-10.19233226776123
147200,0.02,196.91,732,934,-30.307229630000002,157,,,,,,
147200,0.02,196.91,736,934,-30.307229630000002,157,,,,,,
147216,0.02,196.91,740,934,-30.712435490000004,157,8575,0.001,0.003875342197716236,0.0004981779493391514,-1.1981770992279053,-8.261285781860352
150400,0.02,196.91,744,933,-28.77230499,161,8774,0.001,0.00035741488682106137,0.00045519720879383385,-1.0662338733673096,-10.933822631835938
150400,0.02,196.91,748,933,-28.77230499,161,,,,,,
150400,0.02,196.91,752,933,-28.77230499,161,,,,,,
150416,0.02,196.91,756,933,-29.076950629999995,161,8775,0.001,0.0005732505233027041,0.00045499211410060525,-1.1068944931030273,-11.095897674560547
153600,0.02,196.91,760,932,-29.150579710000006,164,8974,0.001,0.0002460742252878845,0.000419141782913357,-1.0424206256866455,-7.9889678955078125
153600,0.02,196.91,764,932,-29.150579710000006,164,,,,,,
153600,0.02,196.91,768,932,-29.150579710000006,164,,,,,,
153616,0.02,196.91,772,932,-28.90619902,164,8975,0.001,0.00018981334869749844,0.0004189717292319983,-1.0464516878128052,-7.868407249450684
156800,0.01,198.01,776,931,-27.625548270000003,168,9174,0.001,0.00048457825323566794,0.0003899862349499017,-0.9263068437576294,-5.076915264129639
156800,0.01,198.01,780,931,-27.625548270000003,168,,,,,,
156800,0.01,198.01,784,931,-27.625548270000003,168,,,,,,
156816,0.01,198.01,788,931,-27.20638546,168,9175,0.001,0.00018157990416511893,0.000389883789466694,-0.9167279005050659,-7.6738362312316895
160000,0.0,200.0,792,929,-27.723317479999995,172,9374,0.001,0.0003894323599524796,0.00036318160709924996,-0.9141191244125366,-9.480854034423828
160000,0.0,200.0,796,929,-27.723317479999995,172,,,,,,
160000,0.0,200.0,800,929,-27.723317479999995,172,,,,,,
160016,0.0,200.0,804,929,-27.038926489999998,172,9375,0.001,0.00019146298291161656,0.0003630572755355388,-0.8808587193489075,-9.95022964477539
163200,0.0,200.0,808,928,-27.087382829999996,175,9574,0.001,0.00028611154993996024,0.0003395378589630127,-0.7989239692687988,-4.65449857711792
163200,0.0,200.0,812,928,-27.087382829999996,175,,,,,,
163200,0.0,200.0,816,928,-27.087382829999996,175,,,,,,
163216,0.0,200.0,820,928,-26.84601355,175,9575,0.001,0.00018520049343351275,0.0003394279337953776,-0.8023014068603516,-4.336442947387695
166400,0.0,200.0,824,927,-26.611478520000002,179,9774,0.001,0.00024252431467175484,0.00032051184098236263,-0.7634690999984741,-1.3333103656768799
166400,0.0,200.0,828,927,-26.611478520000002,179,,,,,,
166400,0.0,200.0,832,927,-26.611478520000002,179,,,,,,
166416,0.0,200.0,836,927,-27.199930500000004,179,9775,0.001,0.00019415002316236496,0.00032043849932961166,-0.7557108402252197,-2.254544496536255
168416,0.02,196.76,840,927,-26.105719989999997,181,9900,0.001,0.00013436831068247557,0.00031070137629285455,-0.7150803804397583,-0.7135686278343201
169600,0.02,196.76,844,928,-25.947619670000005,182,9974,0.001,0.0003191085415892303,0.00030472123762592673,-0.729716420173645,0.6803117394447327
169600,0.02,196.76,848,928,-25.947619670000005,182,,,,,,
169616,0.02,196.76,852,928,-26.301592980000006,182,9975,0.001,0.00024391496845055372,0.0003046973724849522,-0.6830520629882812,-0.5413458347320557
171616,0.02,196.76,856,927,-25.84571864,184,10100,0.001,0.00014167861081659794,0.0002951142087113112,-0.6240958571434021,-5.566022872924805
172800,0.02,196.76,860,927,-24.15874803,186,10174,0.001,0.00018901738803833723,0.00028936288435943425,-0.6307146549224854,-4.372107982635498
172800,0.02,196.76,864,927,-24.15874803,186,,,,,,
172816,0.02,196.76,868,927,-23.833627370000002,186,10175,0.001,0.00014060261310078204,0.00028932312852703035,-0.6201561689376831,-4.554703712463379
174256,0.03,195.62,872,926,-23.409167860000007,187,10265,0.001,0.00023632454394828528,0.0002836900530382991,-0.6476531624794006,-3.689859390258789
176000,0.03,195.62,876,926,-22.44790614,190,10374,0.001,0.0006655793404206634,0.0002783266536425799,-0.5750709772109985,3.5640993118286133
176000,0.03,195.62,880,926,-22.44790614,190,,,,,,
176016,0.03,195.62,884,926,-22.284869490000002,190,10375,0.001,0.00012727786088362336,0.0002783446980174631,-0.569695770740509,1.5035656690597534
177456,0.03,195.62,888,925,-22.265088650000003,191,10465,0.001,0.00024118881265167147,0.00027316075284034014,-0.5861284732818604,-5.582354545593262
179200,0.03,195.62,892,925,-20.672963630000005,193,10574,0.001,0.00014625716721639037,0.000266595947323367,-0.5352921485900879,-0.2970272898674011
179200,0.03,195.62,896,925,-20.672963630000005,193,,,,,,
179216,0.03,195.62,900,925,-20.481280270000003,193,10575,0.001,0.00015937004354782403,0.0002665275533217937,-0.514565110206604,0.21859699487686157
180656,0.03,195.62,904,924,-20.35342177,195,10665,0.001,0.00032667670166119933,0.00026288008666597307,-0.5262922048568726,-4.79966926574707
182400,0.03,195.62,908,923,-19.463072349999997,197,10774,0.001,0.0002107967738993466,0.00025825173361226916,-0.4805399179458618,-3.812089204788208
182400,0.03,195.62,912,923,-19.463072349999997,197,,,,,,
182416,0.03,195.62,916,923,-19.29265575,197,10775,0.001,0.0001315808476647362,0.0002581886947154999,-0.43407565355300903,-4.253939628601074
183776,0.04,194.0,920,923,-19.0248912,199,10860,0.001,8.53937235660851e-05,0.00025178937357850373,-0.46788913011550903,-3.851675271987915
185600,0.04,194.0,924,923,-18.32395068,201,10974,0.001,0.00016972262528724968,0.0002475134388078004,-0.44267597794532776,6.947303295135498
185600,0.04,194.0,928,923,-18.32395068,201,,,,,,
185616,0.04,194.0,932,923,-18.35442001,201,10975,0.001,9.847403998719528e-05,0.00024771085008978844,-0.46822911500930786,1.9757227897644043
186976,0.04,194.0,936,922,-17.67485689,202,11060,0.001,0.0001705542963463813,0.0002444437122903764,-0.42636194825172424,-0.277069628238678
188800,0.02,197.24,940,922,-17.73815203,204,11174,0.001,0.00011255426215939224,0.0002395507472101599,-0.4228079617023468,-2.3573665618896484
188800,0.02,197.24,944,922,-17.73815203,204,,,,,,
188816,0.02,197.24,948,922,-17.60515188,204,11175,0.001,0.0003562131314538419,0.00023954024072736502,-0.3893798589706421,-4.266097545623779
190176,0.02,197.24,952,921,-17.084568809999997,206,11260,0.001,0.00010094802564708516,0.00023618506384082139,-0.4099506139755249,-1.0734267234802246
192000,0.02,197.24,956,921,-16.778435520000002,208,11374,0.001,0.00016799912555143237,0.0002304598456248641,-0.36728572845458984,-3.745835781097412
192000,0.02,197.24,960,921,-16.778435520000002,208,,,,,,
192016,0.02,197.24,964,921,-16.91223518,208,11375,0.001,0.00013848602247890085,0.00023041699023451656,-0.3620151877403259,-2.62994122505188
193376,0.02,197.24,968,920,-16.92681549,209,11460,0.001,0.0001740048173815012,0.00023129169130697846,-0.3756381869316101,-12.397178649902344
195200,0.01,198.38,972,920,-16.47412038,212,11574,0.001,7.425821968354285e-05,0.00022561989317182451,-0.3291882872581482,0.4254429340362549
195200,0.01,198.38,976,920,-16.47412038,212,,,,,,
195216,0.01,198.38,980,920,-16.58142966,212,11575,0.001,8.200010779546574e-05,0.0002255736180813983,-0.311574250459671,-0.18865205347537994
196016,0.02,196.89,984,920,-16.38021586,212,11625,0.001,9.509287338005379e-05,0.0002238427405245602,-0.32131102681159973,-2.886345863342285
198400,0.02,196.89,988,919,-15.95535179,215,11774,0.001,0.000123458870803006,0.0002218490990344435,-0.3154205083847046,3.296104907989502
198400,0.02,196.89,992,919,-15.95535179,215,,,,,,
198416,0.02,196.89,996,919,-15.96042331,215,11775,0.001,0.0007081874646246433,0.00022185753914527595,-0.2806681990623474,6.789180755615234
199216,0.02,196.89,1000,920,-15.84343007,216,11825,0.001,0.00021860262495465577,0.0002219038869952783,-0.2371644675731659,0.20684438943862915
201600,0.02,196.89,1004,919,-15.749886609999999,219,11974,0.001,9.112608677241951e-05,0.00022182856628205627,-0.23924344778060913,-4.063286781311035
201600,0.02,196.89,1008,919,-15.749886609999999,219,,,,,,
201616,0.02,196.89,1012,919,-15.59859483,219,11975,0.001,0.0001778306032065302,0.00022167418501339853,-0.23618486523628235,-3.1425704956054688
202416,0.02,196.89,1016,919,-15.445683190000002,220,12025,0.001,0.00041757195140235126,0.0002195881970692426,-0.20080944895744324,-1.2563018798828125
203616,0.02,197.47,1020,918,-15.34561764,221,12100,0.001,0.00011950659973081201,0.00021833779464941472,-0.2292734682559967,-4.704785346984863
204800,0.02,197.47,1024,918,-15.13660223,222,12174,0.001,9.062502067536116e-05,0.00021334712801035494,-0.23325610160827637,-3.1331117153167725
204816,0.02,197.47,1028,918,-14.73438811,222,12175,0.001,0.00011532302596606314,0.00021332883625291288,-0.22254741191864014,-2.615318775177002
205616,0.02,197.47,1032,918,-14.6679955,223,12225,0.001,0.0002666354412212968,0.0002126479521393776,-0.2942797839641571,-2.6910529136657715
206480,0.03,196.52,1036,918,-14.605023469999999,224,12279,0.001,0.00016159452206920832,0.00021056857076473534,-0.20882003009319305,-2.835665225982666
208000,0.03,196.52,1040,917,-14.99381017,226,12374,0.001,9.399064583703876e-05,0.00020553192007355392,-0.1610787808895111,0.05174458026885986
208016,0.03,196.52,1044,917,-15.031811410000003,226,12375,0.001,0.00011267550144111738,0.00020543178834486753,-0.1705596148967743,-0.5060405135154724
208816,0.03,196.52,1048,917,-14.81197552,227,12425,0.001,0.0002407647843938321,0.00020335701992735267,-0.1370370239019394,-0.3978229761123657
209536,0.04,195.97,1052,917,-14.529531509999996,228,12470,0.001,0.00020070665050297976,0.00020174426026642323,-0.1868365854024887,2.852576494216919
211200,0.04,195.97,1056,917,-14.35792462,230,12574,0.001,0.00010461552301421762,0.0002008539013331756,-0.1401100903749466,-4.023639678955078
211216,0.04,195.97,1060,917,-14.336147640000002,230,12575,0.001,9.519185550743714e-05,0.0002008560113608837,-0.16443419456481934,-8.15774154663086
212016,0.04,195.97,1064,916,-14.224312019999998,231,12625,0.001,8.854341285768896e-05,0.00019949163834098727,-0.12105683982372284,4.948587894439697
212736,0.04,195.97,1068,916,-14.422411460000001,232,12670,0.001,0.00037428142968565226,0.00020090120960958302,-0.14346829056739807,0.8544378280639648
214400,0.04,195.97,1072,916,-14.334200559999998,233,12774,0.001,9.101744217332453e-05,0.00019888814131263644,-0.11331136524677277,5.115708827972412
214416,0.04,195.97,1076,916,-14.367480199999997,233,12775,0.001,8.802670345176011e-05,0.00019899873586837202,-0.13495175540447235,0.17627780139446259
215216,0.04,195.97,1080,916,-14.323341859999998,234,12825,0.001,0.000116893628728576,0.00019770790822803974,-0.119283527135849,-4.007162094116211
215936,0.03,197.46,1084,916,-14.504696320000003,235,12870,0.001,0.00018626029486767948,0.0001960789959412068,-0.10076840221881866,0.2634158134460449
217600,0.03,197.46,1088,916,-14.42095425,237,12974,0.001,0.00019904864893760532,0.00019287748727947474,-0.13558155298233032,0.019289255142211914
217616,0.03,197.46,1092,916,-14.364915430000002,237,12975,0.001,0.00010545623081270605,0.00019288853218313307,-0.08849860727787018,0.6654463410377502
218416,0.03,197.46,1096,915,-14.328112840000001,238,13025,0.001,9.959984163288027e-05,0.00018915934197138995,-0.08354002982378006,0.2814810276031494
219136,0.03,197.46,1100,915,-14.253016839999997,239,13070,0.001,0.00010690926865208894,0.0001873798610176891,-0.09579844772815704,-1.9777390956878662
220800,0.03,197.46,1104,915,-13.92047804,241,13174,0.001,6.64052931824699e-05,0.0001846974773798138,-0.07661057263612747,0.7184733748435974
220816,0.03,197.46,1108,915,-13.914844429999999,241,13175,0.001,0.00012813258217647672,0.00018472284136805683,-0.08344842493534088,0.7148745656013489
221616,0.03,197.46,1112,914,-13.833514869999998,242,13225,0.001,5.11002290295437e-05,0.0001829823013395071,-0.10708893835544586,-1.5614266395568848
222336,0.03,197.46,1116,914,-13.88962262,243,13270,0.001,0.00013864510401617736,0.0001898126065498218,-0.0627412423491478,4.593990325927734
224000,0.02,198.5,1120,914,-14.55448712,244,13374,0.001,7.5616488175001e-05,0.0001845904189394787,-0.06024670600891113,-2.2182135581970215
224016,0.02,198.5,1124,914,-14.555188789999999,244,13375,0.001,9.637743642088026e-05,0.00018447251932229847,-0.05253918096423149,-2.0795176029205322
224816,0.02,198.5,1128,914,-14.44072642,245,13425,0.001,5.043049168307334e-05,0.00017971576016861945,-0.05138988047838211,-1.873518466949463
225536,0.02,198.5,1132,914,-14.362782959999999,246,13470,0.001,5.6790719099808484e-05,0.00017746943922247738,-0.07126635313034058,-1.1050474643707275
227200,0.01,199.45,1136,913,-14.06703382,248,13574,0.001,7.35584762878716e-05,0.0001807018998079002,-0.07751895487308502,-3.2624268531799316
227216,0.01,199.45,1140,913,-14.05263943,248,13575,0.001,0.0001398143358528614,0.00018085860938299447,-0.043277889490127563,-1.5135051012039185
227808,0.02,198.86,1144,913,-13.518113379999997,249,13612,0.001,6.389281043084338e-05,0.0001826965162763372,-0.016901489347219467,-2.28558349609375
228656,0.02,198.86,1148,913,-14.25037185,250,13665,0.001,8.44505411805585e-05,0.0001903978263726458,-0.019064221531152725,-1.3193614482879639
230400,0.01,199.41,1152,913,-14.124659770000001,252,13774,0.001,0.00012885249452665448,0.00018330909369979054,-0.01462503895163536,-1.137255311012268
230416,0.01,199.41,1156,913,-14.213810310000003,252,13775,0.001,5.0970877055078745e-05,0.00018320913659408689,-0.005326829385012388,-2.6984152793884277
231008,0.01,199.41,1160,913,-14.27061177,252,13812,0.001,0.0001012907741824165,0.00018154586723539978,-0.0042305816896259785,-3.156930923461914
231856,0.01,199.41,1164,913,-14.348566499999999,253,13865,0.001,8.167594933183864e-05,0.00019160477677360177,0.016248520463705063,-9.580232620239258
233600,0.01,199.41,1168,913,-14.305528140000002,255,13974,0.001,0.00015364258433692157,0.00018317837384529412,0.004123506136238575,-11.816649436950684
233616,0.01,199.41,1172,913,-14.246950170000002,255,13975,0.001,0.00010431726695969701,0.00018311638268642128,0.0022192196920514107,-7.420573711395264
234208,0.01,199.41,1176,913,-14.075855850000003,256,14012,0.001,0.00046784011647105217,0.00018016123794950545,-0.02636062726378441,5.874202251434326
235056,0.01,199.41,1180,912,-13.988454480000003,257,14065,0.001,7.338218711083755e-05,0.00018018495757132769,0.004192403517663479,-6.3630475997924805
236800,0.01,199.41,1184,912,-13.9582061,259,14174,0.001,8.308841643156484e-05,0.00017306236259173602,0.0434255376458168,-1.5224934816360474
236816,0.01,199.41,1188,912,-13.74262915,259,14175,0.001,0.00015595025615766644,0.00017305344226770103,0.043738700449466705,-3.2774596214294434
237408,0.01,199.41,1192,912,-13.783196049999999,260,14212,0.001,0.00032325548818334937,0.0001784844498615712,0.04199465364217758,-12.058436393737793
238256,0.01,199.41,1196,911,-13.729078459999998,261,14265,0.001,9.822199353948236e-05,0.00018370075849816203,0.03521758317947388,-4.2590179443359375
240000,0.01,199.41,1200,911,-14.247718180000003,263,14374,0.001,6.637607293669134e-05,0.00017812327132560313,0.04549797251820564,-0.6214704513549805
240016,0.01,199.41,1204,911,-14.129142050000006,263,14375,0.001,5.870450331713073e-05,0.00017816285253502429,0.059633009135723114,-0.3274177610874176
240608,0.01,199.41,1208,911,-14.190131610000003,263,14412,0.001,6.666441913694143e-05,0.00017478421796113253,0.07301947474479675,-3.4220311641693115
241456,0.01,199.41,1212,911,-14.163977020000003,264,14465,0.001,0.00011077548697357997,0.00017176437540911138,0.061536755412817,-1.11716890335083
243200,0.02,199.18,1216,910,-13.89598974,266,14574,0.001,8.538688416592777e-05,0.00016855208377819508,0.07952295243740082,-0.4106450378894806
243216,0.02,199.18,1220,910,-13.75653033,266,14575,0.001,5.494551805895753e-05,0.00016847187362145633,0.047303952276706696,-2.3331315517425537
243808,0.02,199.18,1224,910,-13.82107548,267,14612,0.001,4.732290835818276e-05,0.00016514986054971814,0.06098315864801407,-6.046029090881348
244656,0.02,199.18,1228,910,-13.997260179999998,268,14665,0.001,6.347573798848316e-05,0.00016077277541626245,0.03269599378108978,-2.277036190032959
246400,0.02,199.18,1232,910,-14.445774120000001,270,14774,0.001,6.95429916959256e-05,0.00015983503544703126,0.07993635535240173,1.7594774961471558
246416,0.02,199.18,1236,910,-14.5762997,270,14775,0.001,6.698572542518377e-05,0.00015986186917871237,0.06603088974952698,-1.1906927824020386
247008,0.02,199.18,1240,910,-14.349982489999997,271,14812,0.001,4.750294465338811e-05,0.00015855065430514514,0.10202643275260925,-0.7578558325767517
247856,0.01,199.77,1244,910,-14.553762319999999,272,14865,0.001,3.962472328566946e-05,0.00015797742526046932,0.08196662366390228,1.3238542079925537
249600,0.01,199.77,1248,910,-13.711569100000002,274,14974,0.001,7.563199324067682e-05,0.0001546074781799689,0.09286695718765259,-3.8916423320770264
249616,0.01,199.77,1252,910,-13.741582740000004,274,14975,0.001,0.0003193102893419564,0.00015451743092853576,0.07452179491519928,-3.2981505393981934
250208,0.01,199.77,1256,910,-14.01192079,274,15012,0.001,5.623235119855963e-05,0.00015450151113327593,0.04344137758016586,-6.420473098754883
251056,0.01,199.77,1260,909,-14.068686679999999,275,15065,0.001,9.402933937963098e-05,0.0001553402398712933,0.08161561191082001,-7.212836742401123
252800,0.01,199.77,1264,910,-13.617970989999998,277,15174,0.001,0.00013630188186652958,0.00016214967763517052,0.06922684609889984,16.836589813232422
252816,0.01,199.77,1268,910,-13.92046964,277,15175,0.001,5.4931115300860256e-05,0.0001624533615540713,0.0944565087556839,21.799388885498047
253408,0.01,199.77,1272,910,-13.618329609999998,278,15212,0.001,5.9161375247640535e-05,0.00016417483857367188,0.1090557873249054,-2.5072731971740723
254256,0.02,199.42,1276,910,-13.702464849999997,279,15265,0.001,6.962574843782932e-05,0.00016152398893609643,0.07894954830408096,-5.58933162689209
256000,0.02,199.42,1280,910,-13.681172079999996,281,15374,0.001,7.359583105426282e-05,0.00015394114598166198,0.10899940133094788,-2.696078062057495
256016,0.02,199.42,1284,910,-13.537253269999999,281,15375,0.001,4.8745198000688106e-05,0.000153925153426826,0.08739592134952545,-2.445261001586914
256608,0.02,199.42,1288,910,-13.733802430000003,281,15412,0.001,7.41115800337866e-05,0.00015331656322814524,0.11880101263523102,2.4930341243743896
257456,0.02,199.42,1292,910,-13.632384709999998,282,15465,0.001,3.661222581285983e-05,0.0001543097896501422,0.09403301775455475,-4.802511692047119
259200,0.02,199.42,1296,911,-13.880498359999997,284,15574,0.001,4.3940264731645584e-05,0.00015017746773082763,0.10472768545150757,-1.6915853023529053
259216,0.02,199.42,1300,911,-13.910195819999998,284,15575,0.001,0.00013051644782535732,0.00015014497330412269,0.1560382843017578,1.7708301544189453
259808,0.02,199.42,1304,911,-13.52073178,285,15612,0.001,7.730870129307732e-05,0.00014835964248050004,0.12198419868946075,-1.8275210857391357
260656,0.02,199.42,1308,910,-13.48793939,286,15665,0.001,8.4820254414808e-05,0.00015221124340314418,0.1453627496957779,0.3174675703048706
262400,0.01,199.65,1312,910,-13.853526380000003,288,15774,0.001,4.19364296249114e-05,0.00016062443319242448,0.12638995051383972,-4.56041145324707
262416,0.01,199.65,1316,910,-13.831455519999999,288,15775,0.001,4.784231714438647e-05,0.0001605195429874584,0.16057085990905762,-4.221900463104248
263008,0.01,199.65,1320,910,-13.410174639999997,288,15812,0.001,6.72520327498205e-05,0.00015697107301093638,0.1452810913324356,-0.7740721702575684
263856,0.01,199.65,1324,910,-13.494737720000003,289,15865,0.001,0.00025281228590756655,0.00016292891814373434,0.14654162526130676,-1.5593229532241821
265600,0.01,199.65,1328,910,-13.532726330000004,291,15974,0.001,2.634550037328154e-05,0.0001615002693142742,0.13712924718856812,1.9633539915084839
265616,0.01,199.65,1332,910,-13.136338660000002,291,15975,0.001,3.0104301913524978e-05,0.0001614927314221859,0.15861982107162476,1.6347784996032715
266208,0.01,199.65,1336,910,-13.054405430000001,292,16012,0.001,5.643470285576768e-05,0.0001602656120667234,0.12776249647140503,1.4364471435546875
267056,0.01,199.65,1340,909,-13.082854630000003,293,16065,0.001,0.00022503823856823146,0.0001580211246619001,0.12490164488554001,-4.496499061584473
268800,0.01,199.65,1344,909,-13.582579149999999,295,16174,0.001,4.3570722482400015e-05,0.00015173947031144053,0.1351047158241272,-1.7660295963287354
268816,0.01,199.65,1348,909,-13.645915519999999,295,16175,0.001,5.106280877953395e-05,0.00015172096027527004,0.14445903897285461,-4.472934722900391
269408,0.01,199.65,1352,909,-13.590075910000001,296,16212,0.001,6.340171239571646e-05,0.0001533181784907356,0.17780239880084991,-2.6225690841674805
270256,0.01,199.65,1356,909,-13.49761906,297,16265,0.001,7.035740418359637e-05,0.00015673786401748657,0.1511678397655487,-0.0551011860370636
272000,0.01,199.65,1360,908,-13.93719704,299,16374,0.001,4.184122371952981e-05,0.00016335646796505898,0.1531992405653,-4.649501800537109
272016,0.01,199.65,1364,908,-14.144010600000001,299,16375,0.001,3.060607559746131e-05,0.00016332950326614082,0.18298326432704926,-6.82020378112793
272608,0.01,199.65,1368,908,-14.32803941,299,16412,0.001,3.800893318839371e-05,0.00015983001503627747,0.17478123307228088,-5.277304649353027
273440,0.02,198.18,1372,908,-14.255385890000003,300,16464,0.001,8.794594032224268e-05,0.00015559363237116486,0.1895286589860916,4.546909809112549
275200,0.01,198.53,1376,908,-14.639764190000001,302,16574,0.001,2.9681243177037686e-05,0.00015291004092432559,0.16576433181762695,-1.6245959997177124
275200,0.01,198.53,1380,908,-14.639764190000001,302,,,,,,
275808,0.01,198.53,1384,908,-15.026898390000001,303,16612,0.001,4.546526906779036e-05,0.00015092104149516672,0.18935641646385193,-2.935762882232666
276640,0.01,198.53,1388,908,-15.179200859999998,304,16664,0.001,4.500795330386609e-05,0.0001488633279222995,0.168888658285141,-5.012709617614746
278400,0.01,198.53,1392,908,-15.86324257,306,16774,0.001,3.55385709553957e-05,0.00014665846538264304,0.16313019394874573,-4.05364465713501
278400,0.01,198.53,1396,908,-15.86324257,306,,,,,,
279008,0.01,198.53,1400,908,-15.924546510000003,307,16812,0.001,0.00015774331404827535,0.00014472194015979767,0.19256097078323364,1.9135197401046753
279840,0.01,198.53,1404,908,-15.826655660000004,308,16864,0.001,0.00012056434934493154,0.00015409875777550042,0.19128486514091492,2.6106512546539307
281600,0.01,198.53,1408,908,-16.30467029,310,16974,0.001,5.600992153631523e-05,0.00015022989828139544,0.17992043495178223,-5.256441593170166
281600,0.01,198.53,1412,908,-16.30467029,310,,,,,,
282208,0.01,198.53,1416,908,-16.25544733,310,17012,0.001,2.8113667212892324e-05,0.00014785751409363002,0.1909988522529602,-3.8645551204681396
283040,0.01,198.53,1420,907,-16.39840974,311,17064,0.001,4.3181542423553765e-05,0.0001469262788305059,0.20116005837917328,5.3030219078063965
284432,0.02,197.43,1424,907,-16.190584360000003,313,17151,0.001,5.29517637914978e-05,0.00014279068273026496,0.19055528938770294,-4.980423927307129
284800,0.02,197.43,1428,907,-15.580030140000002,313,17174,0.001,4.139107477385551e-05,0.00014116064994595945,0.18666061758995056,-6.499329090118408
285408,0.02,197.43,1432,907,-15.63678318,314,17212,0.001,0.02694094181060791,0.00013948041305411607,0.1869688332080841,3.4164319038391113
286240,0.02,197.43,1436,907,-16.141344920000005,315,17264,0.001,0.00014234331320039928,0.00015441328287124634,0.22488242387771606,-12.004701614379883
287632,0.02,197.43,1440,907,-16.287807830000002,317,17351,0.001,7.259086123667657e-05,0.00014832992746960372,0.2176045924425125,-4.99329137802124
288000,0.02,197.43,1444,907,-16.69209894,317,17374,0.001,4.1886636608978733e-05,0.00014651908713858575,0.22437435388565063,-0.057085633277893066
288608,0.02,197.43,1448,907,-16.68974238,318,17412,0.001,7.218954851850867e-05,0.00014570658095180988,0.19172722101211548,4.982919692993164
289440,0.02,197.43,1452,907,-16.56102406,319,17464,0.001,4.7904042730806395e-05,0.0001438019535271451,0.23015548288822174,-4.723949432373047
290832,0.02,197.43,1456,907,-16.441008810000003,320,17551,0.001,5.656791472574696e-05,0.0001389145036228001,0.24417154490947723,-0.6184871196746826
291200,0.02,197.43,1460,907,-16.35875354,321,17574,0.001,9.962462354451418e-05,0.00013796667917631567,0.24580830335617065,-2.0491909980773926
291808,0.02,197.43,1464,906,-16.111090439999998,321,17612,0.001,6.521886825794354e-05,0.0001372055266983807,0.2248338758945465,-5.363582611083984
292640,0.02,197.43,1468,906,-15.996574990000001,322,17664,0.001,5.1081631681881845e-05,0.00013569228758569807,0.20832332968711853,-2.16740083694458
292896,0.02,196.91,1472,906,-15.8450403,323,17680,0.001,2.23506212932989e-05,0.00013514560123439878,0.23609288036823273,-2.4052324295043945
294400,0.03,196.03,1476,906,-15.03097086,324,17774,0.001,4.141665340284817e-05,0.0001376016589347273,0.21850639581680298,-2.8082871437072754
294416,0.04,194.04,1480,906,-14.86655285,324,17775,0.001,0.008996030315756798,0.0001376206782879308,0.23478379845619202,-1.7708079814910889
295216,0.04,194.04,1484,906,-14.461940259999997,325,17825,0.001,5.093598520033993e-05,0.0001360143651254475,0.23141221702098846,-0.9062223434448242
295856,0.04,194.04,1488,906,-14.431679679999997,326,17865,0.001,5.290386616252363e-05,0.00013427638623397797,0.25348785519599915,-2.4319090843200684
297600,0.04,194.04,1492,906,-14.433721170000002,328,17974,0.001,2.6666544727049768e-05,0.00013708377082366496,0.21313869953155518,2.1493325233459473
297616,0.04,194.04,1496,906,-14.48444002,328,17975,0.001,3.3283828088315204e-05,0.0001370655809296295,0.21406802535057068,-0.6375318169593811
298416,0.04,194.04,1500,906,-14.336075729999997,329,18025,0.001,2.6517143851378933e-05,0.00013504164235200733,0.24845492839813232,-3.451345920562744
299056,0.04,194.04,1504,906,-14.210383109999999,330,18065,0.001,7.503527740482241e-05,0.00013291023788042367,0.27315956354141235,14.423686981201172
300800,0.04,194.04,1508,905,-13.898742610000005,332,18174,0.001,5.213769691181369e-05,0.00014081012341193855,0.259990394115448,-0.7966047525405884
300816,0.04,194.04,1512,905,-14.21672105,332,18175,0.001,2.5905101210810244e-05,0.00014078502135816962,0.25199320912361145,2.0634074211120605
301616,0.04,194.04,1516,905,-14.247146060000002,333,18225,0.001,0.00012244057143107057,0.00013829547970090061,0.259099543094635,17.94269561767578
302256,0.04,194.04,1520,905,-14.447431910000002,333,18265,0.001,3.089616075158119e-05,0.00014048525190446526,0.25884586572647095,4.049361705780029
304000,0.03,195.14,1524,905,-14.780204539999998,335,18374,0.001,0.00010933780868072063,0.00013449758989736438,0.24959638714790344,-0.41656970977783203
304016,0.03,195.14,1528,905,-14.78928069,335,18375,0.001,0.00014304762589745224,0.0001344539923593402,0.22788643836975098,-3.6010665893554688
304816,0.03,195.14,1532,905,-14.764984830000001,336,18425,0.001,0.0003691237943712622,0.00013381731696426868,0.2639404833316803,-0.9336458444595337
305456,0.03,195.14,1536,905,-14.42627941,337,18465,0.001,7.280991121660918e-05,0.00013981216761749238,0.2649405002593994,-11.095279693603516
307200,0.03,195.14,1540,905,-13.99295161,339,18574,0.001,5.05685675307177e-05,0.0001311947708018124,0.2218087911605835,-1.8423224687576294
307216,0.03,195.14,1544,905,-13.777145709999997,339,18575,0.001,8.379785140277818e-05,0.00013116125774104148,0.2645607888698578,1.305173635482788
308016,0.03,195.14,1548,905,-13.659529899999997,340,18625,0.001,3.3815398637671024e-05,0.00012899165449198335,0.24337273836135864,-0.6154475212097168
308656,0.04,195.04,1552,905,-13.853141799999998,341,18665,0.001,6.644558743573725e-05,0.0001282704615732655,0.26129209995269775,-3.017448902130127
310400,0.04,195.04,1556,904,-13.961387150000002,343,18774,0.001,3.0499348213197663e-05,0.00012637603504117578,0.2675439119338989,-2.0020463466644287
310416,0.04,195.04,1560,904,-13.840048000000001,343,18775,0.001,2.2817754143034108e-05,0.0001263396261492744,0.22919440269470215,-4.398207664489746
311216,0.04,195.04,1564,904,-13.94141916,343,18825,0.001,4.366169741842896e-05,0.00012462753511499614,0.2271406054496765,-1.3016204833984375
311856,0.04,195.04,1568,904,-13.87357358,344,18865,0.001,6.425852188840508e-05,0.00012420253187883645,0.27635934948921204,9.033474922180176
313600,0.02,197.91,1572,904,-14.253903690000001,346,18974,0.001,4.785050259670243e-05,0.00013075984315946698,0.25358372926712036,-3.2103724479675293
313616,0.02,197.91,1576,904,-14.354128320000003,346,18975,0.001,3.4253200283274055e-05,0.00013070572458673269,0.24608168005943298,0.9795352220535278
314416,0.02,197.91,1580,904,-14.4271555,347,19025,0.001,5.47474883205723e-05,0.0001284333848161623,0.30522388219833374,-1.059414267539978
315056,0.01,199.9,1584,904,-14.766562239999999,348,19065,0.001,2.5158235075650737e-05,0.0001266490580746904,0.2786409258842468,-2.712686538696289
316800,0.01,199.9,1588,904,-14.546563639999999,350,19174,0.001,5.9673042414942756e-05,0.00012261945812497288,0.25198280811309814,2.3236660957336426
316816,0.01,199.9,1592,904,-14.456241,350,19175,0.001,5.592870729742572e-05,0.0001226171152666211,0.27684950828552246,0.5803371667861938
317616,0.01,199.9,1596,904,-14.199063030000001,351,19225,0.001,2.9413271477096714e-05,0.00012097461149096489,0.26238006353378296,-4.470787525177002
318256,0.01,199.9,1600,904,-13.971793560000002,352,19265,0.001,4.3841904698638245e-05,0.00011913292109966278,0.24555914103984833,-3.6334662437438965
320000,0.01,199.9,1604,904,-14.1200633,353,19374,0.001,3.307621227577329e-05,0.00011837718193419278,0.2718925476074219,1.2924091815948486
320016,0.01,199.9,1608,904,-13.969976609999998,353,19375,0.001,2.837638749042526e-05,0.00011838508362416178,0.264386385679245,-1.2450170516967773
320816,0.01,199.9,1612,903,-13.669649659999997,354,19425,0.001,3.8151505577843636e-05,0.00012057631101924926,0.22065281867980957,-4.76792573928833
321456,0.01,199.9,1616,903,-13.23156848,355,19465,0.001,3.3489224733784795e-05,0.00012029319623252377,0.3118554949760437,-3.748605966567993
323200,0.01,199.9,1620,903,-12.704014520000001,357,19574,0.001,4.763885590364225e-05,0.00011519943655002862,0.23740312457084656,-5.6514363288879395
323216,0.01,199.9,1624,903,-12.774189759999995,357,19575,0.001,6.0505131841637194e-05,0.0001151868054876104,0.26090770959854126,1.3168270587921143
324016,0.01,199.9,1628,903,-13.31741252,358,19625,0.001,2.9273291147546843e-05,0.00011523284047143534,0.26850080490112305,-1.2777799367904663
324656,0.01,199.9,1632,903,-13.376238840000001,359,19665,0.001,2.8247433874639682e-05,0.00011439530499046668,0.24171558022499084,-3.778193712234497
326400,0.01,199.9,1636,903,-13.73907921,361,19774,0.001,4.172467379248701e-05,0.00011362226359779015,0.2926638126373291,30.689258575439453
326416,0.01,199.9,1640,903,-13.54210624,361,19775,0.001,6.46219341433607e-05,0.00011386003461666405,0.27072620391845703,36.941810607910156
327216,0.01,199.9,1644,903,-13.449360279999999,362,19825,0.001,0.0002621767343953252,0.00011905637074960396,0.3090638220310211,3.3696532249450684
327856,0.01,199.9,1648,903,-13.69124531,363,19865,0.001,4.3362797441659495e-05,0.00011817674385383725,0.2731130123138428,-7.339452743530273
329600,0.0,200.0,1652,903,-14.079749969999998,364,19974,0.001,7.675738743273541e-05,0.00011387099948478863,0.2557280659675598,3.7351016998291016
329616,0.0,200.0,1656,903,-14.28651656,365,19975,0.001,7.448022370226681e-05,0.00011391803127480671,0.2892536520957947,3.075270414352417
330416,0.0,200.0,1660,902,-14.38997883,365,20025,0.001,3.830507193924859e-05,0.00011340530909365043,0.29969581961631775,0.7874583601951599
331056,0.0,200.0,1664,902,-14.513712069999999,366,20065,0.001,6.0792699514422566e-05,0.00011192356032552198,0.2972283363342285,10.132098197937012
332432,0.01,198.94,1668,902,-14.02051054,368,20151,0.001,2.4223252694355324e-05,0.00011168280616402626,0.2782098054885864,-1.8849589824676514
332816,0.01,198.94,1672,902,-14.062936950000001,368,20175,0.001,3.236810152884573e-05,0.00011123212607344612,0.2800460755825043,-1.2912789583206177
333616,0.01,198.94,1676,902,-14.03017838,369,20225,0.001,5.016784416511655e-05,0.0001134940393967554,0.3000389635562897,-1.1665887832641602
334256,0.01,198.94,1680,902,-13.86897687,370,20265,0.001,5.679151581716724e-05,0.00011276331497356296,0.27463147044181824,-2.3779749870300293
335632,0.01,198.94,1684,902,-13.765739480000002,371,20351,0.001,4.1432118450757116e-05,0.00011769525735871866,0.29779642820358276,-5.952791213989258
336016,0.01,198.94,1688,902,-13.38431144,372,20375,0.001,6.347514863591641e-05,0.00011675105633912608,0.281960666179657,1.2083122730255127
336816,0.01,198.94,1692,902,-13.430940640000001,373,20425,0.001,0.00010041362111223862,0.00011682957119774073,0.33320683240890503,0.3689754009246826
337456,0.01,198.94,1696,902,-13.81499571,373,20465,0.001,7.833411655155942e-05,0.00011768189142458141,0.3095342218875885,-1.3176792860031128
338832,0.01,198.94,1700,902,-14.08421527,375,20551,0.001,3.715623097377829e-05,0.0001287851482629776,0.3316698670387268,6.09321403503418
339216,0.01,198.94,1704,902,-14.517163300000002,375,20575,0.001,7.951472070999444e-05,0.00012946897186338902,0.2586880624294281,-4.150462627410889
340016,0.01,198.94,1708,902,-14.477839079999999,376,20625,0.001,5.439730011858046e-05,0.00013001513434574008,0.2884834110736847,-4.225058555603027
340656,0.01,198.94,1712,902,-14.42917353,377,20665,0.001,7.738298154436052e-05,0.00012789534230250865,0.2620144486427307,-0.3715707063674927
342032,0.01,198.94,1716,901,-14.41676092,379,20751,0.001,3.7605052057188004e-05,0.00012675697507802397,0.2994457483291626,0.09466880559921265
342400,0.02,196.95,1720,901,-14.532434689999997,379,20774,0.001,5.766401227447204e-05,0.00012588802201207727,0.3033946752548218,0.5621722936630249
343008,0.02,196.95,1724,901,-14.616020630000003,380,20812,0.001,9.764492278918624e-05,0.0001251530193258077,0.3081860840320587,-3.7776427268981934
343840,0.02,196.95,1728,901,-14.09960796,381,20864,0.001,0.00010272331564920023,0.00012319578672759235,0.31476908922195435,-1.249091386795044
345008,0.02,196.95,1732,901,-13.93695334,382,20937,0.001,4.1587984014768153e-05,0.00012104546476621181,0.24600958824157715,-6.640073776245117
345600,0.02,196.95,1736,901,-13.391586590000001,383,20974,0.001,0.00017458692309446633,0.00011920178803848103,0.31905657052993774,10.077865600585938
346208,0.02,196.95,1740,901,-13.22382413,383,21012,0.001,9.493321704212576e-05,0.0001273311354452744,0.32110291719436646,-0.8177105188369751
347040,0.02,196.95,1744,901,-12.947905470000002,384,21064,0.001,0.00011875804921146482,0.00012604081712197512,0.2967301905155182,-1.7259330749511719
348208,0.02,196.95,1748,901,-12.856880409999999,386,21137,0.001,4.3143678340129554e-05,0.00012412389332894236,0.28382474184036255,-1.1326916217803955
348800,0.02,196.95,1752,901,-12.809185110000001,386,21174,0.001,2.9303511837497354e-05,0.00012303270341362804,0.30445754528045654,-1.9329744577407837
348832,0.03,194.96,1756,901,-12.26821705,387,21176,0.001,2.2593318135477602e-05,0.00012296432396396995,0.29830729961395264,-2.6655585765838623
350096,0.03,194.96,1760,901,-12.716770679999998,388,21255,0.001,5.402666283771396e-05,0.00012212626461405307,0.2853776812553406,-4.010828495025635
350496,0.03,194.96,1764,901,-12.615177450000001,388,21280,0.001,3.0768402211833745e-05,0.00012192063149996102,0.27369195222854614,-2.072848081588745
352000,0.03,194.69,1768,901,-12.74602449,390,21374,0.001,9.647565457271412e-05,0.00012440963473636657,0.30880916118621826,1.0057878494262695
352032,0.03,194.69,1772,901,-12.745684299999999,390,21376,0.001,4.468550469027832e-05,0.00012438044359441847,0.28953617811203003,2.802919626235962
352816,0.04,192.7,1776,901,-12.479229959999998,391,21425,0.001,4.7107569116633385e-05,0.00012584372598212212,0.2730584740638733,-2.077354669570923
353504,0.04,192.7,1780,901,-12.65922953,392,21468,0.001,5.1903836720157415e-05,0.00012888418859802186,0.31643420457839966,-11.783589363098145
354848,0.04,192.7,1784,901,-13.252533060000003,393,21552,0.001,6.599767948500812e-05,0.00013035668234806508,0.2843092381954193,-2.407620429992676
355216,0.05,191.8,1788,901,-13.3042426,394,21575,0.001,9.435301763005555e-05,0.00013019492325838655,0.28579604625701904,-0.8062231540679932
355824,0.05,191.8,1792,900,-13.60094235,394,21613,0.001,3.545400977600366e-05,0.00012919293658342212,0.3085179030895233,-1.083577036857605
356704,0.05,191.8,1796,900,-13.23214372,395,21668,0.001,3.623362863436341e-05,0.00012579704343806952,0.31661278009414673,-4.103121757507324
358048,0.05,191.8,1800,900,-12.83420322,397,21752,0.001,0.00012080475426046178,0.0001235085801454261,0.3273453712463379,23.14431381225586
358416,0.05,191.8,1804,901,-12.218864319999998,397,21775,0.001,6.74542534397915e-05,0.0001266943581867963,0.32324349880218506,-7.364030361175537
359024,0.05,191.8,1808,900,-12.169711210000003,398,21813,0.001,5.419168155640364e-05,0.00012597579916473478,0.3151403069496155,-6.509584903717041
359696,0.06,190.26,1812,901,-12.071341130000002,399,21855,0.001,6.315876089502126e-05,0.00012522023462224752,0.307495653629303,5.286712646484375
361008,0.06,190.26,1816,900,-12.034430569999998,400,21937,0.001,0.00011516204540384933,0.00012485678598750383,0.3197587728500366,-8.048848152160645
361600,0.05,192.25,1820,900,-12.00447015,401,21974,0.001,0.016153685748577118,0.00012184763909317553,0.3010960817337036,6.484521389007568
362224,0.05,192.25,1824,900,-11.857203870000001,402,22013,0.001,3.4033604606520385e-05,0.00012704476830549538,0.3193032145500183,-3.802046775817871
362896,0.05,192.25,1828,900,-11.794346359999997,402,22055,0.001,5.590733780991286e-05,0.0001300437725149095,0.3405344486236572,8.012144088745117
364208,0.05,192.25,1832,900,-11.71280943,404,22137,0.001,5.1023889682255685e-05,0.00012809247709810734,0.29521846771240234,-7.029544353485107
364800,0.05,192.25,1836,900,-11.89410763,405,22174,0.001,9.708075231174007e-05,0.0001244279119418934,0.3124048113822937,-2.2235569953918457
365424,0.05,192.25,1840,900,-12.199661560000003,405,22213,0.001,8.42777662910521e-05,0.00012374190555419773,0.33776620030403137,6.1195502281188965
365936,0.06,190.76,1844,900,-12.125498229999998,406,22245,0.001,4.731435910798609e-05,0.00012443680316209793,0.3162509500980377,-0.31163257360458374
367312,0.06,190.76,1848,901,-12.10954293,407,22331,0.001,4.9725465942174196e-05,0.00012396927922964096,0.294029176235199,-4.750319004058838
368000,0.06,190.76,1852,900,-12.24399519,408,22374,0.001,8.844345575198531e-05,0.0001212333154398948,0.34386351704597473,2.4639201164245605
368624,0.05,192.75,1856,900,-12.235771929999999,409,22413,0.001,4.144144259043969e-05,0.00012049607903463766,0.3031112253665924,-4.776889324188232
369136,0.05,192.75,1860,900,-11.38730324,409,22445,0.001,0.00013672008935827762,0.00011937721137655899,0.32514435052871704,0.3268625736236572
370512,0.05,192.75,1864,900,-11.230014190000002,411,22531,0.001,6.473221583291888e-05,0.00012439170677680522,0.2764967381954193,-7.5177998542785645
371200,0.04,194.08,1868,900,-11.076619979999998,412,22574,0.001,0.00015155336586758494,0.00012346619041636586,0.35038140416145325,19.386932373046875
371824,0.04,194.08,1872,901,-11.056541929999998,412,22613,0.001,0.00015510726370848715,0.00012943688489031047,0.2874879837036133,-0.9276112914085388
372336,0.03,196.07,1876,901,-11.279993860000005,413,22645,0.001,9.809540642891079e-05,0.0001346161589026451,0.2742915153503418,-2.283665895462036
373712,0.03,196.07,1880,901,-11.295890829999998,414,22731,0.001,3.189656854374334e-05,0.00013080523058306426,0.32216498255729675,-1.258076548576355
374400,0.03,196.07,1884,901,-10.902817200000001,415,22774,0.001,4.933419404551387e-05,0.00012829824117943645,0.32424479722976685,-2.788990020751953
375024,0.02,196.97,1888,901,-11.085671210000001,416,22813,0.001,3.367700264789164e-05,0.00012578278256114572,0.2969892621040344,-5.113428115844727
375536,0.02,196.97,1892,901,-10.840424920000002,416,22845,0.001,7.993915642146021e-05,0.00012527566286735237,0.31053653359413147,-1.7167465686798096
376912,0.02,196.97,1896,900,-10.625880480000001,418,22931,0.001,5.091533239465207e-05,0.0001230868074344471,0.3155668377876282,-5.128060340881348
377312,0.04,194.29,1900,900,-10.301560920000004,418,22956,0.001,3.9625392673769966e-05,0.00012120521569158882,0.3195936679840088,-3.299133062362671
377632,0.04,194.29,1904,900,-10.446084500000001,419,22976,0.001,6.536503497045487e-05,0.0001201052000396885,0.2978598177433014,-1.7236881256103516
378432,0.04,194.29,1908,900,-10.66164235,420,23026,0.001,0.012140758335590363,0.00012246354890521616,0.26877734065055847,16.575748443603516
379296,0.03,195.83,1912,900,-10.946662739999999,421,23080,0.001,4.4934859033674e-05,0.0001260967255802825,0.31047171354293823,21.484325408935547
380512,0.03,195.83,1916,900,-11.10356002,422,23156,0.001,5.021324614062905e-05,0.00012470720685087144,0.33126401901245117,-4.950499057769775
380832,0.03,195.83,1920,900,-11.459261499999998,422,23176,0.001,4.089643698534928e-05,0.00012389400217216462,0.31810152530670166,0.4159562587738037
381632,0.03,195.83,1924,900,-11.8926412,423,23226,0.001,2.9821767384419218e-05,0.00012331345351412892,0.30802351236343384,-2.3255257606506348
382496,0.03,195.83,1928,900,-12.019737029999998,424,23280,0.001,7.404594362014905e-05,0.00012118221638957039,0.34034672379493713,-2.5046041011810303
383712,0.03,195.83,1932,900,-12.182737810000003,426,23356,0.001,3.143806679872796e-05,0.00012156523735029623,0.3275110423564911,3.32558536529541
384032,0.03,195.83,1936,900,-12.190428509999998,426,23376,0.001,8.909516327548772e-05,0.00012110342504456639,0.30548086762428284,-5.709869861602783
384832,0.03,195.83,1940,900,-12.168665939999999,427,23426,0.001,0.00023954888456501067,0.00012469352805055678,0.34305647015571594,2.7301955223083496
385504,0.03,195.33,1944,900,-12.11994662,428,23468,0.001,5.404814874054864e-05,0.00012534056440927088,0.29912835359573364,0.2556965947151184
386864,0.03,195.33,1948,900,-11.878796280000001,429,23553,0.001,7.018449832685292e-05,0.00012640254863072187,0.3145909309387207,7.650299072265625
387200,0.03,195.33,1952,900,-11.82666723,430,23574,0.001,4.757737769978121e-05,0.00012724276166409254,0.2850781977176666,-8.794290542602539
387824,0.04,193.34,1956,900,-11.578169330000001,430,23613,0.001,5.074335786048323e-05,0.00012585164222400635,0.3097834289073944,-3.217592477798462
388512,0.04,193.34,1960,900,-11.49277811,431,23656,0.001,0.0001366787328151986,0.00012523206532932818,0.2945048213005066,4.1986870765686035
389808,0.04,193.34,1964,900,-11.728449749999998,433,23737,0.001,0.00012414934462867677,0.00014281411131378263,0.3147273659706116,2.8903183937072754
390400,0.04,193.34,1968,900,-11.885200809999999,433,23774,0.001,5.8837504184339195e-05,0.00014203852333594114,0.30602437257766724,-3.7296299934387207
391024,0.04,193.34,1972,899,-11.904358269999998,434,23813,0.001,6.324433343252167e-05,0.00014167570043355227,0.3306712210178375,20.506174087524414
391712,0.04,193.34,1976,899,-12.074282710000002,435,23856,0.001,3.591816494008526e-05,0.00015011345385573804,0.3200015127658844,2.0808298587799072
393008,0.04,193.34,1980,899,-12.14960097,436,23937,0.001,3.220831786165945e-05,0.00014592253137379885,0.28867366909980774,-6.087519645690918
393600,0.04,193.34,1984,899,-12.081815489999999,437,23974,0.001,5.038432209403254e-05,0.00014299017493613064,0.3611425757408142,-2.3608336448669434
394224,0.04,193.34,1988,899,-12.368745720000001,438,24013,0.001,6.011339428368956e-05,0.0001397684245603159,0.32003355026245117,-1.0294535160064697
394912,0.05,193.26,1992,899,-12.19981246,438,24056,0.001,6.012468656990677e-05,0.00014014724001754075,0.30986732244491577,-5.333881378173828
396208,0.05,193.26,1996,899,-12.347782380000002,440,24137,0.001,0.00010058757470687851,0.0001382953632855788,0.35032278299331665,56.163421630859375
396800,0.03,195.94,2000,899,-12.874241790000001,441,24174,0.001,4.2508945625741035e-05,0.00014589833153877407,0.3067615032196045,-11.499088287353516
397424,0.03,195.94,2004,899,-13.048491839999999,441,24213,0.001,7.957686466397718e-05,0.0001450686395401135,0.3425968885421753,-0.3044264316558838
398112,0.03,195.94,2008,899,-12.83141627,442,24256,0.001,0.00010849653335753828,0.00014363213267643005,0.31158992648124695,-2.603692054748535
399408,0.03,195.94,2012,899,-12.90232266,444,24337,0.001,3.391310747247189e-05,0.00014067160373087972,0.33294564485549927,-5.150746822357178
400000,0.04,193.95,2016,899,-12.556333010000001,444,24374,0.001,3.988654134445824e-05,0.000138769784825854,0.31136298179626465,-0.7963731288909912
400032,0.04,193.95,2020,899,-12.43667498,444,24376,0.001,4.048137634526938e-05,0.0001386893418384716,0.3329380750656128,-1.1603684425354004
401008,0.04,193.95,2024,899,-12.206287099999999,445,24437,0.001,4.643922147806734e-05,0.00013608767767436802,0.3166622519493103,-3.2931013107299805
402512,0.04,193.95,2028,899,-12.090658790000003,447,24531,0.001,3.465295230853371e-05,0.00013688427861779928,0.2943710684776306,-5.834946632385254
403200,0.04,193.95,2032,899,-12.514402710000002,448,24574,0.001,5.0664079026319087e-05,0.000133681227453053,0.31311243772506714,-1.0531734228134155
403232,0.04,193.95,2036,899,-12.07205721,448,24576,0.001,4.246882599545643e-05,0.00013360004231799394,0.3116157352924347,-4.077657699584961
404208,0.04,193.95,2040,898,-11.975367139999998,449,24637,0.001,0.00012131049152230844,0.00013018882600590587,0.34071892499923706,-0.8175032138824463
405712,0.03,195.94,2044,898,-12.261083769999997,451,24731,0.001,0.015427090227603912,0.000132730754557997,0.2900152802467346,4.942037582397461
406400,0.03,195.94,2048,898,-12.3352434,452,24774,0.001,3.9143335015978664e-05,0.00013298021804075688,0.319518506526947,-3.150951862335205
406432,0.03,195.94,2052,898,-12.095047079999999,452,24776,0.001,5.015619535697624e-05,0.0001329877122770995,0.3192938566207886,-1.1164801120758057
407408,0.02,197.93,2056,898,-12.381176600000002,453,24837,0.001,7.901354547357187e-05,0.00013069937995169312,0.31886112689971924,3.753579616546631
408912,0.02,197.93,2060,898,-12.54025897,455,24931,0.001,3.888080027536489e-05,0.00012776831863448024,0.30385100841522217,-7.165129661560059
409600,0.02,197.93,2064,898,-12.4703282,455,24974,0.001,3.6928326153429225e-05,0.00012448440247680992,0.305337131023407,-5.618427276611328
409632,0.02,197.93,2068,898,-12.396426369999999,455,24976,0.001,2.2378098947228864e-05,0.00012434592645149678,0.32666677236557007,-5.577614784240723
410608,0.02,197.93,2072,898,-12.292635999999998,457,25037,0.001,4.877765240962617e-05,0.0001212265997310169,0.3164201080799103,-3.2654361724853516
412112,0.02,197.93,2076,898,-12.04583219,458,25131,0.001,4.176866787020117e-05,0.00011771018034778535,0.291825532913208,-0.19115912914276123
412800,0.02,197.93,2080,898,-11.68789698,459,25174,0.001,0.00018190863193012774,0.00011696692672558129,0.3247934579849243,-1.7151999473571777
412832,0.02,197.93,2084,898,-11.871115980000003,459,25176,0.001,5.1733928557951e-05,0.00011691551480907947,0.3145943582057953,-0.7903749942779541
413808,0.02,197.93,2088,898,-11.523401439999997,460,25237,0.001,4.831703699892387e-05,0.0001159658349934034,0.356204628944397,-2.1689677238464355
415312,0.01,198.01,2092,898,-11.48447883,462,25331,0.001,8.362031076103449e-05,0.00011446623830124736,0.30537930130958557,-3.141632318496704
416000,0.01,198.01,2096,898,-11.44134959,463,25374,0.001,4.310970689402893e-05,0.000117376352136489,0.28998732566833496,-2.096360206604004
416032,0.01,198.01,2100,898,-11.219525249999998,463,25376,0.001,6.703820690745488e-05,0.00011737667955458164,0.3280313014984131,-4.5887451171875
417008,0.01,198.01,2104,898,-10.963177909999997,464,25437,0.001,3.901906165992841e-05,0.0001168429444078356,0.3030463457107544,1.7315372228622437
417696,0.02,196.02,2108,898,-11.7696865,465,25480,0.001,5.823142055305652e-05,0.00011688730592140928,0.31709426641464233,0.6380726099014282
418880,0.03,194.82,2112,898,-11.862282659999998,466,25554,0.001,0.00017386832041665912,0.000116247872938402,0.3305625915527344,-0.5089336037635803
419216,0.02,196.81,2116,897,-11.931032819999999,466,25575,0.001,0.00010762929741758853,0.00011773095320677385,0.29771292209625244,11.27645492553711
419952,0.02,196.81,2120,897,-12.104273189999999,467,25621,0.001,3.2530533644603565e-05,0.00012233095185365528,0.3241906464099884,-2.2285895347595215
420896,0.02,196.81,2124,897,-11.904060960000002,468,25680,0.001,4.063123924424872e-05,0.00012042232265230268,0.3108346462249756,-2.614001750946045
421904,0.03,196.68,2128,897,-11.967953810000004,469,25743,0.001,3.2096784707391635e-05,0.00011752218415495008,0.2905668616294861,-4.678390026092529
422416,0.03,196.68,2132,897,-11.777851240000002,470,25775,0.001,4.957750570611097e-05,0.00011578395060496405,0.3414093852043152,1.0739953517913818
423152,0.03,196.68,2136,897,-11.86970342,471,25821,0.001,9.978705202229321e-05,0.00011378491035429761,0.3014909625053406,0.3841117024421692
424096,0.03,196.68,2140,897,-11.81211393,472,25880,0.001,3.1395466066896915e-05,0.00011327680113026872,0.33339446783065796,-1.8687832355499268
425104,0.03,196.68,2144,897,-11.67316861,473,25943,0.001,3.3541360608069226e-05,0.00011212730169063434,0.2956351637840271,-6.497836112976074
425616,0.03,196.68,2148,897,-11.87867999,473,25975,0.001,3.692239260999486e-05,0.00011128644837299362,0.3145691156387329,-5.157837390899658
426352,0.03,196.68,2152,897,-11.916136769999998,474,26021,0.001,3.7519701436394826e-05,0.00010983667016262189,0.3455936014652252,-0.15629678964614868
427296,0.03,196.68,2156,897,-11.91434171,475,26080,0.001,3.436393308220431e-05,0.00010944822133751586,0.3490934669971466,2.631725311279297
428208,0.04,196.49,2160,897,-12.036427260000004,476,26137,0.001,5.986113319522701e-05,0.00011805688700405881,0.3417658805847168,3.7655277252197266
428816,0.04,196.49,2164,897,-12.00229359,477,26175,0.001,0.00014327796816360205,0.00012374049401842058,0.3370892405509949,27.29066276550293
429552,0.04,196.49,2168,897,-12.145993840000001,478,26221,0.001,4.827674274565652e-05,0.00012716827041003853,0.27480489015579224,-1.896409034729004
430496,0.04,196.49,2172,897,-12.21345955,479,26280,0.001,5.837978096678853e-05,0.0001255772222066298,0.3224145770072937,-5.906058311462402
431408,0.04,196.49,2176,897,-12.563702000000001,480,26337,0.001,5.467313894769177e-05,0.0001242444704985246,0.30240195989608765,-4.033533096313477
432016,0.04,196.49,2180,897,-12.761574540000002,481,26375,0.001,0.010762548074126244,0.0001227343309437856,0.3180273175239563,-2.785609483718872
432752,0.04,196.49,2184,897,-12.586341670000001,482,26421,0.001,0.00014417343481909484,0.00012216050527058542,0.3129531145095825,3.6934752464294434
433696,0.04,196.49,2188,897,-12.458275210000002,483,26480,0.001,6.345669680740684e-05,0.00012972259719390422,0.31262287497520447,8.07219409942627
434608,0.04,196.49,2192,897,-12.473812390000003,484,26537,0.001,3.567022577044554e-05,0.00013034809671808034,0.32964426279067993,1.484028935432434
435216,0.04,196.49,2196,897,-12.4821392,484,26575,0.001,0.00015386680024676025,0.0001286366314161569,0.3301551342010498,-3.720665454864502
435952,0.04,196.49,2200,897,-12.648179189999999,485,26621,0.001,0.00010017771273851395,0.00013138346548657864,0.3174721896648407,-3.6756746768951416
436704,0.05,194.98,2204,897,-12.654293070000001,486,26668,0.001,8.022881229408085e-05,0.00013130904699210078,0.30997931957244873,-1.6507084369659424
437792,0.04,196.97,2208,897,-11.902754320000001,487,26736,0.001,4.544679541140795e-05,0.00012828722537960857,0.30282455682754517,-5.937283515930176
438400,0.03,198.17,2212,897,-11.674298139999998,488,26774,0.001,9.695520566310734e-05,0.00012598445755429566,0.3541473150253296,7.962692737579346
439152,0.03,198.17,2216,897,-11.860283950000005,489,26821,0.001,4.4227708713151515e-05,0.0001266296167159453,0.333764910697937,3.0074257850646973
439904,0.03,198.17,2220,897,-11.526336440000001,490,26868,0.001,2.7065356334787793e-05,0.00012477143900468946,0.3101891577243805,-6.760916709899902
440992,0.03,198.17,2224,896,-11.496160739999999,491,26936,0.001,0.00013500923523679376,0.00012697790225502104,0.324336975812912,18.580381393432617
441600,0.02,198.3,2228,896,-11.63797398,492,26974,0.001,5.711440462619066e-05,0.00013071794819552451,0.3525376319885254,4.1023993492126465
442352,0.02,198.3,2232,896,-11.36726936,493,27021,0.001,6.440930883400142e-05,0.0001299127470701933,0.3211970627307892,-4.872260570526123
443104,0.02,198.3,2236,896,-11.35785619,494,27068,0.001,7.901086792116985e-05,0.0001280140713788569,0.2727521061897278,-1.456106424331665
444192,0.02,198.3,2240,896,-11.762400009999999,495,27136,0.001,3.124769136775285e-05,0.00012779756798408926,0.3157975673675537,-1.7781964540481567
444800,0.02,198.3,2244,896,-12.05726742,496,27174,0.001,3.3017833629855886e-05,0.00012593340943567455,0.34707221388816833,-2.195283889770508
445552,0.02,198.3,2248,896,-11.819725599999996,496,27221,0.001,8.91956951818429e-05,0.00012417315156199038,0.3526865839958191,-0.860785722732544
446304,0.02,198.3,2252,896,-11.7807384,497,27268,0.001,0.0001630196929909289,0.00012977109872736037,0.3376636505126953,25.29546356201172
447392,0.02,198.3,2256,896,-11.649230890000002,499,27336,0.001,2.6705458367359824e-05,0.00013638779637403786,0.3321760296821594,-1.6824262142181396
448000,0.01,198.49,2260,896,-11.643962669999999,499,27374,0.001,0.00011230653035454452,0.00013456045417115092,0.3421868681907654,6.928178787231445
448752,0.01,198.49,2264,896,-11.699413690000004,500,27421,0.001,0.01679590903222561,0.00013277417747303843,0.3697383403778076,-1.263376235961914
449408,0.02,196.5,2268,896,-11.39789404,501,27462,0.001,6.763206329196692e-05,0.0001331121748080477,0.32180631160736084,-1.9397741556167603
450576,0.02,196.5,2272,896,-11.430389380000001,502,27535,0.001,0.00023508848971687257,0.0001331115490756929,0.3534180521965027,42.590362548828125
451200,0.02,196.5,2276,896,-11.118767830000001,503,27574,0.001,4.056929537910037e-05,0.00014083550195209682,0.3096313774585724,-8.141946792602539
451232,0.02,196.5,2280,896,-10.799914570000004,503,27576,0.001,4.927886402583681e-05,0.00014054797065909952,0.32401981949806213,-5.139981746673584
452544,0.03,195.33,2284,896,-10.812339980000004,504,27658,0.001,7.184014248196036e-05,0.00013962121738586575,0.31733694672584534,7.283463478088379
453712,0.03,195.33,2288,896,-10.813281719999997,506,27731,0.001,8.276682638097554e-05,0.00013780441076960415,0.3236989974975586,-0.18085193634033203
453904,0.03,195.33,2292,896,-10.943241589999998,506,27743,0.001,7.987399294506758e-05,0.0001378995948471129,0.3183024525642395,-5.081017017364502
454432,0.03,195.33,2296,896,-10.94681715,507,27776,0.001,4.1813724237727e-05,0.00013718877744395286,0.2894904613494873,-4.919647693634033
455424,0.04,193.34,2300,896,-10.744716970000002,508,27838,0.001,7.91293423390016e-05,0.00013404582568909973,0.31547531485557556,-0.32281050086021423
456096,0.03,194.85,2304,896,-10.728399780000002,508,27880,0.001,0.00010312585800420493,0.00013357379066292197,0.3786287009716034,30.972627639770508
456992,0.04,194.33,2308,896,-10.538526549999998,509,27936,0.001,3.610048224800266e-05,0.00014696229482069612,0.278018593788147,-8.233185768127441
457600,0.04,194.33,2312,896,-10.58540365,510,27974,0.001,0.00013548406423069537,0.00014507444575428963,0.32603007555007935,-1.8569765090942383
458624,0.04,194.33,2316,896,-10.47819424,511,28038,0.001,5.641495590680279e-05,0.00014697559527121484,0.3286096751689911,-7.382091522216797
459296,0.04,194.33,2320,896,-11.059834559999999,512,28080,0.001,3.403437585802749e-05,0.0001432493736501783,0.3025401830673218,-8.442426681518555
460192,0.04,194.33,2324,896,-11.095348779999997,513,28136,0.001,0.0002670923713594675,0.0001385041541652754,0.32625460624694824,-5.131654262542725
460800,0.04,194.33,2328,896,-10.966774229999999,514,28174,0.001,6.795408262405545e-05,0.00014475369243882596,0.3302997350692749,4.480039596557617
461824,0.04,194.33,2332,896,-11.060198889999999,515,28238,0.001,8.455725037492812e-05,0.0001429124822607264,0.3237887918949127,-2.3380088806152344
462496,0.04,194.33,2336,896,-10.96896749,516,28280,0.001,6.334091449389234e-05,0.00014143392036203295,0.34342145919799805,-8.5111083984375
463392,0.04,194.33,2340,895,-11.087329379999998,517,28336,0.001,0.00010471446148585528,0.00013993741595186293,0.33905911445617676,10.851008415222168
464000,0.04,194.33,2344,895,-11.100910409999997,517,28374,0.001,0.0001129312367993407,0.00014271063264459372,0.3153820037841797,4.597988128662109
465024,0.04,194.33,2348,895,-11.0768017,519,28438,0.001,3.8634992961306125e-05,0.00014228405780158937,0.3302130699157715,-5.0779314041137695
465696,0.04,194.33,2352,895,-11.271029620000004,519,28480,0.001,7.171437027864158e-05,0.0001416276063537225,0.3578411936759949,8.190244674682617
466592,0.04,194.33,2356,895,-11.645376370000001,520,28536,0.001,2.7663687433232553e-05,0.00014161734725348651,0.2874707877635956,-7.3925395011901855
467200,0.04,194.33,2360,895,-11.603351019999998,521,28574,0.001,5.051505286246538e-05,0.0001389933458995074,0.30930426716804504,-2.5305094718933105
468224,0.04,194.33,2364,895,-11.53380639,522,28638,0.001,5.942533243796788e-05,0.00014123186701908708,0.322671502828598,-5.951234817504883
468896,0.03,196.32,2368,895,-11.802512599999998,523,28680,0.001,8.650025120005012e-05,0.0001378559391014278,0.3234192430973053,-7.959887981414795
469792,0.03,196.32,2372,895,-11.989934789999998,524,28736,0.001,6.926570495124906e-05,0.00013352539099287242,0.306477427482605,-5.189335823059082
470400,0.03,196.32,2376,895,-12.19219912,525,28774,0.001,0.00011340640776325017,0.00013146380661055446,0.3508372902870178,-2.6884124279022217
471424,0.03,196.32,2380,895,-12.365573220000002,526,28838,0.001,0.00010570503218332306,0.0001279761054320261,0.29801368713378906,-7.046936511993408
472096,0.02,197.49,2384,895,-12.39785054,527,28880,0.001,5.1190210797358304e-05,0.0001376957807224244,0.29507431387901306,10.122913360595703
472992,0.02,197.49,2388,895,-12.319513459999998,528,28936,0.001,5.108851473778486e-05,0.00013797431893181056,0.329383909702301,2.9467484951019287
473600,0.02,197.49,2392,895,-12.150916729999999,528,28974,0.001,6.23931409791112e-05,0.0001362791081191972,0.3321276307106018,-6.374055862426758
474464,0.03,196.11,2396,895,-11.984904849999998,529,29028,0.001,0.00013724582095164806,0.00013190283789299428,0.3163975477218628,-0.9170875549316406
475104,0.02,198.1,2400,895,-12.13349742,530,29068,0.001,6.49198773317039e-05,0.00013007292000111192,0.28229427337646484,-3.283087730407715
476192,0.02,198.1,2404,895,-12.013875750000002,531,29136,0.001,7.945638208184391e-05,0.0001271924120374024,0.3504059314727783,-3.394629955291748
476800,0.01,198.62,2408,895,-12.132081990000001,532,29174,0.001,5.480385880218819e-05,0.0001264797174371779,0.3252032697200775,-6.237887382507324
477664,0.01,198.62,2412,895,-12.147401210000004,533,29228,0.001,4.576264473143965e-05,0.00012394551595207304,0.33556610345840454,-0.11293482780456543
478304,0.01,198.62,2416,895,-11.886101620000002,534,29268,0.001,7.732056837994605e-05,0.00012340133253019303,0.32841575145721436,4.41709566116333
479392,0.01,198.62,2420,895,-11.345191830000001,535,29336,0.001,6.076869249227457e-05,0.00012345264258328825,0.29462045431137085,20.142425537109375
480000,0.01,198.62,2424,894,-11.30931302,536,29374,0.001,9.68511012615636e-05,0.00013004911306779832,0.3112068176269531,2.569300889968872
480864,0.01,198.62,2428,894,-11.202878649999997,537,29428,0.001,3.083786214119755e-05,0.00013058623881079257,0.3163609504699707,-2.9597055912017822
481504,0.01,198.62,2432,894,-11.108682420000001,538,29468,0.001,3.203842425136827e-05,0.00012834045628551394,0.3195902109146118,-2.2330758571624756
482592,0.01,198.62,2436,894,-11.507670780000003,539,29536,0.001,3.681805173982866e-05,0.0001237441465491429,0.3247501850128174,-1.300252914428711
482704,0.03,194.64,2440,894,-10.91808803,539,29543,0.001,4.8382687964476645e-05,0.00012337991211097687,0.2995002269744873,-6.253334999084473
483504,0.03,194.64,2444,894,-10.707269059999998,540,29593,0.001,6.279846274992451e-05,0.00012125307694077492,0.3620152473449707,8.104122161865234
484240,0.04,192.65,2448,894,-10.591110250000002,541,29639,0.001,0.00010381710308138281,0.00012216319737490267,0.3558458685874939,16.08728790283203
484896,0.04,192.65,2452,894,-10.47616197,541,29680,0.001,0.00010799808660522103,0.0001279152202187106,0.3484583795070648,4.609739780426025
485840,0.04,192.65,2456,894,-10.10695275,543,29739,0.001,6.591980491066352e-05,0.00012657263141591102,0.32671841979026794,-4.780825614929199
486432,0.04,192.65,2460,894,-9.859257600000001,543,29776,0.001,6.459587893914431e-05,0.0001274567621294409,0.32610976696014404,10.823731422424316
487440,0.04,192.65,2464,894,-9.837992459999999,544,29839,0.001,3.1419585866387933e-05,0.00012770765169989318,0.3209609091281891,-4.817307472229004
488096,0.04,192.65,2468,894,-9.709565930000002,545,29880,0.001,0.018057458102703094,0.0001252736255992204,0.34036725759506226,-1.5078380107879639
489040,0.04,192.65,2472,894,-9.428926130000002,546,29939,0.001,4.4486532715382054e-05,0.00012697414786089212,0.31287574768066406,-4.311056137084961
489632,0.04,192.65,2476,894,-9.36160489,547,29976,0.001,4.409520624903962e-05,0.0001256536488654092,0.3387890160083771,-3.2199692726135254
490640,0.04,192.65,2480,894,-9.16938478,548,30039,0.001,3.1767511245561764e-05,0.0001251211651833728,0.314248651266098,-5.053054332733154
491296,0.04,192.65,2484,894,-9.44949259,549,30080,0.001,9.933056571753696e-05,0.00012512700050137937,0.3065648674964905,-1.7297232151031494
492240,0.04,192.65,2488,894,-9.448766760000002,550,30139,0.001,0.00021451034990604967,0.0001275440736208111,0.34083127975463867,-0.49735379219055176
492832,0.04,192.65,2492,894,-9.5175753,551,30176,0.001,8.129354682751e-05,0.00012741374666802585,0.31629666686058044,-1.4024066925048828
493840,0.03,194.03,2496,894,-9.61393083,552,30239,0.001,4.888211697107181e-05,0.00012925887131132185,0.3017466366291046,-3.2609801292419434
494496,0.03,194.03,2500,894,-9.61473007,553,30280,0.001,7.579725934192538e-05,0.00012776843504980206,0.3062542676925659,-3.251682758331299
495440,0.03,194.03,2504,894,-9.708519809999999,554,30339,0.001,8.13918886706233e-05,0.00012804607104044408,0.2947694659233093,1.4546501636505127
496032,0.03,194.03,2508,894,-9.72804203,554,30376,0.001,7.161802204791456e-05,0.00013084016973152757,0.3535919785499573,-1.4659807682037354
497040,0.03,194.03,2512,893,-9.6206366,556,30439,0.001,9.63176426012069e-05,0.00012831548519898206,0.33187180757522583,-3.6642115116119385
497696,0.03,194.03,2516,893,-9.809795829999999,556,30480,0.001,6.462369492510334e-05,0.00012649974087253213,0.3503921926021576,-1.1475591659545898
498640,0.03,194.03,2520,893,-10.04442987,557,30539,0.001,0.019087187945842743,0.00012633843289222568,0.30526435375213623,-0.4118938446044922
499232,0.04,193.99,2524,893,-9.90281114,558,30576,0.001,4.3147418182343245e-05,0.00012780902034137398,0.3154795169830322,9.867681503295898
500240,0.04,193.99,2528,893,-9.85924013,559,30639,0.001,5.017757575842552e-05,0.00013182626571506262,0.31793278455734253,-4.844814777374268
500896,0.04,193.99,2532,893,-9.904884509999999,560,30680,0.001,7.988535799086094e-05,0.00013379154552239925,0.31139013171195984,12.679652214050293
501840,0.04,193.99,2536,893,-9.603924509999999,561,30739,0.001,4.306334813009016e-05,0.00013886801025364548,0.31416773796081543,-0.2866818904876709
502432,0.02,197.97,2540,893,-9.705346460000001,562,30776,0.001,4.6233039029175416e-05,0.00013585064152721316,0.3464629650115967,-0.4378761053085327
503264,0.03,196.67,2544,893,-9.372824750000001,563,30828,0.001,0.00014740426559001207,0.00013255556405056268,0.3300803601741791,-3.0320701599121094
503904,0.02,198.66,2548,893,-9.536652679999998,563,30868,0.001,4.286259718355723e-05,0.0001357606379315257,0.3157229721546173,-8.820064544677734
505040,0.02,198.66,2552,893,-9.93224289,565,30939,0.001,5.913653876632452e-05,0.00012686109403148293,0.343058705329895,-4.820186614990234
505600,0.03,197.81,2556,893,-9.86257882,565,30974,0.001,3.98191150452476e-05,0.00012369672185741365,0.3489159345626831,-3.340874671936035
506352,0.03,197.81,2560,893,-9.930407610000001,566,31021,0.001,4.681082646129653e-05,0.00012028527999063954,0.3171902596950531,-3.9812872409820557
507104,0.03,197.81,2564,893,-9.98338126,567,31068,0.001,0.00011325547529850155,0.00012349752068985254,0.32495763897895813,26.229785919189453
508240,0.03,197.81,2568,893,-9.98791051,568,31139,0.001,8.254531712736934e-05,0.0001312189269810915,0.316535085439682,-1.1832501888275146
508800,0.03,197.81,2572,893,-10.025490829999999,569,31174,0.001,7.107833516784012e-05,0.00013101185322739184,0.3277378976345062,-1.0571932792663574
509552,0.03,197.81,2576,893,-10.016835740000001,570,31221,0.001,8.14980739960447e-05,0.00013034934818278998,0.3517475128173828,15.381950378417969
510304,0.03,197.81,2580,893,-10.10116614,571,31268,0.001,0.00011163784074597061,0.00013425230281427503,0.3396691679954529,10.67248821258545
511440,0.03,197.81,2584,893,-10.051931889999999,572,31339,0.001,5.962860450381413e-05,0.00013472686987370253,0.3120608627796173,-8.299269676208496
512000,0.03,197.81,2588,893,-10.060428049999999,573,31374,0.001,0.0002891571493819356,0.00013164734991732985,0.3303132951259613,4.6197710037231445
512752,0.03,197.81,2592,893,-10.020098999999998,573,31421,0.001,0.0001242147118318826,0.00013435362780001014,0.34606748819351196,3.2265031337738037
513504,0.03,197.81,2596,893,-10.02264404,574,31468,0.001,5.1045532018179074e-05,0.00013507074618246406,0.35135501623153687,-6.044734477996826
514640,0.03,197.81,2600,893,-9.97002086,575,31539,0.001,5.088474790682085e-05,0.00013128113641869277,0.31329813599586487,2.426549196243286
515200,0.03,197.81,2604,893,-9.92487529,576,31574,0.001,7.034058216959238e-05,0.00013367064821068197,0.298581600189209,0.9721071124076843
515952,0.03,197.81,2608,893,-9.95353972,577,31621,0.001,5.776581383543089e-05,0.00013787685020361096,0.3251265287399292,1.5014218091964722
516704,0.03,197.81,2612,893,-9.803557380000003,578,31668,0.001,7.271216600202024e-05,0.0001390214601997286,0.3517504334449768,1.5362269878387451
517840,0.03,197.81,2616,893,-9.75477809,579,31739,0.001,5.353691813070327e-05,0.00014283561904449016,0.31229478120803833,-1.4502372741699219
518400,0.03,197.81,2620,893,-9.51680154,580,31774,0.001,0.00015241565415635705,0.00014383911911863834,0.3561944365501404,9.257362365722656
519152,0.02,197.85,2624,893,-9.596677029999999,580,31821,0.001,8.027127478271723e-05,0.00014839756477158517,0.3514498472213745,7.348646640777588
519904,0.02,197.85,2628,893,-9.59967898,581,31868,0.001,5.2619339840020984e-05,0.00014735889271833003,0.346356600522995,-0.33709990978240967
521040,0.02,197.85,2632,893,-9.68915238,583,31939,0.001,7.280310819623992e-05,0.00014127591566648334,0.33965668082237244,-2.4309067726135254
521600,0.02,197.85,2636,893,-9.58008776,583,31974,0.001,4.3019186705350876e-05,0.00013945274986326694,0.28824755549430847,-1.8164288997650146
522352,0.02,197.85,2640,893,-9.582355380000001,584,32021,0.001,6.026430492056534e-05,0.00013708493497688323,0.279835045337677,-4.106725692749023
523104,0.01,199.15,2644,893,-9.78505117,585,32068,0.001,5.840686208102852e-05,0.0001393425336573273,0.2807079255580902,-1.6022552251815796
524192,0.02,198.35,2648,893,-9.68857246,586,32136,0.001,5.039096140535548e-05,0.00013717517140321434,0.35246914625167847,-0.15691733360290527
524736,0.02,198.35,2652,893,-9.17738054,587,32170,0.001,5.983413939247839e-05,0.0001380302564939484,0.3282534182071686,14.052705764770508
525552,0.01,199.2,2656,893,-9.311818879999999,588,32221,0.001,6.31790971965529e-05,0.00014047493459656835,0.3411884307861328,-0.6173218488693237
526304,0.01,199.2,2660,893,-9.496280520000001,589,32268,0.001,6.31840230198577e-05,0.000136603630380705,0.3219331204891205,-2.514695405960083
527392,0.01,199.2,2664,893,-9.521512439999999,590,32336,0.001,4.690876812674105e-05,0.0001330020313616842,0.31850171089172363,-1.2779875993728638
527936,0.01,199.2,2668,893,-9.60584921,590,32370,0.001,6.458537245634943e-05,0.0001316592824878171,0.31170952320098877,-1.511298656463623
528752,0.01,199.2,2672,893,-9.674332489999998,591,32421,0.001,8.378255006391555e-05,0.00013509973359759897,0.3118104636669159,17.983795166015625
529504,0.01,199.2,2676,893,-9.53706704,592,32468,0.001,7.599085074616596e-05,0.00014021755487192422,0.3573324680328369,2.941175699234009
530592,0.01,199.2,2680,893,-9.49968652,593,32536,0.001,4.950267975800671e-05,0.0001422335917595774,0.31036484241485596,-0.7260174751281738
531136,0.01,199.2,2684,893,-9.23028026,594,32570,0.001,5.621565651381388e-05,0.00014167097106110305,0.30644941329956055,-4.3876543045043945
531952,0.01,199.2,2688,893,-9.34237036,595,32621,0.001,8.138714474625885e-05,0.00014048498996999115,0.35138022899627686,12.526859283447266
532704,0.01,199.2,2692,893,-9.562479860000002,596,32668,0.001,7.864106737542897e-05,0.000141605589305982,0.29568809270858765,-3.645934820175171
533792,0.01,199.2,2696,893,-9.44840369,597,32736,0.001,0.00012577444431371987,0.00013590622984338552,0.3033297657966614,5.025071620941162
534336,0.01,199.2,2700,893,-9.53992744,598,32770,0.001,7.458296022377908e-05,0.0001408491953043267,0.3186835050582886,-6.398497581481934
535152,0.01,199.2,2704,893,-9.56556986,599,32821,0.001,7.639298564754426e-05,0.00013526178372558206,0.27827194333076477,-1.3171989917755127
535904,0.01,199.2,2708,893,-9.390814339999999,600,32868,0.001,3.650283542810939e-05,0.00013561543892137706,0.3037257790565491,-2.1817920207977295
536992,0.01,199.2,2712,892,-9.406026980000002,601,32936,0.001,4.592590994434431e-05,0.0001320137089351192,0.3070330023765564,-1.3183746337890625
537536,0.01,199.2,2716,892,-9.44745335,601,32970,0.001,3.759935134439729e-05,0.00012981516192667186,0.3363490402698517,-1.4545061588287354
538352,0.01,199.2,2720,892,-9.501652579999998,602,33021,0.001,7.821591862011701e-05,0.00012563279597088695,0.32888633012771606,-3.6230404376983643
539104,0.01,199.2,2724,892,-9.60619439,603,33068,0.001,8.558046829421073e-05,0.00012319978850428015,0.32343387603759766,1.684248685836792
540192,0.01,199.2,2728,892,-9.71328087,605,33136,0.001,6.479871808551252e-05,0.0001338429719908163,0.3178597092628479,16.738435745239258
540736,0.01,199.2,2732,892,-9.61149693,605,33170,0.001,6.142325582914054e-05,0.00013763486640527844,0.33888596296310425,0.2365208864212036
541344,0.02,197.85,2736,892,-9.50727335,606,33208,0.001,0.00014012404426466674,0.00013821347965858877,0.33742815256118774,6.801831245422363
542208,0.02,197.85,2740,892,-9.545755380000001,607,33262,0.001,8.736933523323387e-05,0.00013919245975557715,0.33072102069854736,-1.9514901638031006
543376,0.02,197.85,2744,892,-9.66845267,608,33335,0.001,0.00013337325071915984,0.0001329468796029687,0.32541513442993164,-0.7689233422279358
543936,0.01,198.65,2748,892,-10.154371070000002,609,33370,0.001,4.250687925377861e-05,0.00013289123307913542,0.29060202836990356,-7.5431437492370605
544544,0.01,198.65,2752,892,-10.1737819,609,33408,0.001,6.297695654211566e-05,0.0001297996932407841,0.2862502634525299,-2.555365562438965
545408,0.01,198.65,2756,892,-10.45112274,610,33462,0.001,4.3792708311229944e-05,0.00012743646220769733,0.33679884672164917,1.3891924619674683
546576,0.01,198.65,2760,892,-10.282917570000002,612,33535,0.001,9.15893615456298e-05,0.0001293139939662069,0.2986209988594055,12.784171104431152
547136,0.01,198.65,2764,892,-10.23716596,612,33570,0.001,0.0002584540634416044,0.0001314664405072108,0.334644079208374,0.3401638865470886
547744,0.01,198.65,2768,892,-9.997312270000002,613,33608,0.001,8.582411828683689e-05,0.00013509110431186855,0.332360178232193,18.419414520263672
548608,0.01,198.65,2772,892,-9.89955395,614,33662,0.001,8.601104491390288e-05,0.0001410506956744939,0.28772759437561035,-1.5818471908569336
549440,0.02,196.66,2776,892,-9.74876936,615,33714,0.001,0.000123268662719056,0.00013982097152620554,0.31792882084846497,-6.398846626281738
549904,0.02,196.66,2780,892,-9.83575368,616,33743,0.001,0.00015242569497786462,0.00013696459063794464,0.29295843839645386,-0.3818107843399048
550704,0.02,196.66,2784,892,-10.057216640000002,617,33793,0.001,5.037888331571594e-05,0.00013479807239491493,0.32414835691452026,-5.596626281738281
551440,0.03,195.17,2788,892,-9.91001866,617,33839,0.001,0.00010508224659133703,0.00013233779463917017,0.32386189699172974,14.059123039245605
552096,0.03,195.17,2792,892,-9.844318140000002,618,33880,0.001,0.0001597908849362284,0.00013829654199071229,0.3362693786621094,-0.41545161604881287
553040,0.03,195.17,2796,892,-10.293170519999999,619,33939,0.001,8.60527652548626e-05,0.00013847893569618464,0.3062799572944641,-0.9324252605438232
553904,0.03,195.17,2800,892,-10.04860913,620,33993,0.001,3.276635106885806e-05,0.00013598130317404866,0.3457264304161072,-2.765353202819824
554640,0.03,195.17,2804,892,-10.15018125,621,34039,0.001,7.486781396437436e-05,0.000132739995024167,0.2963161766529083,7.886659622192383
555296,0.03,195.17,2808,892,-10.32244797,622,34080,0.001,0.00016658632375765592,0.00013645806757267565,0.279221773147583,-2.642622470855713
556240,0.03,195.17,2812,892,-10.326193949999999,623,34139,0.001,5.356128895073198e-05,0.0001356423454126343,0.33219677209854126,-3.560845375061035
557104,0.03,195.17,2816,892,-10.362819909999999,624,34193,0.001,6.484377809101716e-05,0.0001367395743727684,0.32469114661216736,-3.571589469909668
557840,0.03,195.17,2820,892,-10.47321942,625,34239,0.001,8.986152533907443e-05,0.00014000669762026519,0.3170599341392517,15.564701080322266
558496,0.03,195.17,2824,892,-10.413258899999999,626,34280,0.001,0.0001230441266670823,0.00014183670282363892,0.3222382068634033,-9.191057205200195
559440,0.03,195.17,2828,892,-10.31409328,627,34339,0.001,0.015382662415504456,0.00014380579523276538,0.33245187997817993,-5.876562118530273
560304,0.03,195.17,2832,892,-10.201148990000002,628,34393,0.001,4.4377076847013086e-05,0.00014212742098607123,0.33032652735710144,-1.8391201496124268
561040,0.02,196.52,2836,892,-10.517707059999998,628,34439,0.001,0.00013143449905328453,0.000138286646688357,0.357867032289505,-4.047542572021484
561696,0.02,196.52,2840,892,-10.50603491,629,34480,0.001,7.612831541337073e-05,0.0001374985440634191,0.32988712191581726,1.9050170183181763
562640,0.02,196.52,2844,892,-10.37886327,630,34539,0.001,9.602685167919844e-05,0.00013481684436555952,0.3176712989807129,-2.1940836906433105
563504,0.02,196.52,2848,892,-9.95171079,631,34593,0.001,0.00013667967868968844,0.00013541885709855705,0.28502726554870605,-4.543437480926514
564016,0.03,195.0,2852,892,-9.732746589999998,632,34625,0.001,0.0012114797718822956,0.00013481003406923264,0.2997775673866272,0.585853099822998
564720,0.03,195.0,2856,892,-9.336905269999999,633,34669,0.001,8.937710663303733e-05,0.00013323842722456902,0.3151310384273529,-2.205540895462036
565776,0.04,194.0,2860,892,-9.217672460000001,634,34735,0.001,7.461878703907132e-05,0.00013189365563448519,0.35154008865356445,0.3432818651199341
566336,0.04,194.0,2864,892,-9.24213767,634,34770,0.001,0.00022257199452724308,0.0001306055492023006,0.35381919145584106,-0.9272613525390625
567200,0.05,192.41,2868,891,-9.268076000000002,635,34824,0.001,0.002365334890782833,0.0001308315695496276,0.34107494354248047,-3.041287660598755
567808,0.05,192.41,2872,891,-9.303279550000001,636,34862,0.001,7.29677703930065e-05,0.00012908272037748247,0.35680320858955383,4.462116241455078
568640,0.04,194.4,2876,891,-9.66780574,637,34914,0.001,5.32280610059388e-05,0.00012814856017939746,0.29200661182403564,-4.436808109283447
569104,0.04,194.4,2880,891,-9.74308351,638,34943,0.001,0.00010620235843816772,0.00012598084867931902,0.2978184223175049,2.6437244415283203
570400,0.04,194.4,2884,891,-9.571611730000003,639,35024,0.001,9.731029422255233e-05,0.00013172332546673715,0.30686283111572266,-3.880486488342285
570944,0.04,194.43,2888,891,-9.485368930000002,640,35058,0.001,8.525660814484581e-05,0.00012920884182676673,0.3218948245048523,-5.776410102844238
571744,0.04,194.43,2892,891,-9.314007579999998,641,35108,0.001,0.00010949276475002989,0.00013009736721869558,0.3206281363964081,5.853189468383789
572240,0.04,194.43,2896,891,-9.03028043,641,35139,0.001,5.5478623835369945e-05,0.00013462566130328923,0.3342316746711731,5.553384304046631
573600,0.04,194.43,2900,892,-9.5575922,643,35224,0.001,8.142086153384298e-05,0.00013915184536017478,0.3103805482387543,-7.883105278015137
574144,0.04,194.43,2904,892,-9.360305070000003,643,35258,0.001,6.0257829318288714e-05,0.00013920202036388218,0.3247246742248535,12.189322471618652
574944,0.04,194.43,2908,892,-9.24059112,644,35308,0.001,9.050829248735681e-05,0.00014064183051232249,0.32762402296066284,-2.272216320037842
575440,0.04,194.43,2912,892,-9.30050276,645,35339,0.001,7.138842192944139e-05,0.00013926257088314742,0.2945660948753357,0.16127467155456543
576800,0.04,194.43,2916,892,-9.2631811,646,35424,0.001,4.800548413186334e-05,0.00013212051999289542,0.35434675216674805,-2.906712055206299
577344,0.04,194.43,2920,892,-9.139786100000002,647,35458,0.001,6.335227226372808e-05,0.00013098411727696657,0.309309720993042,6.947211265563965
578144,0.04,194.43,2924,892,-9.147185969999999,647,35508,0.001,4.156080831307918e-05,0.00013072018919046968,0.3439316749572754,0.429577112197876
578640,0.04,194.43,2928,892,-9.16247658,648,35539,0.001,7.14333145879209e-05,0.0001296053669648245,0.34008246660232544,5.79997444152832
580000,0.04,194.43,2932,892,-9.166993620000001,649,35624,0.001,5.8364614233141765e-05,0.0001340976159553975,0.3240041732788086,2.93489408493042
580544,0.04,194.43,2936,892,-8.920294599999998,650,35658,0.001,5.717595558962785e-05,0.00013585788838099688,0.32310107350349426,2.071296215057373
581344,0.04,194.43,2940,892,-9.1410794,651,35708,0.001,7.53243948565796e-05,0.00013711370411328971,0.3013821542263031,8.767141342163086
581840,0.04,194.43,2944,892,-9.28607768,651,35739,0.001,4.3445645133033395e-05,0.00013954867608845234,0.2937956154346466,-3.599536895751953
583200,0.04,194.43,2948,892,-9.38383024,653,35824,0.001,4.099855505046435e-05,0.00013354270777199417,0.2774154543876648,-3.557497262954712
583744,0.03,195.95,2952,892,-9.858223900000002,654,35858,0.001,0.00012192861322546378,0.00013199432578403503,0.32607799768447876,3.7495779991149902
584544,0.03,195.95,2956,892,-9.84812819,654,35908,0.001,5.8404330047778785e-05,0.00013470850535668433,0.30008044838905334,-3.600290536880493
585040,0.02,196.95,2960,892,-10.11206886,655,35939,0.001,6.298409425653517e-05,0.00013308640336617827,0.3353939652442932,0.05065202713012695
586400,0.02,196.95,2964,892,-10.076959910000001,656,36024,0.001,5.598298957920633e-05,0.00014705622743349522,0.3057737946510315,-2.0864624977111816
586944,0.01,198.54,2968,892,-10.221743260000002,657,36058,0.001,0.0002464780700393021,0.000144253033795394,0.307425856590271,-4.910422325134277
587744,0.01,198.54,2972,893,-10.118793319999998,658,36108,0.001,6.677005148958415e-05,0.00014434206241276115,0.32926520705223083,3.6082987785339355
588240,0.01,198.54,2976,893,-9.98921197,658,36139,0.001,5.5010910728015006e-05,0.0001464378001401201,0.3105219006538391,-4.400950908660889
589600,0.01,198.54,2980,892,-9.85189045,660,36224,0.001,8.904065180104226e-05,0.0001526633568573743,0.3130165934562683,24.45733642578125
590144,0.01,198.54,2984,893,-9.99263709,660,36258,0.001,7.042950892355293e-05,0.00016095058526843786,0.3425872325897217,-0.5874803066253662
590496,0.01,198.01,2988,893,-10.22940802,661,36280,0.001,0.0001926320546772331,0.00016091298311948776,0.3565085828304291,0.10572624206542969
591392,0.01,198.01,2992,892,-10.33375262,662,36336,0.001,5.5457756388932467e-05,0.00016244716243818402,0.3426215350627899,0.7545031309127808
592592,0.02,196.02,2996,893,-10.14953803,663,36411,0.001,8.401033119298518e-05,0.00015774904750287533,0.34419167041778564,0.485092431306839
593040,0.02,196.02,3000,893,-9.809139369999999,663,36439,0.001,4.1005361708812416e-05,0.00015751077444292605,0.2865525484085083,-4.761053085327148
593520,0.02,196.02,3004,893,-9.941003459999997,664,36469,0.001,9.166948439087719e-05,0.00015550923126284033,0.30040305852890015,-2.298063039779663
594576,0.02,196.02,3008,893,-10.01907923,665,36535,0.001,0.00019925781816709787,0.00015322404215112329,0.3280457854270935,-3.2294394969940186
595792,0.02,196.02,3012,893,-10.10409229,666,36611,0.001,5.3884010412730277e-05,0.00015426873869728297,0.3334916830062866,3.7659413814544678
596240,0.02,196.02,3016,893,-10.11510374,667,36639,0.001,5.568647611653432e-05,0.00015500743757002056,0.3281817138195038,-6.3659234046936035
596720,0.02,196.02,3020,893,-10.101972929999999,668,36669,0.001,0.00011600181460380554,0.0001552488683955744,0.34526485204696655,2.763331890106201
597776,0.02,196.02,3024,893,-10.370400870000001,669,36735,0.001,0.00010883300274144858,0.00015250228170771152,0.2966901957988739,0.14805293083190918
598992,0.02,196.02,3028,893,-10.489779570000001,670,36811,0.001,0.00010310491779819131,0.0001484543172409758,0.30541369318962097,-3.521564245223999
599440,0.02,196.02,3032,893,-10.755173869999998,670,36839,0.001,7.55982764530927e-05,0.00014768219261895865,0.30279815196990967,-6.312338352203369
599920,0.02,196.02,3036,893,-10.948886949999999,671,36869,0.001,6.933147960808128e-05,0.0001460978528484702,0.3161817491054535,-2.796420097351074
600976,0.02,196.02,3040,893,-10.81441278,672,36935,0.001,5.473935016198084e-05,0.00014281900075729936,0.358997106552124,-0.2508329749107361
602192,0.02,196.02,3044,893,-10.79035898,673,37011,0.001,5.163845344213769e-05,0.00014482838741969317,0.3161447048187256,2.656881332397461
602640,0.02,196.02,3048,893,-10.68726533,674,37039,0.001,7.636190275661647e-05,0.0001464954693801701,0.30679577589035034,0.6246553659439087
603120,0.02,196.02,3052,893,-10.43802023,674,37069,0.001,8.971196075435728e-05,0.000146654128911905,0.3363526463508606,1.5734655857086182
603872,0.03,194.94,3056,893,-10.38770444,675,37116,0.001,6.15489698247984e-05,0.00014684446796309203,0.3371560871601105,-1.5551612377166748
604304,0.03,194.94,3060,893,-10.31118618,676,37143,0.001,0.0001580536481924355,0.00014612528320867568,0.3106837570667267,-5.234498500823975
605840,0.03,194.94,3064,893,-10.49022543,678,37239,0.001,5.9579662774922326e-05,0.00015588935639243573,0.3604521155357361,-3.6521682739257812
606320,0.03,194.94,3068,893,-10.385069389999998,678,37269,0.001,6.366775778587908e-05,0.00015517989231739193,0.3141025900840759,-5.056358337402344
607072,0.03,194.94,3072,893,-10.4635261,679,37316,0.001,4.767526115756482e-05,0.00015521289606112987,0.35010743141174316,-2.376779079437256
607456,0.04,193.47,3076,893,-10.234545390000001,679,37340,0.001,3.531431866576895e-05,0.00015311024617403746,0.2752284109592438,-5.395097732543945
608800,0.05,192.35,3080,893,-10.204947050000001,681,37424,0.001,9.63781276368536e-05,0.0001449057599529624,0.346724271774292,-3.4966211318969727
609168,0.06,191.61,3084,893,-9.96191345,681,37447,0.001,0.0001367040676996112,0.0001435688609490171,0.31317609548568726,3.4040634632110596
610240,0.05,193.6,3088,893,-9.94094469,683,37514,0.001,7.273649680428207e-05,0.00015155032451730222,0.3301687240600586,-3.770883560180664
610656,0.05,193.6,3092,893,-9.938088650000001,683,37540,0.001,9.627435065340251e-05,0.000150196225149557,0.32542771100997925,0.08223244547843933
612000,0.04,195.59,3096,893,-10.097212079999998,685,37624,0.001,0.00014780927449464798,0.00014771106361877173,0.33293265104293823,-1.461491584777832
612368,0.04,195.59,3100,893,-10.131479719999998,685,37647,0.001,0.00015451631043106318,0.00014722446212545037,0.2847628593444824,-0.36281704902648926
613440,0.04,195.59,3104,893,-10.12285723,686,37714,0.001,0.0002746207464952022,0.00015371141489595175,0.33705979585647583,6.4453325271606445
613856,0.04,195.59,3108,893,-10.133507960000001,687,37740,0.001,0.00014487170847132802,0.00015728396829217672,0.3205626606941223,7.181084632873535
615200,0.04,195.59,3112,893,-10.177690960000001,688,37824,0.001,4.203923890599981e-05,0.00016804071492515504,0.29572197794914246,0.10150602459907532
615568,0.04,195.59,3116,893,-10.110183350000002,689,37847,0.001,4.4416694436222315e-05,0.0001680527493590489,0.3131599426269531,0.8089913129806519
616016,0.05,194.23,3120,893,-9.96907674,689,37875,0.001,7.367058424279094e-05,0.00016643894196022302,0.28870153427124023,-3.1792914867401123
616976,0.05,194.23,3124,893,-9.73923426,690,37935,0.001,8.327007526531816e-05,0.00016264108126051724,0.309729665517807,-7.335904598236084
618400,0.05,194.23,3128,893,-9.67389658,692,38024,0.001,7.405847281916067e-05,0.00015300019003916532,0.2792363464832306,-2.0010011196136475
618768,0.05,194.23,3132,893,-9.518001609999999,692,38047,0.001,6.779615068808198e-05,0.00015155522851273417,0.2935108542442322,1.1286062002182007
619216,0.05,194.23,3136,892,-9.407931000000001,693,38075,0.001,7.714242383372039e-05,0.0001503087260061875,0.30217912793159485,-2.7746734619140625
620176,0.05,194.23,3140,892,-9.48754285,694,38135,0.001,6.553630373673514e-05,0.00015007609908934683,0.3001837730407715,6.27537202835083
621600,0.05,194.23,3144,892,-9.377245210000002,696,38224,0.001,8.063546556513757e-05,0.00015100627206265926,0.3132762610912323,-2.175170660018921
621968,0.05,194.23,3148,892,-9.510322129999997,696,38247,0.001,3.498639489407651e-05,0.00014903095143381506,0.30020278692245483,-2.621032476425171
622416,0.05,194.23,3152,892,-9.75894289,697,38275,0.001,0.00013867102097719908,0.00014757280587218702,0.33981481194496155,5.064515113830566
623344,0.05,193.32,3156,892,-9.766480379999999,698,38333,0.001,9.3284179456532e-05,0.00015005821478553116,0.29778170585632324,-5.08790922164917
624752,0.05,193.32,3160,892,-9.909446379999999,699,38421,0.001,9.695283370092511e-05,0.00016515457537025213,0.30849066376686096,-6.151009559631348
625040,0.05,193.32,3164,892,-9.817216850000001,700,38439,0.001,7.747648487566039e-05,0.0001653504732530564,0.3433905839920044,0.9640052914619446
625520,0.05,193.32,3168,892,-10.04199274,700,38469,0.001,5.423019320005551e-05,0.00016503209189977497,0.29653114080429077,-6.383889198303223
626544,0.05,193.32,3172,892,-10.127702020000001,701,38533,0.001,6.287821452133358e-05,0.0001581396209076047,0.3502148687839508,1.3752360343933105
627952,0.04,194.79,3176,892,-10.35462241,703,38621,0.001,4.445004742592573e-05,0.00015254983736667782,0.2959299087524414,-1.3662128448486328
628240,0.03,195.91,3180,892,-10.36572719,703,38639,0.001,7.087268022587523e-05,0.0001509160065324977,0.3085392713546753,-6.7586445808410645
628720,0.02,196.65,3184,892,-10.37373261,704,38669,0.001,4.536205233307555e-05,0.0001492420124122873,0.2813205122947693,-2.950347423553467
629744,0.02,196.65,3188,892,-10.39505011,705,38733,0.001,0.00014672413817606866,0.0001481844374211505,0.3307710289955139,-0.3209954500198364
630848,0.03,195.27,3192,892,-10.31035485,706,38802,0.001,5.9585130657069385e-05,0.0001533007889520377,0.3066721558570862,-7.227991104125977
631360,0.03,195.27,3196,892,-10.4184708,707,38834,0.001,6.111043330747634e-05,0.00015104617341421545,0.31337976455688477,-2.394644260406494
631808,0.03,195.27,3200,892,-10.296269419999998,707,38862,0.001,4.2542993469396606e-05,0.00014789050328545272,0.3311000168323517,-5.366581439971924
632672,0.03,195.27,3204,892,-10.49070317,708,38916,0.001,6.089837188483216e-05,0.00014197136624716222,0.2881777286529541,-1.395385503768921
634048,0.03,195.27,3208,892,-10.679671700000002,710,39002,0.001,5.751767457695678e-05,0.00013959326315671206,0.3188594579696655,-0.7896270155906677
634416,0.04,193.28,3212,892,-10.385725339999999,710,39025,0.001,0.00016230231267400086,0.0001398660388076678,0.31278640031814575,1.327272891998291
634960,0.04,193.28,3216,892,-10.477663340000001,711,39059,0.001,5.286308442009613e-05,0.00013967609265819192,0.30142509937286377,-3.4252099990844727
635856,0.03,194.64,3220,892,-10.719490619999998,712,39115,0.001,9.338446398032829e-05,0.00013708545884583145,0.3071085214614868,3.11452579498291
636304,0.03,194.64,3224,892,-10.774211920000003,712,39143,0.001,0.00024490721989423037,0.00014101895794738084,0.3249516189098358,36.5745849609375
637616,0.03,194.64,3228,892,-10.720689400000001,714,39225,0.001,4.499680653680116e-05,0.0001514449977548793,0.328546404838562,-5.5016069412231445
638160,0.03,194.64,3232,892,-10.69968436,715,39259,0.001,8.911630720831454e-05,0.00014759784971829504,0.3373715281486511,-0.9662106037139893
639056,0.03,194.64,3236,892,-10.871661679999999,716,39315,0.001,5.639047594740987e-05,0.000145682119182311,0.2579471170902252,-0.29027557373046875
639504,0.03,194.64,3240,892,-10.77892465,716,39343,0.001,4.017160972580314e-05,0.0001462274813093245,0.31744247674942017,-2.1682114601135254
640816,0.03,194.64,3244,892,-10.899718610000003,718,39425,0.001,3.246327105443925e-05,0.00013911176938563585,0.3181394934654236,-2.663486957550049
641360,0.03,194.64,3248,892,-10.91637426,718,39459,0.001,0.00015613107825629413,0.0001395792787661776,0.3872857093811035,34.772037506103516
642256,0.03,194.64,3252,892,-10.715891660000002,719,39515,0.001,8.129399066092446e-05,0.0001474657328799367,0.2928928732872009,-2.845005512237549
642704,0.02,196.63,3256,892,-10.87064822,720,39543,0.001,7.670924242120236e-05,0.0001456791942473501,0.3035461902618408,-3.9829490184783936
644016,0.02,196.63,3260,892,-10.805966289999999,721,39625,0.001,5.518625403055921e-05,0.0001385785435559228,0.31206250190734863,-3.824054479598999
644560,0.02,196.63,3264,892,-10.725641549999999,722,39659,0.001,4.801422619493678e-05,0.00013617920922115445,0.2961284816265106,-2.167656660079956
645456,0.02,196.63,3268,892,-10.55476289,723,39715,0.001,7.118414214346558e-05,0.00013458009925670922,0.2932833731174469,-3.01177716255188
645904,0.02,196.63,3272,892,-10.492528080000001,723,39743,0.001,6.03966873313766e-05,0.00013335613766685128,0.285099595785141,-0.8802540302276611
647216,0.02,196.63,3276,892,-10.45940344,725,39825,0.001,5.757542749051936e-05,0.00013859056343790144,0.29057228565216064,-4.073935031890869
647760,0.02,196.63,3280,892,-10.52412873,726,39859,0.001,6.858560664113611e-05,0.00013676175149157643,0.30160197615623474,-3.5903491973876953
648656,0.02,196.63,3284,892,-10.50365562,727,39915,0.001,8.643316687084734e-05,0.00013754275278188288,0.2916884422302246,16.40425682067871
649104,0.02,196.63,3288,892,-10.510754610000001,727,39943,0.001,0.00011450429883552715,0.00014057947555556893,0.2896798551082611,-2.0476698875427246
650400,0.02,197.92,3292,892,-10.667746150000001,729,40024,0.001,0.00023696220887359232,0.00014143175212666392,0.3056846559047699,-1.2609940767288208
650768,0.03,197.71,3296,892,-10.529540110000003,729,40047,0.001,0.0001107867865357548,0.00014165205357130617,0.3163425028324127,5.136444091796875
651856,0.03,197.71,3300,892,-10.53147458,730,40115,0.001,0.00017082231352105737,0.00014108164759818465,0.3228040933609009,-0.0043457746505737305
652304,0.03,197.71,3304,892,-10.3766002,731,40143,0.001,4.679646735894494e-05,0.00014250894309952855,0.30024006962776184,10.78052043914795
653600,0.03,197.71,3308,892,-10.227008080000001,732,40224,0.001,0.00012617636821232736,0.00014940436813049018,0.309147447347641,1.6122300624847412
653968,0.02,199.7,3312,892,-10.37372356,733,40247,0.001,8.237507427111268e-05,0.00015007152978796512,0.31322771310806274,1.3502540588378906
655056,0.02,199.7,3316,892,-10.280287500000002,734,40315,0.001,8.125235035549849e-05,0.0001474167947890237,0.3157046437263489,-7.079801559448242
655504,0.02,199.7,3320,892,-10.383217089999999,734,40343,0.001,4.111383532290347e-05,0.00014453711628448218,0.30531659722328186,-4.711421966552734
656800,0.02,199.7,3324,892,-10.27897038,736,40424,0.001,0.0001559319644002244,0.000143702287459746,0.2956079840660095,-6.05409574508667
657168,0.02,199.7,3328,892,-10.31756435,736,40447,0.001,9.538095764582977e-05,0.00014330580597743392,0.3114311695098877,2.192878484725952
658256,0.02,199.7,3332,892,-10.304535450000001,737,40515,0.001,0.00010268607002217323,0.00014352204743772745,0.29895055294036865,-0.49538445472717285
658576,0.03,198.29,3336,892,-10.10953269,738,40535,0.001,0.00012059490836691111,0.00014366117829922587,0.272152841091156,-0.3057367205619812
659872,0.04,196.97,3340,892,-9.997198449999999,739,40616,0.001,5.765281821368262e-05,0.0001421598281012848,0.3045474886894226,0.4139488935470581
660224,0.04,196.97,3344,892,-9.896977889999999,739,40638,0.001,7.64100841479376e-05,0.00014047037984710187,0.32685112953186035,-1.0910242795944214
660816,0.04,196.97,3348,892,-9.76667071,740,40675,0.001,5.0560629460960627e-05,0.0001383805793011561,0.31539955735206604,-2.93135666847229
661776,0.04,196.97,3352,892,-9.72507456,741,40735,0.001,5.617467104457319e-05,0.0001353885163553059,0.28581491112709045,-3.6532998085021973
663072,0.04,196.97,3356,892,-9.67988871,743,40816,0.001,0.00016508290718775243,0.00013889568799640983,0.2866206169128418,4.589463710784912
663424,0.04,196.97,3360,892,-9.667832830000002,743,40838,0.001,0.0002952505019493401,0.00014117921818979084,0.33742135763168335,3.6648993492126465
663808,0.05,195.43,3364,892,-9.50937511,743,40862,0.001,6.626293179579079e-05,0.0001419537584297359,0.3312264084815979,1.853804111480713
664944,0.05,195.43,3368,892,-9.56233177,745,40933,0.001,8.476345101371408e-05,0.00014170339272823185,0.30700498819351196,1.108125925064087
665952,0.06,193.44,3372,892,-9.29942042,746,40996,0.001,6.992917769821361e-05,0.00014090308104641736,0.29515302181243896,-3.8742921352386475
666560,0.06,193.44,3376,892,-9.32453124,746,41034,0.001,0.01545621082186699,0.00013945541286375374,0.3557581901550293,4.233758926391602
667008,0.06,193.44,3380,892,-9.66502661,747,41062,0.001,4.59132825199049e-05,0.00014568990445695817,0.26628878712654114,4.8946380615234375
667872,0.06,193.44,3384,892,-9.71494878,748,41116,0.001,7.427915261359885e-05,0.0001450618583476171,0.3128458857536316,-6.217127799987793
669152,0.06,193.44,3388,892,-9.7610081,749,41196,0.001,5.453917765407823e-05,0.00013743902673013508,0.33176660537719727,-2.0936269760131836
669760,0.05,193.53,3392,892,-9.622263030000001,750,41234,0.001,7.805394852766767e-05,0.00013386263162828982,0.31739652156829834,-4.231072902679443
670208,0.04,193.74,3396,892,-9.626834,751,41262,0.001,4.700163844972849e-05,0.00013135014160070568,0.31258267164230347,-3.074307918548584
671072,0.04,193.74,3400,892,-9.650735039999999,752,41316,0.001,7.900577475083992e-05,0.00012780500401277095,0.3014211058616638,0.6235837340354919
672352,0.04,193.74,3404,892,-9.54353671,753,41396,0.001,7.44743156246841e-05,0.00013059869525022805,0.2939307689666748,-2.255725383758545
672896,0.05,192.69,3408,892,-9.374454839999999,754,41430,0.001,0.00019773088570218533,0.00012896224507130682,0.31527179479599,3.8958306312561035
673168,0.05,192.69,3412,892,-9.30772726,754,41447,0.001,0.0002279345935676247,0.00012969376984983683,0.339341402053833,31.954261779785156
674128,0.06,191.42,3416,892,-9.29906932,755,41507,0.001,0.00011399906361475587,0.00014738405297975987,0.34859806299209595,2.0800771713256836
674704,0.06,191.42,3420,892,-9.014625989999999,756,41543,0.001,7.135668420232832e-05,0.00014967474271543324,0.3232783079147339,-0.7054474353790283
676000,0.06,191.42,3424,892,-8.9630301,757,41624,0.001,5.5380452977260575e-05,0.000148544815601781,0.2629375457763672,-4.958459377288818
676240,0.07,190.71,3428,892,-8.903733390000003,758,41639,0.001,5.059949398855679e-05,0.00014787146938033402,0.3091031014919281,-2.104215383529663
676816,0.07,190.71,3432,892,-9.341492770000002,758,41675,0.001,5.695952131645754e-05,0.000146238919114694,0.27979138493537903,-3.026980400085449
677904,0.06,192.12,3436,891,-9.49719905,759,41743,0.001,0.00012777303345501423,0.00014227903739083558,0.27872344851493835,-0.2737117409706116
679200,0.05,193.44,3440,891,-9.61839295,761,41824,0.001,0.00010804268822539598,0.00014406454283744097,0.34416818618774414,6.488954544067383
679440,0.05,193.44,3444,891,-9.64657363,761,41839,0.001,6.782302079955116e-05,0.0001445212692487985,0.30633270740509033,1.2764594554901123
680016,0.05,193.44,3448,891,-9.62619048,762,41875,0.001,6.255337211769074e-05,0.00014709943206980824,0.2915325462818146,11.05146312713623
681104,0.05,193.44,3452,891,-9.696647919999998,763,41943,0.001,4.420414552441798e-05,0.00014779843331780285,0.30043116211891174,-1.4945099353790283
682400,0.05,193.44,3456,891,-9.75830562,765,42024,0.001,9.429155034013093e-05,0.000141861877636984,0.36073049902915955,0.32506632804870605
682640,0.05,193.44,3460,891,-9.649339220000002,765,42039,0.001,7.101827941369265e-05,0.00014102205750532448,0.3288843035697937,3.6816744804382324
683216,0.04,194.98,3464,891,-10.166774430000002,766,42075,0.001,0.00010742088488768786,0.00014318505418486893,0.32687798142433167,8.114477157592773
684304,0.04,194.98,3468,891,-10.29417453,767,42143,0.001,0.0002695201546885073,0.00015106388309504837,0.2790234386920929,11.721549987792969
685600,0.03,196.97,3472,891,-10.4761502,768,42224,0.001,4.4675543904304504e-05,0.00015975107089616358,0.33143946528434753,0.5695125460624695
685840,0.03,196.97,3476,891,-10.444953909999999,769,42239,0.001,5.7388650020584464e-05,0.0001599147799424827,0.321999192237854,-1.1876931190490723
686416,0.03,196.97,3480,891,-10.04967313,769,42275,0.001,6.778951501473784e-05,0.00015701973461546004,0.31194981932640076,0.6298764944076538
687504,0.03,196.97,3484,891,-10.026426180000001,770,42343,0.001,6.534677231684327e-05,0.00015686347614973783,0.3306010365486145,-0.6237489581108093
688800,0.03,196.97,3488,891,-10.02925934,772,42424,0.001,0.0011194519465789199,0.0001573160698171705,0.30561622977256775,11.951774597167969
689040,0.03,196.97,3492,891,-10.08764208,772,42439,0.001,7.449629629263654e-05,0.00015944588812999427,0.31627029180526733,-1.4926488399505615
689616,0.03,196.97,3496,891,-10.102087999999998,773,42475,0.001,5.496093217516318e-05,0.00015759085363242775,0.269317626953125,-4.742548942565918
690704,0.03,196.97,3500,891,-10.074538109999999,774,42543,0.001,6.158527685329318e-05,0.00015055375115480274,0.29111433029174805,3.8478453159332275
692000,0.03,196.97,3504,891,-10.106405749999999,776,42624,0.001,9.605693048797548e-05,0.00015529507072642446,0.2829621434211731,-6.652683258056641
692240,0.02,198.02,3508,891,-10.14655144,776,42639,0.001,0.00010818040755111724,0.00015441299183294177,0.30105507373809814,-1.222711443901062
692816,0.02,198.02,3512,891,-10.325857569999998,777,42675,0.001,6.0100264818174765e-05,0.00015209589037112892,0.31571003794670105,-6.203428268432617
693904,0.01,199.29,3516,891,-10.312634030000002,778,42743,0.001,6.474688416346908e-05,0.00014503419515676796,0.31774044036865234,-4.187654495239258
695200,0.01,199.29,3520,891,-10.3042046,779,42824,0.001,5.719549153582193e-05,0.0001422049681423232,0.30691179633140564,-2.4747095108032227
695440,0.01,199.29,3524,891,-10.259563069999999,780,42839,0.001,0.0001091988233383745,0.0001416320592397824,0.31725677847862244,-0.7883495092391968
696016,0.0,200.0,3528,891,-10.37976687,780,42875,0.001,3.888658102368936e-05,0.00014270859537646174,0.31106698513031006,-5.442557334899902
697104,0.0,200.0,3532,891,-9.888015609999998,782,42943,0.001,0.00014815395115874708,0.0001381192560074851,0.3263379633426666,2.3238329887390137
698368,0.01,198.8,3536,891,-9.577678149999999,783,43022,0.001,0.00012413584045134485,0.0001522922539152205,0.28256934881210327,-4.524868011474609
698624,0.01,198.8,3540,891,-9.62985023,783,43038,0.001,0.0001843468053266406,0.00015173440624494106,0.274657666683197,-6.374128341674805
699008,0.01,198.8,3544,891,-9.71277958,784,43062,0.001,0.00013998799840919673,0.00014921155525371432,0.3381018042564392,6.0661211013793945
700160,0.02,197.19,3548,891,-9.596601020000001,785,43134,0.001,9.778558160178363e-05,0.00015009914932306856,0.31319987773895264,-2.3294405937194824
701248,0.02,197.19,3552,891,-9.82976636,786,43202,0.001,6.88606669427827e-05,0.00015031172370072454,0.2509181797504425,4.7009453773498535
701792,0.02,197.19,3556,891,-9.68045531,787,43236,0.001,0.0001654746592976153,0.00015189193072728813,0.3488585948944092,2.9427709579467773
702208,0.02,197.19,3560,891,-9.65655059,787,43262,0.001,0.00020305192447267473,0.0001516865158919245,0.28358763456344604,0.1101459264755249
703360,0.02,197.19,3564,891,-9.470754379999999,789,43334,0.001,7.18949013389647e-05,0.00014886759163346142,0.29423967003822327,0.6811997890472412
704448,0.02,197.19,3568,891,-9.187570249999998,790,43402,0.001,8.991317008621991e-05,0.00014546250167768449,0.26496773958206177,-2.3871169090270996
704992,0.02,197.19,3572,891,-9.17505953,791,43436,0.001,8.626909402664751e-05,0.0001437678001821041,0.3134081959724426,-4.746610164642334
705408,0.02,197.19,3576,891,-9.05337412,791,43462,0.001,0.00012710386363323778,0.00014159479178488255,0.289535254240036,-1.1063895225524902
706560,0.02,197.19,3580,891,-9.124341189999999,792,43534,0.001,0.0002174229157390073,0.00014795214519836009,0.3229880928993225,18.209203720092773
707648,0.02,197.19,3584,891,-9.18271992,794,43602,0.001,8.04740993771702e-05,0.0001564517297083512,0.29829996824264526,-5.273341655731201
708192,0.02,197.19,3588,891,-9.115882789999999,794,43636,0.001,6.515884888358414e-05,0.00015234921011142433,0.29311665892601013,-6.150167465209961
708608,0.02,197.19,3592,891,-9.276801129999999,795,43662,0.001,5.9312507801223546e-05,0.00015010545030236244,0.3262396454811096,-0.8703635334968567
709360,0.04,194.43,3596,891,-8.97514737,796,43709,0.001,6.5986743720714e-05,0.00014544099394697696,0.3296254277229309,-4.485654354095459
709904,0.05,193.61,3600,891,-8.80096675,796,43743,0.001,0.00016404112102463841,0.00014272492262534797,0.3492031395435333,10.099477767944336
711200,0.06,192.86,3604,891,-8.75177015,798,43824,0.001,5.0438280595699325e-05,0.00014130018826108426,0.2633117139339447,-2.9276719093322754
711424,0.07,190.87,3608,891,-8.651711449999999,798,43838,0.001,6.77263960824348e-05,0.00014142703730612993,0.30271801352500916,-5.306519031524658
712080,0.07,190.87,3612,890,-8.58252822,799,43879,0.001,4.6163891965989023e-05,0.00014126447786111385,0.33465254306793213,9.703857421875
713056,0.07,190.87,3616,890,-8.67656604,800,43940,0.001,7.791438838467002e-05,0.00014595802349504083,0.32304322719573975,3.5095889568328857
714016,0.07,190.87,3620,891,-8.768939020000001,801,44000,0.001,6.69203873258084e-05,0.00014911497419234365,0.2849019765853882,-1.7099868059158325
714624,0.07,190.87,3624,891,-8.862264360000001,801,44038,0.001,7.442252535838634e-05,0.00014895024651195854,0.32851672172546387,-2.4290921688079834
715280,0.07,190.87,3628,891,-8.73695611,802,44079,0.001,8.521421113982797e-05,0.00014509410539176315,0.28377556800842285,-0.28815436363220215
716256,0.07,190.87,3632,891,-8.725398649999999,803,44140,0.001,5.82078610023018e-05,0.0001574726338731125,0.288678377866745,-2.024193048477173
717216,0.06,192.07,3636,891,-8.860956389999998,804,44200,0.001,5.962779687251896e-05,0.0001529686851426959,0.31673985719680786,0.23360460996627808
717824,0.06,192.07,3640,891,-8.81434077,805,44238,0.001,0.00023267409414984286,0.00015219963097479194,0.2990049421787262,0.8034219145774841
718480,0.06,192.07,3644,891,-8.82329926,805,44279,0.001,8.19964479887858e-05,0.0001626384473638609,0.31408894062042236,11.409492492675781
719456,0.05,193.68,3648,891,-8.97514692,807,44340,0.001,9.586290980223566e-05,0.0001666993193794042,0.28504684567451477,14.078540802001953
720352,0.06,192.53,3652,891,-8.66761915,807,44396,0.001,6.448697968153283e-05,0.00017057567310985178,0.3183939456939697,-3.2358760833740234
720992,0.06,192.53,3656,891,-8.81480232,808,44436,0.001,5.3867137467022985e-05,0.00016661777044646442,0.3121498227119446,-3.97932505607605
721664,0.06,192.53,3660,891,-8.862496569999998,809,44478,0.001,0.0001700274005997926,0.00016208550368901342,0.3100639283657074,2.5143091678619385
722656,0.07,192.44,3664,891,-8.66040405,810,44540,0.001,0.00011902245751116425,0.00016803799371700734,0.2997298538684845,-3.2004811763763428
723552,0.07,192.44,3668,891,-8.88514412,811,44596,0.001,0.00011461516260169446,0.00016188622976187617,0.288032203912735,-4.5858941078186035
724192,0.07,192.44,3672,891,-9.158918420000001,811,44636,0.001,0.00012650448479689658,0.00015674250607844442,0.37742653489112854,0.7670937776565552
724864,0.07,192.44,3676,891,-9.25225891,812,44678,0.001,0.00021676307369489223,0.000153448068886064,0.3251763880252838,-1.5193225145339966
725856,0.07,192.44,3680,892,-9.19396882,813,44740,0.001,8.446723222732544e-05,0.0001578239753143862,0.28014951944351196,0.1260697841644287
726752,0.07,192.44,3684,892,-9.110846579999997,814,44796,0.001,7.866156374802813e-05,0.0001576963986735791,0.32753825187683105,2.183797836303711
727296,0.08,190.45,3688,892,-8.81271945,815,44830,0.001,9.182273061014712e-05,0.00015632316353730857,0.2775765657424927,-6.470983982086182
727808,0.08,190.45,3692,892,-8.57021686,815,44862,0.001,5.4393844038713723e-05,0.00015216304745990783,0.2785090506076813,-6.658059120178223
728816,0.06,193.21,3696,892,-8.97828939,816,44925,0.001,0.00022916871239431202,0.00015438825357705355,0.2776460647583008,-2.5514373779296875
729936,0.05,194.03,3700,892,-9.14237176,817,44995,0.001,7.614929199917242e-05,0.00015383971913252026,0.29754313826560974,-3.3127098083496094
730496,0.04,194.78,3704,892,-9.073527969999999,818,45030,0.001,7.566016574855894e-05,0.00015203672228381038,0.2903670072555542,-0.45822739601135254
731008,0.03,196.77,3708,892,-9.17113666,818,45062,0.001,6.217518966877833e-05,0.00014959527470637113,0.2743844985961914,-4.835964202880859
732016,0.03,196.77,3712,892,-9.17524437,820,45125,0.001,0.00010370252130087465,0.00015721212548669428,0.3241593837738037,9.909433364868164
733136,0.03,196.77,3716,892,-9.08948686,821,45195,0.001,0.00014529391773976386,0.00016474464791826904,0.32906031608581543,-6.185558319091797
733696,0.03,196.77,3720,892,-9.13406665,822,45230,0.001,7.920520147308707e-05,0.00016645515279378742,0.28525233268737793,3.9327187538146973
734208,0.03,196.77,3724,892,-9.08392602,822,45262,0.001,7.512718730140477e-05,0.00016534369206056,0.3370931148529053,-6.145027160644531
735216,0.03,196.77,3728,892,-9.22061826,823,45325,0.001,0.00016746971232350916,0.0001627807505428791,0.3315429389476776,16.615144729614258
736320,0.04,196.18,3732,892,-9.26640669,825,45394,0.001,0.00011842431558761746,0.0001664365699980408,0.2940247654914856,-0.9224520921707153
736896,0.04,196.18,3736,892,-9.326139849999999,825,45430,0.001,9.399645932717249e-05,0.00016375936684198678,0.31268951296806335,-4.2904558181762695
737408,0.04,196.18,3740,892,-9.24445993,826,45462,0.001,9.467387280892581e-05,0.00016154340119101107,0.3049527406692505,-0.29699623584747314
738272,0.05,194.19,3744,892,-8.929499530000001,827,45516,0.001,6.368466711137444e-05,0.00016113565652631223,0.27193504571914673,-2.8767738342285156
738704,0.05,194.19,3748,892,-8.85969507,827,45543,0.001,9.192391007672995e-05,0.0001615044311620295,0.2907702922821045,-1.8240691423416138
740016,0.04,195.34,3752,892,-8.94991745,829,45625,0.001,5.874431735719554e-05,0.0001635355583857745,0.28848135471343994,-7.358631610870361
740368,0.04,195.34,3756,892,-8.87437719,829,45647,0.001,4.90200545755215e-05,0.00016058905748650432,0.30467551946640015,-4.703984260559082
741472,0.04,195.34,3760,892,-9.19023382,830,45716,0.001,5.587395571637899e-05,0.00015389153850264847,0.2906286418437958,-6.934451103210449
741904,0.03,195.43,3764,892,-9.252279190000001,831,45743,0.001,7.328293577302247e-05,0.00015050091315060854,0.28286734223365784,-3.8396430015563965
743216,0.03,195.43,3768,892,-9.133912989999997,832,45825,0.001,0.000489664264023304,0.00015810116019565612,0.29616236686706543,-2.4550557136535645
743520,0.04,195.25,3772,892,-8.987670909999999,833,45844,0.001,0.00016075113671831787,0.00015977438306435943,0.32229161262512207,4.60132360458374
744080,0.05,194.54,3776,892,-8.889988709999997,833,45879,0.001,8.700346370460466e-05,0.0001639506226638332,0.2714732885360718,-3.9257140159606934
745104,0.05,194.54,3780,892,-8.8718412,835,45943,0.001,5.694438732462004e-05,0.00016674527432769537,0.25423380732536316,-1.8836607933044434
746416,0.05,194.54,3784,892,-9.014433239999999,836,46025,0.001,6.943027983652428e-05,0.00016105025133583695,0.3143922984600067,-1.3497122526168823
746720,0.04,196.53,3788,892,-9.25922229,836,46044,0.001,6.306607974693179e-05,0.0001594445202499628,0.29871439933776855,-0.5800113081932068
747280,0.04,196.53,3792,892,-9.310009610000002,837,46079,0.001,7.702060247538611e-05,0.0001588763843756169,0.34641754627227783,5.444554805755615
748304,0.04,196.53,3796,892,-9.26420963,838,46143,0.001,6.030621807440184e-05,0.00015548846567980945,0.331104576587677,-6.05620002746582
749616,0.04,196.53,3800,892,-9.191608440000001,840,46225,0.001,0.0001178095189970918,0.00014775205636397004,0.28065747022628784,-3.425933599472046
749824,0.05,194.54,3804,892,-9.200040610000002,840,46238,0.001,8.618005085736513e-05,0.00014703125634696335,0.30621665716171265,2.8918533325195312
750480,0.05,194.54,3808,892,-9.271654989999998,841,46279,0.001,7.41196854505688e-05,0.00014759067562408745,0.284521222114563,-2.9956631660461426
751488,0.05,194.54,3812,892,-9.31020169,842,46342,0.001,9.0719637228176e-05,0.00014514765643980354,0.3019317090511322,3.1185483932495117
752336,0.06,193.46,3816,892,-9.173227679999998,843,46395,0.001,6.836992542957887e-05,0.00014464605192188174,0.2882983386516571,-1.4072024822235107
752992,0.06,193.46,3820,892,-9.18513194,843,46436,0.001,7.771891250740737e-05,0.00014276221918407828,0.2838117480278015,-2.536696672439575
753520,0.06,193.46,3824,892,-9.433331119999998,844,46469,0.001,5.7207304053008556e-05,0.00014137040125206113,0.31226569414138794,-0.17092165350914001
754688,0.06,193.46,3828,892,-9.36619679,846,46542,0.001,7.244538574013859e-05,0.00015503419854212552,0.2741433084011078,-10.505158424377441
755536,0.05,194.05,3832,892,-9.44560862,847,46595,0.001,8.052424527704716e-05,0.0001505231630289927,0.27741846442222595,-1.3992037773132324
756192,0.05,194.05,3836,892,-9.49174191,847,46636,0.001,0.0001062382070813328,0.0001514871692052111,0.2670655846595764,16.566837310791016
756608,0.06,192.71,3840,891,-9.36694357,848,46662,0.001,0.0001350583479506895,0.00015445303870365024,0.3179634213447571,-4.780235290527344
757616,0.05,194.7,3844,891,-9.56458761,849,46725,0.001,9.801257692743093e-05,0.00015421077841892838,0.2827112674713135,-3.3146605491638184
758720,0.05,194.7,3848,891,-9.74520684,850,46794,0.001,0.00010569342703092843,0.00014786118117626756,0.2554541826248169,-6.97503662109375
759392,0.05,194.7,3852,891,-9.90007095,851,46836,0.001,6.204211967997253e-05,0.00014496089715976268,0.3053545653820038,-3.964005470275879
759808,0.05,194.7,3856,891,-9.86864038,851,46862,0.001,0.00016471892013214529,0.00014425934932660311,0.30431705713272095,5.846252918243408
760672,0.06,193.91,3860,891,-9.40208547,852,46916,0.001,0.01843516156077385,0.00015213446749839932,0.3048320412635803,-1.322759747505188
761920,0.06,193.91,3864,891,-9.36158903,854,46994,0.001,0.00018680996436160058,0.00015066850755829364,0.28579187393188477,-0.12929871678352356
762592,0.06,193.91,3868,891,-9.36683357,855,47036,0.001,0.0001600000832695514,0.00015447013720404357,0.2914649248123169,-2.2007737159729004
763008,0.05,194.09,3872,891,-9.30981002,855,47062,0.001,0.00015882952720858157,0.00015435746172443032,0.3305654525756836,5.328114986419678
763552,0.05,194.51,3876,891,-9.35071971,856,47096,0.001,0.00011607932538026944,0.00016081480134744197,0.31035181879997253,3.456479549407959
765120,0.05,194.51,3880,891,-9.451337279999999,858,47194,0.001,0.00012440004502423108,0.0001650513004278764,0.3079000413417816,18.534196853637695
765696,0.06,192.52,3884,891,-9.179471540000002,858,47230,0.001,7.776508573442698e-05,0.00017321739869657904,0.3265109956264496,-5.797025203704834
765968,0.06,192.52,3888,891,-9.39211169,859,47247,0.001,7.968145655468106e-05,0.0001715841208351776,0.2954622805118561,-3.8463947772979736
766688,0.06,192.52,3892,891,-9.340765629999998,859,47292,0.001,0.00014814255700912327,0.00016928359400480986,0.29838553071022034,5.364113807678223
767504,0.06,192.52,3896,891,-9.45790459,860,47343,0.001,0.00017085252329707146,0.00017201469745486975,0.28538650274276733,4.336585521697998
768896,0.06,192.52,3900,891,-9.660818420000002,862,47430,0.001,0.00012504241021815687,0.0001745563349686563,0.30331850051879883,6.2291364669799805
769168,0.05,194.51,3904,891,-9.78243408,862,47447,0.001,7.463566726073623e-05,0.00017630144429858774,0.32371610403060913,1.7832492589950562
769888,0.05,194.51,3908,891,-9.79492583,863,47492,0.001,0.00010139471851289272,0.000169934646692127,0.27542683482170105,-7.400494575500488
770704,0.05,194.51,3912,891,-9.70790702,864,47543,0.001,0.00014577143883798271,0.00016341691662091762,0.3061738908290863,-1.6079695224761963
772096,0.04,195.59,3916,891,-9.871385530000001,866,47630,0.001,0.00011528327013365924,0.00016196128854062408,0.2817491590976715,1.5409512519836426
772368,0.04,195.59,3920,891,-9.8353135,866,47647,0.001,0.00010162325634155422,0.00016286490426864475,0.3034512400627136,0.09230056405067444
773088,0.04,195.59,3924,891,-9.6649626,867,47692,0.001,0.00011392687883926556,0.00016014125139918178,0.2844160199165344,-1.4601401090621948
773904,0.04,195.59,3928,891,-9.73885461,868,47743,0.001,0.00021026037575211376,0.00016286630125250667,0.284527063369751,5.388558864593506
775296,0.04,195.59,3932,891,-9.71470841,869,47830,0.001,0.00012434317613951862,0.000175198758370243,0.2618940472602844,5.75966739654541
775568,0.04,195.59,3936,891,-9.78916956,869,47847,0.001,0.00016174852498807013,0.0001797867298591882,0.2738904654979706,9.305644989013672
776144,0.04,196.6,3940,891,-10.002235639999999,870,47883,0.001,0.00013727473560720682,0.00018834050570148975,0.3436890244483948,-1.4558271169662476
777104,0.04,196.6,3944,891,-10.22533611,871,47943,0.001,0.0002449002640787512,0.0001877128961496055,0.2817070484161377,-0.19170719385147095
778496,0.04,196.6,3948,891,-10.372577719999999,873,48030,0.001,0.00014983784058131278,0.00017899906379170716,0.3188740611076355,-1.1612939834594727
778768,0.04,196.6,3952,891,-10.53688067,873,48047,0.001,0.00011094744695583358,0.00017821774235926569,0.28769493103027344,1.740431547164917
779344,0.04,196.6,3956,891,-10.6800873,874,48083,0.001,0.00022677547531202435,0.00017836499318946153,0.3129073977470398,-6.918504238128662
780304,0.03,197.39,3960,891,-10.834255290000002,875,48143,0.001,0.00010459226177772507,0.0001815824070945382,0.31142061948776245,-0.9601160883903503
781632,0.04,196.6,3964,891,-10.795695130000002,877,48226,0.001,0.00019616995996329933,0.00017805822426453233,0.2951524257659912,5.06365966796875
781968,0.04,196.6,3968,891,-10.878731920000002,877,48247,0.001,0.00012579176109284163,0.0001775021228240803,0.2555886507034302,-3.323849678039551
782544,0.04,196.6,3972,891,-11.173545769999999,878,48283,0.001,0.00014886196004226804,0.00017324433429166675,0.27744144201278687,0.6741466522216797
783504,0.03,196.89,3976,891,-11.281015859999995,879,48343,0.001,0.00011043141421396285,0.00017048492736648768,0.29971617460250854,1.377946376800537
784832,0.03,196.89,3980,891,-11.274651069999997,880,48426,0.001,6.551900878548622e-05,0.00017031801689881831,0.29012951254844666,0.2147536277770996
785168,0.02,198.88,3984,891,-11.395300820000003,881,48447,0.001,0.00010874682629946619,0.000170919593074359,0.3280540704727173,2.4902114868164062
785744,0.02,198.88,3988,891,-11.267724939999999,881,48483,0.001,6.0073620261391625e-05,0.00017359049525111914,0.30246639251708984,-2.109489917755127
786704,0.02,198.88,3992,891,-11.40555808,882,48543,0.001,7.300284050870687e-05,0.00017144199227914214,0.2683961093425751,-0.6430714130401611
788032,0.02,198.88,3996,891,-11.443169399999999,884,48626,0.001,5.489971590577625e-05,0.00016552860324736685,0.28156614303588867,-3.7806668281555176
788368,0.02,198.88,4000,891,-11.39488858,884,48647,0.001,8.727992099011317e-05,0.00016417344158980995,0.2796632647514343,-1.8032300472259521
788944,0.02,198.88,4004,891,-11.563948180000002,885,48683,0.001,7.022357021924108e-05,0.00016086465620901436,0.30104780197143555,-2.410116195678711
789904,0.02,198.88,4008,891,-11.715975090000002,886,48743,0.001,8.7823296780698e-05,0.00015573465498164296,0.32304370403289795,-1.3112598657608032
791232,0.02,198.88,4012,891,-11.732841390000003,887,48826,0.001,0.0002473464410286397,0.00015520150191150606,0.3259899616241455,58.43386459350586
791568,0.02,198.88,4016,891,-11.817285060000001,888,48847,0.001,0.00011326291132718325,0.000172430241946131,0.35008811950683594,19.293807983398438
792144,0.02,198.88,4020,891,-11.794796430000002,889,48883,0.001,0.00019915832672268152,0.00017777095490600914,0.32290709018707275,2.23685359954834
793104,0.02,198.88,4024,891,-11.95141995,890,48943,0.001,0.000489585567265749,0.0001768944348441437,0.26919832825660706,7.731267929077148
794432,0.02,198.88,4028,891,-11.909847580000001,891,49026,0.001,8.146931941155344e-05,0.00017765352095011622,0.2897075414657593,-5.238404750823975
794768,0.02,198.88,4032,891,-11.879008400000002,891,49047,0.001,0.0001269549538847059,0.0001758975413395092,0.2687031924724579,-5.629482746124268
795280,0.03,197.35,4036,891,-11.78632456,892,49079,0.001,9.968238009605557e-05,0.00017470470629632473,0.2773323059082031,-1.6427555084228516
796288,0.02,197.68,4040,891,-11.80998767,892,49142,0.001,7.322290912270546e-05,0.0001687754993326962,0.3112528622150421,-2.5842580795288086
797136,0.02,197.68,4044,891,-11.61469939,893,49195,0.001,0.00010677328100427985,0.00016442130436189473,0.31067711114883423,-4.971662998199463
797968,0.02,197.68,4048,891,-11.338394379999997,894,49247,0.001,6.669130380032584e-05,0.00015960182645358145,0.28462880849838257,0.7244108319282532
798480,0.02,197.68,4052,891,-11.082328910000001,895,49279,0.001,0.00014203636965248734,0.0001589739986229688,0.25731176137924194,-6.175819396972656
799488,0.02,197.68,4056,891,-11.03769422,896,49342,0.001,0.0002211184473708272,0.00015511538367718458,0.3425567150115967,4.6213765144348145
800336,0.02,197.68,4060,891,-11.022242550000003,897,49395,0.001,8.837200584821403e-05,0.00016235439397860318,0.32150644063949585,-2.342097282409668
801168,0.01,198.47,4064,891,-11.0860463,898,49447,0.001,0.00013453749124892056,0.00016047652752604336,0.2697516679763794,-3.072817802429199
801680,0.01,198.47,4068,891,-11.03718832,899,49479,0.001,8.792377775534987e-05,0.00015854038065299392,0.3022250533103943,-3.53167724609375
802688,0.01,198.47,4072,891,-10.788984129999996,900,49542,0.001,0.00013048877008259296,0.00015722712851129472,0.3090943396091461,2.7938437461853027
803536,0.01,198.47,4076,891,-10.917555709999998,901,49595,0.001,0.00010596209904178977,0.00015320167585741729,0.27983540296554565,-5.502037048339844
804368,0.01,198.47,4080,891,-10.907513690000004,902,49647,0.001,6.953204865567386e-05,0.00015121047908905894,0.3238755166530609,0.4580204486846924
804880,0.01,198.47,4084,891,-11.06827008,902,49679,0.001,6.607958493987098e-05,0.0001505533145973459,0.30903980135917664,0.13543415069580078
805888,0.01,198.47,4088,891,-10.969540949999999,903,49742,0.001,9.556264558341354e-05,0.0001493455347372219,0.23251530528068542,-2.0876846313476562
806736,0.01,198.47,4092,891,-10.924664700000001,904,49795,0.001,5.9045440139016137e-05,0.0001486757828388363,0.2944912910461426,2.345773696899414
807568,0.01,198.47,4096,891,-10.78938222,905,49847,0.001,0.00011267772788414732,0.00014922721311450005,0.3029842972755432,4.087994575500488
807984,0.02,196.48,4100,891,-10.5422148,906,49873,0.001,8.532432548236102e-05,0.00015224666276481003,0.30165863037109375,2.2832393646240234
808352,0.02,196.48,4104,891,-10.48824325,906,49896,0.001,0.00018280913354828954,0.00015362026169896126,0.3052901029586792,-3.254833459854126
809936,0.02,196.48,4108,891,-10.58310042,908,49995,0.001,6.546513759531081e-05,0.00016020021575968713,0.28360801935195923,-5.6326494216918945
810624,0.02,196.48,4112,891,-10.649860089999999,909,50038,0.001,0.00015981642354745418,0.00015769129095133394,0.28505465388298035,-2.924065351486206
811184,0.02,196.48,4116,891,-10.557266750000004,910,50073,0.001,5.6294797104783356e-05,0.00015464819443877786,0.3058627247810364,-7.497951507568359
811552,0.02,196.48,4120,891,-10.844724459999998,910,50096,0.001,8.609455835539848e-05,0.00015208123659249395,0.3007814288139343,-1.5211175680160522
813136,0.02,196.48,4124,891,-10.70643668,912,50195,0.001,0.0001540029770694673,0.00014904032286722213,0.3207438886165619,0.05987757444381714
813824,0.02,196.48,4128,891,-10.74254658,913,50238,0.001,0.00061615533195436,0.00014826685946900398,0.3313767910003662,-3.263476848602295
814384,0.02,196.48,4132,891,-10.668203849999998,913,50273,0.001,0.00022798925056122243,0.00014616906992159784,0.2962591052055359,1.7571306228637695
814752,0.01,198.01,4136,891,-10.6535263,914,50296,0.001,0.0001355507702101022,0.0001462672371417284,0.3007543087005615,4.645079612731934
816336,0.01,198.01,4140,891,-10.740922870000002,915,50395,0.001,0.0001095693587558344,0.00014552076754625887,0.2797320485115051,3.0741682052612305
817024,0.01,198.01,4144,891,-10.722159410000002,916,50438,0.001,0.000337389821652323,0.00014680456661153585,0.32600852847099304,12.63420295715332
817584,0.01,198.01,4148,891,-10.770390459999998,917,50473,0.001,0.000198422116227448,0.00016218276869039983,0.30409759283065796,14.569129943847656
817952,0.02,197.96,4152,891,-10.651861150000002,917,50496,0.001,0.00011337707110214978,0.0001685630122665316,0.31695371866226196,-3.1535003185272217
819056,0.03,196.66,4156,891,-10.493422039999999,918,50565,0.001,0.00023405690444633365,0.00019130934379063547,0.31021174788475037,5.801397323608398
820192,0.03,196.66,4160,891,-10.602724119999998,920,50636,0.001,8.169484499376267e-05,0.000197308007045649,0.24080267548561096,6.805980682373047
820736,0.03,196.66,4164,891,-10.87172496,920,50670,0.001,7.066115358611569e-05,0.00019890729163307697,0.2887982428073883,-3.482184648513794
821152,0.03,196.66,4168,891,-10.95790811,921,50696,0.001,9.235164907295257e-05,0.0001962505339179188,0.2732251286506653,-7.777338027954102
822256,0.03,196.66,4172,891,-11.055036579999996,922,50765,0.001,0.00010330336226616055,0.000195581087609753,0.32400500774383545,2.245866537094116
823392,0.03,196.66,4176,891,-10.922887629999996,923,50836,0.001,8.285212970804423e-05,0.00018668493430595845,0.28180861473083496,-10.3228759765625
823936,0.03,196.66,4180,891,-10.866196379999998,924,50870,0.001,0.00010936066973954439,0.0001821113401092589,0.3052699565887451,-5.228679180145264
824352,0.03,196.66,4184,891,-10.82471453,924,50896,0.001,7.872862624935806e-05,0.00017912800831254572,0.3306630849838257,-6.3200483322143555
825120,0.04,194.67,4188,891,-10.605239840000001,925,50944,0.001,9.429286728845909e-05,0.0001729717623675242,0.2998389005661011,-3.811290740966797
825936,0.05,192.68,4192,891,-10.445841969999998,926,50995,0.001,9.27152213989757e-05,0.00016732046788092703,0.2831576466560364,-7.427078723907471
826768,0.05,192.68,4196,891,-10.399532160000001,927,51047,0.001,7.633421046193689e-05,0.00017309784016106278,0.34673333168029785,-1.79327392578125
827344,0.04,194.67,4200,891,-10.52014682,928,51083,0.001,9.575409058015794e-05,0.0001696007966529578,0.3266043961048126,-8.374946594238281
828304,0.04,194.67,4204,891,-10.42255517,929,51143,0.001,8.971570787252858e-05,0.00016345619224011898,0.2677875757217407,-6.234997749328613
829136,0.04,194.67,4208,891,-10.1928249,930,51195,0.001,7.944574463181198e-05,0.0001621257106307894,0.31626081466674805,6.652947902679443
829968,0.04,194.67,4212,891,-10.429813160000002,931,51247,0.001,9.021270670928061e-05,0.00016623509873170406,0.27510157227516174,-7.3506975173950195
830544,0.04,194.67,4216,891,-10.67556407,932,51283,0.001,0.0003547784290276468,0.00016333449457306415,0.267508864402771,23.41449737548828
831504,0.04,194.67,4220,891,-10.58067895,933,51343,0.001,8.03452858235687e-05,0.00017477288201916963,0.3086645305156708,-3.202363967895508
832336,0.04,194.67,4224,891,-10.829576300000001,934,51395,0.001,0.00034961357596330345,0.00017531491175759584,0.28761059045791626,-0.8932033777236938
833168,0.04,194.67,4228,891,-10.619754770000002,935,51447,0.001,9.668457641964778e-05,0.0001748508948367089,0.26776814460754395,-3.78602933883667
833744,0.04,194.67,4232,891,-10.958116340000002,935,51483,0.001,6.514292908832431e-05,0.00017123969155363739,0.27616456151008606,-9.0142183303833
834704,0.04,194.67,4236,890,-10.869913479999997,936,51543,0.001,0.0003500730963423848,0.00016629535821266472,0.2863250970840454,-0.9666892290115356
835536,0.04,194.67,4240,890,-10.80263638,937,51595,0.001,0.0006612447323277593,0.00016653358761686832,0.29243534803390503,1.5414341688156128
836368,0.04,194.67,4244,890,-10.672992960000002,938,51647,0.001,9.752536425366998e-05,0.0001691033539827913,0.28905874490737915,-3.5736050605773926
836944,0.04,194.67,4248,890,-10.678651920000002,939,51683,0.001,0.00020531841437332332,0.00016659330867696553,0.32577288150787354,-4.5652995109558105
837904,0.03,194.72,4252,890,-10.643720190000002,940,51743,0.001,9.17413635761477e-05,0.00016887919628061354,0.3060760498046875,-7.391874313354492
838736,0.02,196.02,4256,891,-10.896121310000002,941,51795,0.001,0.0001476416364312172,0.00017292526899836957,0.3085165321826935,29.458694458007812
839424,0.03,195.78,4260,890,-10.713621899999998,942,51838,0.001,7.54084758227691e-05,0.0001826745574362576,0.29394376277923584,0.4921012222766876
840144,0.03,195.78,4264,890,-10.621594189999998,942,51883,0.001,0.0004944757092744112,0.00018273379828315228,0.30572742223739624,-2.746288776397705
841104,0.03,195.78,4268,891,-10.77682227,943,51943,0.001,0.00020800581842195243,0.00018236786127090454,0.29547280073165894,3.7748076915740967
841936,0.03,195.78,4272,891,-10.686767559999998,944,51995,0.001,4.647312016459182e-05,0.0001837011077441275,0.27977079153060913,0.654118537902832
842624,0.03,195.78,4276,891,-10.78900449,945,52038,0.001,7.591572648379952e-05,0.00018382255802862346,0.3335431218147278,-2.002101421356201
843344,0.03,195.78,4280,891,-10.75722167,946,52083,0.001,0.00010687102621886879,0.00018043394084088504,0.27954065799713135,1.6191775798797607
844304,0.03,195.78,4284,891,-10.738860630000001,947,52143,0.001,0.00011973424989264458,0.00018461100989952683,0.2770259380340576,3.6382663249969482
845136,0.02,197.77,4288,891,-11.067065780000002,948,52195,0.001,5.871473331353627e-05,0.00018183280189987272,0.26192182302474976,-5.453751564025879
845824,0.01,199.76,4292,891,-11.306623980000001,949,52238,0.001,9.168490942101926e-05,0.0001791310787666589,0.3353688716888428,-2.7207651138305664
846544,0.01,199.76,4296,891,-11.421470940000004,950,52283,0.001,9.374626097269356e-05,0.00017550276243127882,0.26705896854400635,-0.8171522617340088
847504,0.01,199.76,4300,891,-11.40206473,951,52343,0.001,7.493297744076699e-05,0.00017265039787162095,0.3096201717853546,-0.2996712923049927
848336,0.02,198.51,4304,891,-11.28823252,952,52395,0.001,8.567557961214334e-05,0.0001706423790892586,0.29297417402267456,-1.350464105606079
849024,0.02,198.51,4308,891,-11.11302677,952,52438,0.001,6.89508015057072e-05,0.00016538091585971415,0.2995009422302246,-4.102690696716309
849600,0.02,198.51,4312,891,-10.974647510000002,953,52474,0.001,8.897035149857402e-05,0.00016345152107533067,0.31170493364334106,3.7293448448181152
850704,0.02,198.51,4316,891,-10.7351297,954,52543,0.001,0.00016558072820771486,0.0001723138557281345,0.3222847580909729,-0.2019728422164917
851536,0.02,198.51,4320,891,-10.730069610000003,955,52595,0.001,0.0001683353038970381,0.0001693147496553138,0.3078099489212036,-2.5252845287323
852224,0.02,198.51,4324,891,-10.556871179999998,956,52638,0.001,0.00022284319857135415,0.00016533549933228642,0.27182698249816895,-5.5692853927612305
852800,0.02,198.51,4328,891,-10.62393072,956,52674,0.001,7.235108932945877e-05,0.00016858422895893455,0.29128777980804443,1.1586179733276367
853904,0.02,198.51,4332,891,-10.24315938,958,52743,0.001,0.00010220699186902493,0.00016192143084481359,0.28410017490386963,-1.4406026601791382
854736,0.02,198.51,4336,891,-10.409892769999999,958,52795,0.001,0.00010234295041300356,0.0001614125067135319,0.2915012836456299,7.475476264953613
855424,0.02,198.51,4340,891,-10.31035857,959,52838,0.001,7.701934373471886e-05,0.0001618406968191266,0.31329840421676636,9.81228256225586
856000,0.02,198.51,4344,891,-10.43241362,960,52874,0.001,8.239096496254206e-05,0.00016593052714597434,0.3224775195121765,-4.592000484466553
857104,0.02,198.51,4348,891,-10.36303579,961,52943,0.001,0.0001382780319545418,0.00015535135753452778,0.29946768283843994,0.9615559577941895
857936,0.02,198.51,4352,891,-10.571744400000002,962,52995,0.001,0.00011057775554945692,0.00015447704936377704,0.3324812650680542,-1.7621852159500122
858624,0.02,198.51,4356,891,-10.565138919999997,963,53038,0.001,0.000388556276448071,0.00015111375250853598,0.3244937062263489,-4.641335487365723
859200,0.01,198.75,4360,891,-10.754473769999999,963,53074,0.001,6.673220195807517e-05,0.00015446364704985172,0.29769736528396606,12.235172271728516
860288,0.02,198.44,4364,891,-10.52339581,964,53142,0.001,6.418398697860539e-05,0.00015521807654295117,0.2694288492202759,-1.079364538192749
860960,0.03,197.81,4368,891,-10.203532629999998,965,53184,0.001,9.283492545364425e-05,0.00015620484191458672,0.30544841289520264,10.128759384155273
861792,0.03,197.81,4372,891,-10.326145450000002,966,53236,0.001,0.00019591685850173235,0.0001601592666702345,0.32380175590515137,5.039147853851318
862400,0.03,197.81,4376,891,-10.412232649999998,967,53274,0.001,0.00011348040425218642,0.00016053637955337763,0.3081788718700409,-4.6464738845825195
863488,0.03,197.81,4380,891,-10.65708556,968,53342,0.001,8.17286127130501e-05,0.0001610075414646417,0.2992432415485382,-3.2131118774414062
864160,0.03,197.81,4384,891,-10.718950779999998,968,53384,0.001,4.32491215178743e-05,0.00015565032663289458,0.297389417886734,-6.4495086669921875
864992,0.03,197.81,4388,891,-10.685676059999999,969,53436,0.001,9.21915634535253e-05,0.0001500655198469758,0.2993588447570801,-4.6728057861328125
865600,0.03,197.81,4392,892,-10.573647510000002,970,53474,0.001,0.00011047005682485178,0.00014591585204470903,0.3011339604854584,-0.5929320454597473
866688,0.03,197.81,4396,891,-10.652097959999999,971,53542,0.001,0.00019692527712322772,0.0001424986112397164,0.3280068635940552,-5.952905654907227
867152,0.04,196.57,4400,891,-11.026896189999997,972,53571,0.001,0.00013836091966368258,0.000140374104375951,0.2549927830696106,-6.274141311645508
868096,0.03,197.82,4404,891,-11.24755976,973,53630,0.001,0.00016967554984148592,0.00014040703536011279,0.3023248016834259,1.295512080192566
868800,0.03,197.82,4408,892,-11.29879295,973,53674,0.001,0.00012132641859352589,0.00014286696386989206,0.30400794744491577,-1.9480667114257812
869408,0.04,196.58,4412,892,-11.286260550000002,974,53712,0.001,0.00017512773047201335,0.00014222260506357998,0.3273273706436157,-3.0697097778320312
870256,0.04,196.58,4416,892,-11.30198498,975,53765,0.001,0.00013714727538172156,0.00014010393351782113,0.2984032928943634,2.363723039627075
870736,0.04,196.58,4420,892,-11.178883050000001,975,53795,0.001,0.00016281779971905053,0.0001424025685992092,0.28301531076431274,9.642460823059082
871424,0.05,195.37,4424,892,-10.926830150000002,976,53838,0.001,0.0003334177890792489,0.00014951011689845473,0.3132043480873108,0.3155369758605957
872512,0.05,195.37,4428,892,-11.140373280000004,977,53906,0.001,0.00010307363118045032,0.00017464540724176913,0.3407675325870514,0.6437469720840454
873456,0.05,195.37,4432,892,-11.321804890000001,978,53965,0.001,0.00012058041465934366,0.00018049882783088833,0.31093236804008484,5.86192512512207
873936,0.05,195.37,4436,892,-11.428808220000002,979,53995,0.001,0.00010261869465466589,0.00018423657456878573,0.270438015460968,-1.3241662979125977
874624,0.05,195.37,4440,892,-11.9780962,980,54038,0.001,0.00015957537107169628,0.0001853293360909447,0.2911011576652527,2.989307403564453
875712,0.05,195.37,4444,892,-12.3453631,981,54106,0.001,0.00010977649071719497,0.0001798836310626939,0.27497589588165283,-4.68087100982666
876656,0.05,195.37,4448,892,-12.70590764,982,54165,0.001,0.00014551510685123503,0.00017578752886038274,0.3126615881919861,-2.3027548789978027
877136,0.05,195.37,4452,892,-12.550601869999998,983,54195,0.001,8.878627704689279e-05,0.0001732978707877919,0.26444995403289795,0.061593472957611084
877824,0.05,195.37,4456,892,-12.404303100000002,984,54238,0.001,0.00011070091568399221,0.0001709901844151318,0.2834567427635193,2.73974347114563
878688,0.06,194.12,4460,892,-12.226138360000002,984,54292,0.001,0.00012275569315534085,0.00017327805107925087,0.2699485421180725,8.684470176696777
879552,0.05,194.43,4464,892,-12.27584315,985,54346,0.001,0.0002114689559675753,0.00017940718680620193,0.31444263458251953,1.8518292903900146
880336,0.04,195.06,4468,892,-12.386748129999999,986,54395,0.001,0.0001841620687628165,0.00017375875904690474,0.27341723442077637,-4.9977593421936035
881024,0.04,195.06,4472,892,-12.375647459999996,987,54438,0.001,0.0002797115012072027,0.0001727383496472612,0.29343074560165405,1.0134997367858887
881888,0.04,195.06,4476,891,-12.209522699999997,988,54492,0.001,6.663697422482073e-05,0.00016593257896602154,0.271186888217926,-7.8653974533081055
882752,0.04,195.06,4480,891,-11.995582390000003,989,54546,0.001,9.252062591258436e-05,0.00015967932995408773,0.3062673807144165,-5.422111988067627
883536,0.04,195.06,4484,891,-11.88910954,990,54595,0.001,9.77473464445211e-05,0.00015497711137868464,0.29137831926345825,-1.091454267501831
884224,0.04,195.06,4488,891,-11.87022215,991,54638,0.001,0.0003800360718742013,0.00015447026817128062,0.32193636894226074,30.144878387451172
885088,0.04,195.06,4492,891,-12.035531380000002,992,54692,0.001,0.00014764346997253597,0.00016506215615663677,0.2922399640083313,4.571152687072754
885952,0.04,195.06,4496,891,-12.10981853,993,54746,0.001,7.308053318411112e-05,0.00016603055701125413,0.31912362575531006,4.255443096160889
886736,0.03,196.3,4500,891,-11.905536680000003,994,54795,0.001,0.00014631618978455663,0.00016511158901266754,0.2926795482635498,-3.241931915283203
887424,0.03,196.3,4504,891,-11.886064320000001,995,54838,0.001,0.00014895808999426663,0.00016334866813849658,0.2831633687019348,-0.24787813425064087
888288,0.03,196.3,4508,891,-11.926713879999998,996,54892,0.001,7.034258305793628e-05,0.00016421335749328136,0.2880415916442871,-2.4012296199798584
889152,0.02,197.54,4512,891,-12.008839539999999,997,54946,0.001,0.00019289841293357313,0.00017078875680454075,0.31014785170555115,0.8688864707946777
889936,0.02,197.54,4516,891,-12.092699680000003,997,54995,0.001,0.00022927200188860297,0.00017066369764506817,0.303283154964447,4.957096576690674
890624,0.02,197.54,4520,891,-12.017118169999998,998,55038,0.001,0.0002762466901913285,0.00017166744510177523,0.3057388365268707,0.9375159740447998
891488,0.01,198.75,4524,891,-12.244979889999998,999,55092,0.001,9.693590254755691e-05,0.0001797239965526387,0.31532061100006104,-1.2306969165802002
892352,0.01,198.75,4528,891,-12.010103949999998,1000,55146,0.001,9.463359310757369e-05,0.00017574478988535702,0.3132248818874359,-5.605025291442871
893136,0.02,196.76,4532,891,-11.7769439,1001,55195,0.001,0.0012701059458777308,0.0001707662595435977,0.3387840986251831,-2.2069754600524902
893824,0.02,196.76,4536,891,-11.624050590000001,1002,55238,0.001,0.00010109947470482439,0.00016648419841658324,0.31554388999938965,-6.484527587890625
894400,0.03,196.07,4540,891,-10.963390400000002,1002,55274,0.001,0.00011556989920791239,0.0001615564979147166,0.3044710159301758,0.33002519607543945
895536,0.03,196.07,4544,891,-10.561141319999999,1004,55345,0.001,0.0001093301543733105,0.00016657043306622654,0.27686476707458496,1.413838267326355
896336,0.03,196.07,4548,891,-10.35452353,1005,55395,0.001,0.0003982146445196122,0.00016361840243916959,0.266715943813324,-6.494533061981201
897008,0.04,194.08,4552,891,-10.109091130000001,1005,55437,0.001,0.00025252794148400426,0.00016729781054891646,0.35456451773643494,16.599206924438477
897360,0.04,194.08,4556,891,-10.244283410000001,1006,55459,0.001,0.0001739929139148444,0.00017161948198918253,0.29623210430145264,-2.0965137481689453
898112,0.03,195.33,4560,891,-10.45748433,1007,55506,0.001,0.00036746097612194717,0.00017121323617175221,0.30132466554641724,3.6353981494903564
899056,0.04,194.1,4564,891,-10.34051575,1008,55565,0.001,0.00013057704200036824,0.00017117781681008637,0.32073670625686646,0.7729834318161011
899952,0.04,194.1,4568,891,-10.37383045,1009,55621,0.001,0.001137185376137495,0.00016590488667134196,0.2943986654281616,4.216775417327881
900560,0.04,194.1,4572,891,-10.36768594,1010,55659,0.001,0.0001719303400022909,0.0001692143559921533,0.2877630591392517,-2.7383389472961426
901312,0.04,194.1,4576,891,-10.383646750000002,1010,55706,0.001,0.00017137572285719216,0.00016832076653372496,0.29162728786468506,1.1232587099075317
902256,0.04,194.1,4580,891,-10.583350280000001,1011,55765,0.001,0.0001003503130050376,0.00016951526049524546,0.3204954266548157,4.202723503112793
903152,0.04,194.1,4584,891,-10.55974334,1012,55821,0.001,0.00011321141209919006,0.00017372496949974447,0.33238881826400757,2.8894741535186768
903760,0.04,194.1,4588,891,-10.43142577,1013,55859,0.001,0.00013056980969849974,0.00017300427134614438,0.28397104144096375,-0.7717396020889282
904512,0.04,194.1,4592,891,-10.489126109999999,1014,55906,0.001,0.00014350797573570162,0.0001725054025882855,0.29354405403137207,-4.411022186279297
905456,0.04,194.1,4596,891,-10.187064899999998,1015,55965,0.001,7.523714157287031e-05,0.00016956764739006758,0.27980828285217285,-8.175494194030762
905936,0.05,193.46,4600,891,-10.075459129999999,1016,55995,0.001,0.00017962540732696652,0.00016625715943519026,0.2771505117416382,-1.957820177078247
906960,0.05,193.46,4604,891,-9.99317131,1017,56059,0.001,9.991577098844573e-05,0.00016293932276312262,0.2925475835800171,-0.13672775030136108
907712,0.05,193.46,4608,891,-10.162726,1018,56106,0.001,0.00015831617929507047,0.0001604208373464644,0.30822867155075073,-1.1767278909683228
908656,0.05,193.46,4612,891,-10.081179109999999,1019,56165,0.001,0.0001547541905893013,0.00016175674682017416,0.29076260328292847,-2.2643654346466064
909136,0.05,193.46,4616,891,-10.094891220000001,1019,56195,0.001,0.0001955532206920907,0.00016153075557667762,0.32225489616394043,-5.281162261962891
910160,0.05,193.46,4620,891,-10.17325429,1020,56259,0.001,0.00014032988110557199,0.0001675492967478931,0.333150178194046,-1.1096060276031494
910768,0.06,192.22,4624,891,-10.03326986,1021,56297,0.001,0.00013715628301724792,0.00016538721683900803,0.23392289876937866,-4.223941802978516
911536,0.07,190.23,4628,891,-9.78328866,1022,56345,0.001,0.00022376608103513718,0.00016264543228317052,0.28504738211631775,0.6719918251037598
912080,0.06,192.22,4632,891,-10.09400474,1023,56379,0.001,0.000122343422845006,0.0001672821817919612,0.33073192834854126,1.6280698776245117
913024,0.06,192.22,4636,891,-10.14351319,1024,56438,0.001,0.00017063738778233528,0.0001614371285540983,0.3168632686138153,-4.431992530822754
913888,0.05,192.91,4640,891,-10.216849589999999,1025,56492,0.001,6.690511509077623e-05,0.00015298137441277504,0.2895852327346802,-5.715779781341553
914384,0.06,192.67,4644,891,-10.257131220000002,1025,56523,0.001,0.00028282421408221126,0.00015165237709879875,0.2961966395378113,6.836205959320068
915280,0.06,192.67,4648,891,-10.24453063,1026,56579,0.001,0.0010130484588444233,0.00015760814130771905,0.28598618507385254,-5.481238842010498
916224,0.05,194.66,4652,891,-10.6446242,1027,56638,0.001,0.0001670027559157461,0.00015866229659877717,0.30841314792633057,-0.07448208332061768
917088,0.05,194.66,4656,891,-10.56271195,1028,56692,0.001,0.0005555549287237227,0.00015285566041711718,0.27312660217285156,20.386415481567383
917584,0.05,194.66,4660,891,-10.36343697,1029,56723,0.001,0.00014800589997321367,0.00015966608771122992,0.24669529497623444,3.8841495513916016
918480,0.04,195.89,4664,891,-10.58313629,1030,56779,0.001,0.00018896308029070497,0.00016097776824608445,0.3096412122249603,2.6857786178588867
919424,0.04,195.89,4668,891,-10.677905980000002,1031,56838,0.001,0.00011620343866525218,0.0001695745886536315,0.26768556237220764,-5.378399848937988
920288,0.04,195.89,4672,891,-10.58127688,1032,56892,0.001,0.00015366832667496055,0.0001695965911494568,0.26805579662323,-2.9481327533721924
920784,0.04,195.89,4676,891,-10.48543373,1032,56923,0.001,0.00011872081086039543,0.00017132544599007815,0.3107832670211792,14.614935874938965
921680,0.04,195.89,4680,891,-10.33226663,1033,56979,0.001,0.0001423867215635255,0.00017646241758484393,0.30643582344055176,3.968146800994873
922624,0.04,195.89,4684,891,-10.363681340000001,1034,57038,0.001,0.00010576203203527257,0.0001775698474375531,0.3103122115135193,-3.2919907569885254
923488,0.04,195.89,4688,891,-10.427953400000002,1035,57092,0.001,9.866330947261304e-05,0.00017010423471219838,0.29077625274658203,-4.665107727050781
923984,0.04,195.89,4692,891,-10.29743575,1036,57123,0.001,0.00012778928794432431,0.0001659691333770752,0.3267912268638611,-1.5651230812072754
924880,0.04,195.89,4696,891,-10.41029714,1037,57179,0.001,0.00017338883480988443,0.00016375858103856444,0.2671012282371521,-4.940680027008057
925824,0.03,196.53,4700,891,-10.427029990000001,1038,57238,0.001,0.0005589787615463138,0.00015925806656014174,0.3026180863380432,-1.7126686573028564
926688,0.03,196.53,4704,891,-10.592442309999997,1039,57292,0.001,0.00011931628978345543,0.0001592096232343465,0.3303050696849823,-5.208535194396973
927184,0.03,196.53,4708,891,-10.36371527,1039,57323,0.001,0.016087155789136887,0.00015612426795996726,0.3099890947341919,1.0067169666290283
928080,0.03,196.53,4712,891,-10.487545290000003,1040,57379,0.001,0.00016785450861789286,0.00015313494077418,0.2966878414154053,-0.6861779689788818
929024,0.03,196.53,4716,891,-10.40472906,1041,57438,0.001,0.00016124617832247168,0.00015394334332086146,0.30237334966659546,4.26969051361084
929888,0.03,196.53,4720,891,-10.30770721,1042,57492,0.001,0.00014433971955440938,0.00015040967264212668,0.26348403096199036,-2.8425164222717285
930384,0.02,197.77,4724,891,-10.282593050000001,1043,57523,0.001,7.978820212883875e-05,0.000149436280480586,0.2737659513950348,-0.9600218534469604
931280,0.01,199.76,4728,891,-10.52641168,1044,57579,0.001,0.00023351267736870795,0.0001479655475122854,0.2952767610549927,-4.567171096801758
932224,0.01,199.76,4732,892,-10.274799109999998,1044,57638,0.001,0.00017444156401325017,0.000147901926538907,0.2982684373855591,6.457939147949219
933088,0.01,199.76,4736,892,-10.252139969999998,1045,57692,0.001,0.00017673143884167075,0.00015149152022786438,0.2679498791694641,-1.0468688011169434
933584,0.01,199.76,4740,892,-10.258775439999999,1046,57723,0.001,0.0001273743255296722,0.0001526044070487842,0.2483169138431549,2.692345142364502
934352,0.01,198.56,4744,892,-10.04898369,1047,57771,0.001,0.00014223673497326672,0.0001648130128160119,0.31308600306510925,4.397254467010498
935408,0.01,198.56,4748,892,-9.926459099999999,1048,57837,0.001,0.00018616847228258848,0.0001679381966823712,0.3136468231678009,10.916666030883789
936288,0.01,198.56,4752,892,-9.82066098,1049,57892,0.001,0.00013852829579263926,0.00017458012735005468,0.3029066026210785,0.98624587059021
936784,0.01,198.56,4756,892,-9.83577618,1049,57923,0.001,0.00014881649985909462,0.0001748342183418572,0.2614436745643616,-5.9769768714904785
937552,0.01,198.56,4760,892,-9.81028626,1050,57971,0.001,0.00010019411274697632,0.00016882523777894676,0.2817336320877075,-10.04715347290039
938608,0.01,198.56,4764,892,-9.766613549999999,1051,58037,0.001,0.0003095744177699089,0.000159506278578192,0.3109990358352661,-3.184589385986328
939488,0.01,198.56,4768,892,-9.602690269999998,1052,58092,0.001,8.432647155132145e-05,0.00015957186406012625,0.24917446076869965,4.30316162109375
939984,0.01,198.56,4772,892,-9.548180140000001,1053,58123,0.001,0.00019929540576413274,0.00016255998343694955,0.3239009380340576,10.801048278808594
940752,0.01,198.56,4776,892,-9.54894725,1054,58171,0.001,0.013988477177917957,0.00017331687558908015,0.26799413561820984,-4.072670936584473
941808,0.01,198.56,4780,892,-9.526777090000001,1055,58237,0.001,0.00017483113333582878,0.0001667718170210719,0.2426559180021286,-6.679366111755371
942688,0.01,198.56,4784,892,-9.46195677,1056,58292,0.001,0.00015728648577351123,0.00016958122432697564,0.3101240396499634,10.448423385620117
943072,0.02,196.57,4788,892,-9.313665,1056,58316,0.001,0.00013440636394079775,0.0001742592576192692,0.2707246243953705,-8.492258071899414
943856,0.02,196.57,4792,892,-9.32563592,1057,58365,0.001,0.01466253213584423,0.00016506342217326164,0.335173100233078,-5.023775577545166
944336,0.02,196.57,4796,892,-9.19206476,1058,58395,0.001,0.00011928294406970963,0.00015984570200089365,0.30960196256637573,-7.324843883514404
945600,0.02,196.57,4800,892,-9.13995081,1059,58474,0.001,0.000162747863214463,0.00015163228090386838,0.27697765827178955,-2.6124074459075928
946272,0.02,196.57,4804,892,-9.076338920000001,1060,58516,0.001,0.00036187536898069084,0.0001487310801167041,0.2994609475135803,0.7238925695419312
947056,0.02,196.57,4808,892,-9.14715666,1061,58565,0.001,7.891710993135348e-05,0.00015103032637853175,0.2931593060493469,-2.6494336128234863
947536,0.02,196.57,4812,892,-8.89760329,1061,58595,0.001,6.503865733975545e-05,0.0001516289630671963,0.3271472454071045,0.5912009477615356
948800,0.02,196.57,4816,892,-8.85336558,1063,58674,0.001,7.790594827383757e-05,0.00015397931565530598,0.2573184370994568,1.534174919128418
949472,0.02,196.57,4820,892,-8.772683729999999,1063,58716,0.001,0.0005050646141171455,0.00015362538397312164,0.2910159230232239,5.686575889587402
950256,0.02,196.57,4824,892,-8.915912500000001,1064,58765,0.001,0.00018916802946478128,0.0001610295003047213,0.3072195053100586,6.156353950500488
950736,0.02,196.57,4828,892,-9.0610926,1065,58795,0.001,0.00036186326178722084,0.0001662419381318614,0.2777886986732483,1.6573554277420044
952000,0.02,196.57,4832,892,-9.2973455,1066,58874,0.001,0.00014852365711703897,0.0001781970204319805,0.29805877804756165,7.449000358581543
952672,0.02,196.57,4836,892,-9.35086723,1067,58916,0.001,8.118090045172721e-05,0.00018297185306437314,0.28486257791519165,-1.691239833831787
953456,0.02,196.57,4840,892,-9.33446224,1068,58965,0.001,0.00011422966053942218,0.00017538615793455392,0.2741325795650482,-5.060873031616211
953936,0.01,198.01,4844,892,-9.48985848,1068,58995,0.001,0.00021686975378543139,0.00017249603115487844,0.3092691898345947,1.372658371925354
954960,0.02,196.76,4848,892,-9.42908982,1070,59059,0.001,0.00023397293989546597,0.00017387398111168295,0.2936713397502899,2.173872470855713
955728,0.02,196.76,4852,892,-9.41343745,1070,59107,0.001,0.00015227182302623987,0.00017890111485030502,0.2819502055644989,-8.946412086486816
956656,0.02,196.76,4856,892,-9.52247398,1071,59165,0.001,9.16476346901618e-05,0.00016923484508879483,0.27893030643463135,-6.615989685058594
957136,0.02,196.76,4860,892,-9.49470848,1072,59195,0.001,0.0001605211873538792,0.0001631266641197726,0.32127314805984497,-5.916517734527588
957840,0.03,196.56,4864,892,-9.48229366,1072,59239,0.001,0.0003429075004532933,0.0001625263539608568,0.283930242061615,-0.7557190656661987
958928,0.03,196.56,4868,892,-9.460690989999998,1074,59307,0.001,0.00019505093223415315,0.00016321086150128394,0.31263968348503113,3.860764503479004
959856,0.03,196.56,4872,892,-9.497017589999999,1075,59365,0.001,0.0001343490439467132,0.00016286350728478283,0.2663273811340332,-4.637561321258545
960336,0.03,196.56,4876,892,-9.4932797,1075,59395,0.001,9.254201722797006e-05,0.00015825126320123672,0.28285741806030273,-5.388579845428467
961040,0.03,196.56,4880,892,-9.49255807,1076,59439,0.001,0.00023401928774546832,0.00015495599654968828,0.26960980892181396,-3.585869789123535
962128,0.03,196.56,4884,892,-9.54738538,1077,59507,0.001,0.0001710810756776482,0.0001558633375680074,0.270607054233551,-8.845972061157227
963056,0.02,198.55,4888,892,-9.77971758,1078,59565,0.001,9.590122499503195e-05,0.00014925269351806492,0.29044109582901,-3.191939353942871
963536,0.02,198.55,4892,892,-9.62905235,1079,59595,0.001,0.00020108866738155484,0.0001470353308832273,0.3371315002441406,0.12349700927734375
964240,0.02,198.55,4896,892,-9.68293763,1080,59639,0.001,0.00012693718599621207,0.00014447799185290933,0.24416561424732208,4.642037391662598
965328,0.02,198.55,4900,892,-9.69884662,1081,59707,0.001,0.00011995603563264012,0.00014538953837472945,0.26043084263801575,2.747774600982666
966256,0.02,198.55,4904,892,-9.637542449999998,1082,59765,0.001,0.00020180188585072756,0.0001503589010098949,0.2683258056640625,9.774612426757812
966736,0.02,198.55,4908,892,-9.5249727,1082,59795,0.001,0.0001986850256798789,0.00015540870663244277,0.31931495666503906,6.713824272155762
967440,0.02,198.55,4912,892,-9.94967127,1083,59839,0.001,0.00025012186961248517,0.00015810116019565612,0.281575471162796,-2.183032989501953
968528,0.02,198.55,4916,892,-9.96756994,1084,59907,0.001,0.00032537616789340973,0.00016068204422481358,0.3060353398323059,-4.640305519104004
969456,0.02,198.55,4920,892,-10.08644817,1085,59965,0.001,0.00011673801054712385,0.00015864141460042447,0.27332285046577454,-1.8400217294692993
969936,0.02,198.55,4924,892,-10.1166186,1086,59995,0.001,0.00014066977018956095,0.0001578060764586553,0.2743033468723297,-4.841872215270996
970640,0.02,198.55,4928,892,-9.87818133,1087,60039,0.001,0.0001828587264753878,0.0001547796418890357,0.26983970403671265,-0.265267550945282
971728,0.02,198.55,4932,892,-9.92979442,1088,60107,0.001,0.0002983277081511915,0.0001561239769216627,0.31149277091026306,-0.4812558591365814
972656,0.02,198.55,4936,892,-9.74922407,1089,60165,0.001,0.00010409527749288827,0.00015302456449717283,0.30529865622520447,-2.644597053527832
973136,0.02,198.55,4940,892,-9.814600939999998,1090,60195,0.001,0.00016558037896174937,0.00015214752056635916,0.307287335395813,-0.1700599491596222
973840,0.02,198.55,4944,892,-9.75215489,1090,60239,0.001,0.00029015442123636603,0.00015173152496572584,0.2946573495864868,-2.7570343017578125
974928,0.01,199.8,4948,892,-9.824234259999999,1092,60307,0.001,0.00015955872368067503,0.00014912635379005224,0.3151071071624756,0.2099519968032837
975856,0.01,199.8,4952,892,-9.85324757,1093,60365,0.001,0.00015552797412965447,0.00014704724890179932,0.30688080191612244,-2.6336846351623535
976336,0.01,199.8,4956,892,-9.697111300000001,1093,60395,0.001,7.621038821525872e-05,0.00014575118257198483,0.2753714323043823,-2.6731879711151123
977040,0.01,199.8,4960,892,-9.758290919999999,1094,60439,0.001,0.00013686521560885012,0.00014555727830156684,0.2787749171257019,-1.3959715366363525
978128,0.0,200.0,4964,892,-9.65013042,1095,60507,0.001,0.00028074218425899744,0.00014260505849961191,0.2840966582298279,5.230230331420898
979056,0.0,200.0,4968,892,-9.72136108,1096,60565,0.001,0.01322738267481327,0.00014800013741478324,0.28149017691612244,1.2528095245361328
979536,0.0,200.0,4972,892,-9.59656938,1097,60595,0.001,0.00012331726611591876,0.00014718978491146117,0.2931908369064331,-2.1973142623901367
980240,0.0,200.0,4976,892,-9.63770547,1098,60639,0.001,0.0001666454045334831,0.00014735131117049605,0.2836400866508484,1.9759395122528076
981328,0.0,200.0,4980,892,-9.658678179999999,1099,60707,0.001,0.00013834331184625626,0.00014318860485218465,0.2985093891620636,-4.940252304077148
982256,0.0,200.0,4984,892,-9.59060329,1100,60765,0.001,7.709376222919673e-05,0.00014242131146602333,0.28364139795303345,-7.272159576416016
982736,0.0,200.0,4988,892,-9.568298700000001,1101,60795,0.001,0.000232766818953678,0.00014053750783205032,0.2528839409351349,-0.3508843779563904
983440,0.0,200.0,4992,892,-9.57257392,1101,60839,0.001,0.00013802913599647582,0.0001533877948531881,0.27589860558509827,1.0091848373413086
984528,0.0,200.0,4996,892,-9.54035112,1103,60907,0.001,0.00014786608517169952,0.0001560556556796655,0.28762900829315186,14.363880157470703
985456,0.0,200.0,5000,892,-9.63611755,1104,60965,0.001,0.0001361433824058622,0.000157538554049097,0.30481988191604614,-1.254868984222412
985936,0.01,198.6,5004,892,-9.512804290000002,1104,60995,0.001,0.0001535995543235913,0.00015344923303928226,0.2817806601524353,-6.2235565185546875
986624,0.01,198.6,5008,892,-9.594929400000002,1105,61038,0.001,0.0002118373813573271,0.00015077316493261606,0.2488577961921692,-2.901379108428955
987568,0.01,198.6,5012,892,-9.526017139999999,1106,61097,0.001,0.00015211122808977962,0.00015389901818707585,0.32592281699180603,6.566216468811035
988464,0.02,198.3,5016,892,-9.674095739999999,1107,61153,0.001,0.00015429916675202549,0.0001564515841891989,0.2807905673980713,-3.9947080612182617
989136,0.02,198.3,5020,892,-9.61529717,1108,61195,0.001,0.00012826731835957617,0.00015400134725496173,0.32866719365119934,-3.8713326454162598
989824,0.02,198.3,5024,892,-9.751647029999999,1109,61238,0.001,7.10071180947125e-05,0.00015048742352519184,0.32476913928985596,-2.31561541557312
990768,0.02,198.3,5028,892,-10.075253819999999,1110,61297,0.001,0.00010583503171801567,0.00014661204477306455,0.28951209783554077,-0.8373464941978455
991664,0.02,198.3,5032,892,-9.95487485,1111,61353,0.001,0.00020885207050014287,0.0001472277072025463,0.27830764651298523,0.7123029232025146
992336,0.02,198.3,5036,892,-10.08891537,1111,61395,0.001,9.24216874409467e-05,0.00014579803973902017,0.3170514702796936,-3.167403221130371
993024,0.02,198.3,5040,892,-10.05211402,1112,61438,0.001,0.00012233546294737607,0.0001418733736500144,0.2726578712463379,-3.644958257675171
993968,0.02,198.3,5044,892,-10.11005825,1113,61497,0.001,0.0005148148629814386,0.00013905912055633962,0.28843891620635986,-2.297504425048828
994864,0.02,198.3,5048,892,-10.18130996,1114,61553,0.001,0.00019847272778861225,0.0001461623760405928,0.24795685708522797,2.523644208908081
995536,0.02,198.3,5052,892,-10.035008130000001,1115,61595,0.001,0.00013193703489378095,0.0001487727859057486,0.2802164554595947,-4.388084411621094
996224,0.02,198.3,5056,892,-9.93258131,1116,61638,0.001,0.00015483703464269638,0.00014645188639406115,0.25398024916648865,-2.3950557708740234
997168,0.02,198.3,5060,892,-9.86479705,1117,61697,0.001,0.0001653333893045783,0.000148617647937499,0.2787995934486389,3.493143081665039
997936,0.03,196.31,5064,892,-9.725389540000002,1118,61745,0.001,9.314247290603817e-05,0.00015441107098013163,0.270370751619339,1.0108740329742432
998480,0.03,196.31,5068,892,-9.76964585,1118,61779,0.001,0.00010051290155388415,0.00015306776913348585,0.29232215881347656,2.583043098449707
999408,0.03,196.31,5072,892,-9.83506717,1120,61837,0.001,0.00015230909048113972,0.00015314764459617436,0.2903917133808136,2.793044090270996
