train/ent_coef_loss,rollout/success_rate,train/actor_loss,train/ent_coef,train/critic_loss,train/learning_rate,time/episodes,rollout/ep_rew_mean,time/time_elapsed,time/fps,rollout/ep_len_mean,train/n_updates,time/total_timesteps
-9.4467294216156,0.0,-27.568869948387146,0.24565376341342926,0.0035664138558786362,0.0003,4,-8.033498625,13,349,300.0,4688,4800
,0.0,,,,,8,-8.033498625,13,349,300.0,,4800
,0.0,,,,,12,-8.033498625,13,349,300.0,,4800
,0.0,,,,,16,-8.033498625,13,349,300.0,,4800
-18.646257877349854,0.03125,-27.60151767730713,0.05849611712619662,0.002410741988569498,0.0003,20,-7.719349625,28,342,290.65625,9488,9600
,0.03125,,,,,24,-7.719349625,28,342,290.65625,,9600
,0.03125,,,,,28,-7.719349625,28,342,290.65625,,9600
,0.03125,,,,,32,-7.719349625,28,342,290.65625,,9600
-25.420886993408203,0.020833333333333332,-22.63070285320282,0.014155646145809442,0.0016749852438806556,0.0003,36,-8.2089636875,42,339,293.7708333333333,14288,14400
,0.020833333333333332,,,,,40,-8.2089636875,42,339,293.7708333333333,,14400
,0.020833333333333332,,,,,44,-8.2089636875,42,339,293.7708333333333,,14400
,0.020833333333333332,,,,,48,-8.2089636875,42,339,293.7708333333333,,14400
-10.741145133972168,0.015625,-17.59859561920166,0.004190256237052381,0.002844694499799516,0.0003,52,-8.0983275625,56,338,295.328125,19088,19200
,0.015625,,,,,56,-8.0983275625,56,338,295.328125,,19200
,0.015625,,,,,60,-8.0983275625,56,338,295.328125,,19200
,0.015625,,,,,64,-8.0983275625,56,338,295.328125,,19200
3.824243437498808,0.0125,-13.386183679103851,0.001499826306826435,0.0011418973408581223,0.0003,68,-8.0300731,70,339,296.2625,23888,24000
,0.0125,,,,,72,-8.0300731,70,339,296.2625,,24000
,0.0125,,,,,76,-8.0300731,70,339,296.2625,,24000
,0.0125,,,,,80,-8.0300731,70,339,296.2625,,24000
5.197505131363869,0.010416666666666666,-10.023237764835358,0.0012136613731854595,0.001902299300127197,0.0003,84,-8.081195541666666,84,340,296.8854166666667,28688,28800
,0.010416666666666666,,,,,88,-8.081195541666666,84,340,296.8854166666667,,28800
,0.010416666666666666,,,,,92,-8.081195541666666,84,340,296.8854166666667,,28800
,0.010416666666666666,,,,,96,-8.081195541666666,84,340,296.8854166666667,,28800
-0.4316783845424652,0.01,-7.416905701160431,0.0014852126623736694,0.0002867475905077299,0.0003,100,-8.34375343,98,341,297.01,33488,33600
,0.01,,,,,104,-8.34375343,98,341,297.01,,33600
,0.01,,,,,108,-8.34375343,98,341,297.01,,33600
,0.01,,,,,112,-8.34375343,98,341,297.01,,33600
-3.321947429329157,0.0,-5.405511558055878,0.0015537435610895045,0.00016678446809237357,0.0003,116,-8.04412496,112,341,300.0,38288,38400
,0.0,,,,,120,-8.04412496,112,341,300.0,,38400
,0.0,,,,,124,-8.04412496,112,341,300.0,,38400
,0.0,,,,,128,-8.04412496,112,341,300.0,,38400
6.861878156661987,0.0,-3.864708200097084,0.001092468788556289,0.00011976103041888564,0.0003,132,-7.233954669999999,126,342,300.0,43088,43200
,0.0,,,,,136,-7.233954669999999,126,342,300.0,,43200
,0.0,,,,,140,-7.233954669999999,126,342,300.0,,43200
,0.0,,,,,144,-7.233954669999999,126,342,300.0,,43200
-0.3604106083512306,0.0,-2.691222622990608,0.0007984253497852478,0.0001245909352292074,0.0003,148,-6.481007829999999,139,343,300.0,47888,48000
,0.0,,,,,152,-6.481007829999999,139,343,300.0,,48000
,0.0,,,,,156,-6.481007829999999,139,343,300.0,,48000
,0.0,,,,,160,-6.481007829999999,139,343,300.0,,48000
-0.9416107758879662,0.0,-1.8217334747314453,0.0006614363082917407,0.00012407107124090544,0.0003,164,-5.78650342,153,343,300.0,52688,52800
,0.0,,,,,168,-5.78650342,153,343,300.0,,52800
,0.0,,,,,172,-5.78650342,153,343,300.0,,52800
,0.0,,,,,176,-5.78650342,153,343,300.0,,52800
-1.825307734310627,0.0,-1.2123505845665932,0.00048143413914658595,0.00010266036497341702,0.0003,180,-4.851265409999999,167,343,300.0,57488,57600
,0.0,,,,,184,-4.851265409999999,167,343,300.0,,57600
,0.0,,,,,188,-4.851265409999999,167,343,300.0,,57600
,0.0,,,,,192,-4.851265409999999,167,343,300.0,,57600
1.029788464307785,0.01,-0.7486129552125931,0.0005148146265128162,7.197548688964162e-05,0.0003,196,-3.7602865399999996,181,344,297.01,62288,62400
,0.01,,,,,200,-3.7602865399999996,181,344,297.01,,62400
,0.01,,,,,204,-3.7602865399999996,181,344,297.01,,62400
,0.01,,,,,208,-3.7602865399999996,181,344,297.01,,62400
0.901813805103302,0.02,-0.38408841378986835,0.0005202665852266364,0.00012022086002616561,0.0003,212,-3.26315841,195,344,294.83,67088,67200
,0.02,,,,,216,-3.26315841,195,344,294.83,,67200
,0.02,,,,,220,-3.26315841,195,344,294.83,,67200
,0.02,,,,,224,-3.26315841,195,344,294.83,,67200
-0.5020430013537407,0.04,-0.3266145121306181,0.00046640326945635024,0.00013610291625809623,0.0003,228,-3.1254509600000007,198,344,289.55,68224,68336
-1.0385632403194904,0.04,-0.1256224459502846,0.00046674052282469347,0.0001948011117747228,0.0003,232,-3.11478132,209,344,289.55,71888,72000
,0.04,,,,,236,-3.11478132,209,344,289.55,,72000
,0.04,,,,,240,-3.11478132,209,344,289.55,,72000
-0.02890503779053688,0.04,-0.0674563271459192,0.00042143585051235277,0.000167840522408369,0.0003,244,-3.0493312,212,344,289.55,73024,73136
-0.7212535012513399,0.05,0.07796073210192844,0.00045249129289004486,0.00017194960810229531,0.0003,248,-2.94595335,223,344,287.46,76688,76800
,0.05,,,,,252,-2.94595335,223,344,287.46,,76800
,0.05,,,,,256,-2.94595335,223,344,287.46,,76800
5.454496741294861,0.05,0.13870252761989832,0.00044347194489091635,0.00027652090102492366,0.0003,260,-2.98994305,226,344,287.46,77824,77936
-0.1556302346289158,0.05,0.22496195323765278,0.0005241958097030874,0.0005149539374542655,0.0003,264,-2.8809815799999994,236,344,287.46,81488,81600
,0.05,,,,,268,-2.8809815799999994,236,344,287.46,,81600
,0.05,,,,,272,-2.8809815799999994,236,344,287.46,,81600
-2.1542787551879883,0.05,0.2699971152469516,0.000556011262233369,0.0005556357955356361,0.0003,276,-2.872185009999999,240,344,287.46,82624,82736
-2.9675717875361443,0.05,0.327730281278491,0.0006484040386567358,0.001329581240497646,0.0003,280,-2.88275497,250,344,287.46,86288,86400
,0.05,,,,,284,-2.88275497,250,344,287.46,,86400
,0.05,,,,,288,-2.88275497,250,344,287.46,,86400
-1.2296998780220747,0.06,0.3541570268571377,0.0005733786674682051,0.0017023383697960526,0.0003,292,-2.83319948,253,344,285.11,87328,87440
-1.4741956517100334,0.05,0.3903286028653383,0.0005894293826713692,0.0016602316427452024,0.0003,296,-2.84930462,264,344,288.1,91088,91200
,0.05,,,,,300,-2.84930462,264,344,288.1,,91200
,0.05,,,,,304,-2.84930462,264,344,288.1,,91200
0.4287848547101021,0.05,0.38088103383779526,0.0006129052380856592,0.0013759575376752764,0.0003,308,-2.8640124200000003,267,344,288.1,92128,92240
-0.8945796266198158,0.04,0.2856744574382901,0.0006697799217363354,0.0006882725101604592,0.0003,312,-2.8862400299999997,278,344,290.28,95888,96000
,0.04,,,,,316,-2.8862400299999997,278,344,290.28,,96000
,0.04,,,,,320,-2.8862400299999997,278,344,290.28,,96000
-0.2758985999971628,0.04,0.2574356123805046,0.0006959018755878787,0.0009723907260195119,0.0003,324,-2.8780333800000006,281,344,290.28,96928,97040
0.7154696676880121,0.02,0.13616564741823822,0.0006771897133148741,0.001168960541690467,0.0003,328,-2.8521867000000007,292,344,295.56,100688,100800
,0.02,,,,,332,-2.8521867000000007,292,344,295.56,,100800
,0.02,,,,,336,-2.8521867000000007,292,344,295.56,,100800
1.6473287604749203,0.02,0.12079969164915383,0.0007061028081807308,0.0014658964137197472,0.0003,340,-2.84865755,295,344,295.56,101728,101840
-1.1364927850663662,0.01,-0.04982363770250231,0.0007291061847354285,0.001884945719211828,0.0003,344,-2.91728493,306,344,297.65,105488,105600
,0.01,,,,,348,-2.91728493,306,344,297.65,,105600
,0.01,,,,,352,-2.91728493,306,344,297.65,,105600
-1.885503949597478,0.01,-0.07605322659946978,0.000746559293475002,0.002286391405505128,0.0003,356,-2.9293530899999998,309,344,297.65,106528,106640
1.893880883231759,0.01,-0.143488684669137,0.0008298186512547545,0.0017159690978587605,0.0003,360,-2.84419277,320,344,297.65,110288,110400
,0.01,,,,,364,-2.84419277,320,344,297.65,,110400
,0.01,,,,,368,-2.84419277,320,344,297.65,,110400
-0.5012929122895002,0.01,-0.18007988668978214,0.0008702170453034341,0.002069440080958884,0.0003,372,-2.8804665599999995,323,344,297.65,111328,111440
0.7963941991329193,0.01,-0.284845226444304,0.0010171298126806505,0.00156854103988735,0.0003,376,-2.97995455,334,344,297.65,115088,115200
,0.01,,,,,380,-2.97995455,334,344,297.65,,115200
,0.01,,,,,384,-2.97995455,334,344,297.65,,115200
0.12779496423900127,0.01,-0.3101892825216055,0.001051393846864812,0.0019063973522861488,0.0003,388,-2.9773453800000005,337,344,297.65,116128,116240
0.40904020704329014,0.0,-0.44016859866678715,0.0010404513668618165,0.002165682046324946,0.0003,392,-3.0999720599999994,348,343,300.0,119888,120000
,0.0,,,,,396,-3.0999720599999994,348,343,300.0,,120000
,0.0,,,,,400,-3.0999720599999994,348,343,300.0,,120000
0.046803342178463936,0.0,-0.4759262390434742,0.0010878557150135748,0.0019942031358368695,0.0003,404,-3.1403751499999997,352,343,300.0,120928,121040
-2.401082430034876,0.0,-0.48864978924393654,0.0009368297796754632,0.0028329094784567133,0.0003,408,-3.0377659900000005,363,343,300.0,124688,124800
,0.0,,,,,412,-3.0377659900000005,363,343,300.0,,124800
,0.0,,,,,416,-3.0377659900000005,363,343,300.0,,124800
0.21716618910431862,0.0,-0.525644026696682,0.0008985484710137825,0.0032540158135816455,0.0003,420,-3.0484295600000006,366,343,300.0,125728,125840
-0.5961691848933697,0.0,-0.6432922221720219,0.0009824081789702177,0.0049946718936553225,0.0003,424,-3.0392893599999997,377,343,300.0,129488,129600
,0.0,,,,,428,-3.0392893599999997,377,343,300.0,,129600
,0.0,,,,,432,-3.0392893599999997,377,343,300.0,,129600
0.6222246661782265,0.0,-0.6986531391739845,0.001052602667186875,0.005089904676424339,0.0003,436,-3.0848933399999994,380,343,300.0,130528,130640
-1.1719861682504416,0.0,-1.0695508010685444,0.0014870721352053806,0.011509011907037348,0.0003,440,-3.0498780800000005,391,343,300.0,134288,134400
,0.0,,,,,444,-3.0498780800000005,391,343,300.0,,134400
,0.0,,,,,448,-3.0498780800000005,391,343,300.0,,134400
2.307701600715518,0.0,-1.1411844342947006,0.0014922704503987916,0.00997570133768022,0.0003,452,-3.06100992,394,343,300.0,135328,135440
0.5646777469664812,0.0,-1.4347216561436653,0.0017141931457445025,0.014195242227287963,0.0003,456,-3.1014583900000003,405,343,300.0,139088,139200
,0.0,,,,,460,-3.1014583900000003,405,343,300.0,,139200
,0.0,,,,,464,-3.1014583900000003,405,343,300.0,,139200
1.1197220981121063,0.0,-1.4301044195890427,0.0017083337806980126,0.009519290382741019,0.0003,468,-3.127948139999999,408,343,300.0,140128,140240
1.6278424374759197,0.0,-1.7233998104929924,0.0016343407551175915,0.01081835341756232,0.0003,472,-3.00033699,418,343,300.0,143888,144000
,0.0,,,,,476,-3.00033699,418,343,300.0,,144000
,0.0,,,,,480,-3.00033699,418,343,300.0,,144000
0.8074103109538555,0.0,-1.8512146100401878,0.001606750549399294,0.012448722176486626,0.0003,484,-3.0194868299999995,421,343,300.0,144928,145040
-1.3333084471523762,0.0,-2.0387501567602158,0.0016143716347869486,0.011011672206223011,0.0003,488,-2.83181826,432,343,300.0,148688,148800
,0.0,,,,,492,-2.83181826,432,343,300.0,,148800
,0.0,,,,,496,-2.83181826,432,343,300.0,,148800
-0.7101125959306955,0.0,-2.0762907937169075,0.0016540287033421919,0.009663713775807992,0.0003,500,-2.8030186899999996,435,343,300.0,149728,149840
0.40016508288681507,0.0,-2.142709404230118,0.0014327603930723853,0.014133181713987142,0.0003,504,-2.68436705,446,343,300.0,153488,153600
,0.0,,,,,508,-2.68436705,446,343,300.0,,153600
,0.0,,,,,512,-2.68436705,446,343,300.0,,153600
-1.4008596390485764,0.0,-2.1456987857818604,0.0014677015788038261,0.007674043241422623,0.0003,516,-2.64902467,449,343,300.0,154528,154640
2.2390278540551662,0.01,-2.0225227996706963,0.001285117949009873,0.007141136593418196,0.0003,520,-2.5622013900000002,457,343,298.62,157216,157328
-0.28068651258945465,0.01,-2.1417665630578995,0.0013287880428833887,0.007493508892366663,0.0003,524,-2.50283312,460,343,298.62,158288,158400
,0.01,,,,,528,-2.50283312,460,343,298.62,,158400
-0.6018905378878117,0.01,-2.0626307874917984,0.0013267457907204516,0.007048264000331983,0.0003,532,-2.48351586,460,343,298.62,158304,158416
-1.3110175728797913,0.01,-1.882409282028675,0.0011360649441485293,0.007280233083292842,0.0003,536,-2.43206774,471,343,298.62,162016,162128
0.9117048569023609,0.01,-1.8754822909832,0.0011451464888523333,0.005454710219055414,0.0003,540,-2.3710378,474,343,298.62,163088,163200
,0.01,,,,,544,-2.3710378,474,343,298.62,,163200
-0.1273237057030201,0.01,-1.8696405366063118,0.0011468051307019778,0.005270882335025817,0.0003,548,-2.3507756100000003,474,343,298.62,163104,163216
0.5764338839799166,0.01,-1.6804163753986359,0.001020370502374135,0.004238412526319735,0.0003,552,-2.2786648100000004,485,343,298.62,166816,166928
1.2316513527184725,0.01,-1.6177837699651718,0.0010224027719232254,0.004520213871728629,0.0003,556,-2.21268251,488,343,298.62,167888,168000
,0.01,,,,,560,-2.21268251,488,343,298.62,,168000
0.7117059249430895,0.01,-1.6145484372973442,0.0010242726420983672,0.006325964292045683,0.0003,564,-2.2087653600000006,488,343,298.62,167904,168016
0.6905855983495712,0.01,-1.332917258143425,0.0008970662311185151,0.003291573069873266,0.0003,568,-2.1661565300000003,499,343,298.62,171616,171728
-0.14876466616988182,0.01,-1.353345200419426,0.0008521209783793893,0.003277213385445066,0.0003,572,-2.0528349200000005,502,343,298.62,172688,172800
,0.01,,,,,576,-2.0528349200000005,502,343,298.62,,172800
-0.12876545079052448,0.01,-1.2933642491698265,0.0008511411397194024,0.004177957307547331,0.0003,580,-2.0779847300000003,502,343,298.62,172704,172816
0.09806470014154911,0.01,-1.0715182200074196,0.0007199944084277377,0.0025010756799019873,0.0003,584,-2.0713127,513,343,298.62,176416,176528
-1.8077006675302982,0.01,-0.9546134807169437,0.0007138948712963611,0.0025067223759833723,0.0003,588,-2.2247445599999995,516,343,298.62,177488,177600
,0.01,,,,,592,-2.2247445599999995,516,343,298.62,,177600
-0.8445504624396563,0.01,-1.012393768876791,0.0007115603548299987,0.0023716115829302,0.0003,596,-2.21493888,516,343,298.62,177504,177616
1.84914231300354,0.01,-0.7598354145884514,0.0006291680219874252,0.0022590296721318737,0.0003,600,-2.2215894000000005,527,343,298.62,181216,181328
0.15066413301974535,0.01,-0.6866225712001324,0.000625786207820056,0.0019189205704606138,0.0003,604,-2.22221259,530,343,298.62,182288,182400
,0.01,,,,,608,-2.22221259,530,343,298.62,,182400
0.5935130845755339,0.01,-0.6404367238283157,0.000626367636868963,0.0018191704657510854,0.0003,612,-2.2230041099999998,530,343,298.62,182304,182416
1.7927082553505898,0.01,-0.4980858415365219,0.0005744384943682235,0.0015779565001139417,0.0003,616,-2.32827525,541,343,298.62,186016,186128
-1.3123237108811736,0.0,-0.4298470225185156,0.0005591824046859983,0.0018277935741934925,0.0003,620,-2.41420405,544,343,300.0,187088,187200
,0.0,,,,,624,-2.41420405,544,343,300.0,,187200
-1.5391210671514273,0.0,-0.40071762539446354,0.0005575116119871382,0.0016611483588349074,0.0003,628,-2.42324068,544,343,300.0,187104,187216
-1.305477088317275,0.0,-0.2782208500429988,0.0005055018482380547,0.0012883039671578445,0.0003,632,-2.42337367,555,343,300.0,190816,190928
1.1198157295584679,0.0,-0.2054590256884694,0.0004959629368386231,0.0014773727307328954,0.0003,636,-2.3887805999999996,558,343,300.0,191888,192000
,0.0,,,,,640,-2.3887805999999996,558,343,300.0,,192000
0.38140037283301353,0.0,-0.2193555235862732,0.0004970658192178234,0.0016723580192774534,0.0003,644,-2.4069597600000003,558,343,300.0,191904,192016
-0.6929536880925298,0.0,-0.07192109402967617,0.0004419627948664129,0.0010809937630256172,0.0003,648,-2.4281907400000002,569,343,300.0,195616,195728
-0.6177413389086723,0.0,-0.03224069671705365,0.0004246343451086432,0.0013743408635491505,0.0003,652,-2.4591211599999996,572,343,300.0,196688,196800
,0.0,,,,,656,-2.4591211599999996,572,343,300.0,,196800
-0.0570746585726738,0.0,-0.02355476954835467,0.000424221712819417,0.0012291194470890332,0.0003,660,-2.43814252,572,343,300.0,196704,196816
1.478751040995121,0.0,0.13069668086245656,0.00037499628524528816,0.0009443295602977742,0.0003,664,-2.4395423099999998,583,343,300.0,200416,200528
0.2944200150668621,0.0,0.15038413368165493,0.000362714705261169,0.0008983310435723979,0.0003,668,-2.37101315,586,343,300.0,201488,201600
,0.0,,,,,672,-2.37101315,586,343,300.0,,201600
1.34220602363348,0.0,0.15600351616740227,0.0003629156544775469,0.0009934173394867685,0.0003,676,-2.37892638,586,343,300.0,201504,201616
0.3247887082397938,0.0,0.24756681080907583,0.00032716419809730724,0.0008356882899533957,0.0003,680,-2.34931007,596,343,300.0,205216,205328
-0.40470706298947334,0.0,0.3043899443000555,0.0003275126473454293,0.0007903540317784064,0.0003,684,-2.2863582499999997,600,343,300.0,206288,206400
,0.0,,,,,688,-2.2863582499999997,600,343,300.0,,206400
-0.42111220210790634,0.0,0.2810286208987236,0.0003270691304351203,0.0007380462448054459,0.0003,692,-2.15575309,600,343,300.0,206304,206416
-0.052805254235863686,0.0,0.38646115735173225,0.00029933906444057357,0.0005616013095277594,0.0003,696,-2.16527497,611,343,300.0,210016,210128
1.2020034082233906,0.0,0.4048487078398466,0.0003049551523872651,0.0006408830195141491,0.0003,700,-2.17987354,614,343,300.0,211088,211200
,0.0,,,,,704,-2.17987354,614,343,300.0,,211200
-0.6392719354480505,0.0,0.4191790632903576,0.0003058797592530027,0.0006487315695267171,0.0003,708,-2.1849717100000006,614,343,300.0,211104,211216
-0.09617005474865437,0.0,0.4812538381665945,0.0002916801931860391,0.0005937727528362302,0.0003,712,-2.18430184,625,343,300.0,214816,214928
-0.40285994578152895,0.0,0.49489067681133747,0.0002891264648496872,0.0005814694086438976,0.0003,716,-2.0316761899999998,628,343,300.0,215888,216000
,0.0,,,,,720,-2.0316761899999998,628,343,300.0,,216000
-0.09134422894567251,0.0,0.4954191781580448,0.00028880023273814004,0.0004988534874428296,0.0003,724,-2.0068083099999994,628,343,300.0,215904,216016
0.6242216899991035,0.0,0.5267757195979357,0.000282249851807137,0.0005209073897276539,0.0003,728,-2.0012940599999998,638,343,300.0,219616,219728
0.6510933339595795,0.0,0.5425939653068781,0.0002629168266139459,0.0004168980976828607,0.0003,732,-1.99948495,641,343,300.0,220688,220800
,0.0,,,,,736,-1.99948495,641,343,300.0,,220800
1.2326983269304037,0.0,0.5401271618902683,0.00026331816843594424,0.0004419777924340451,0.0003,740,-1.9983451000000003,641,343,300.0,220704,220816
-0.4213943090289831,0.0,0.5980925001204014,0.00023819261696189642,0.0004945911405229708,0.0003,744,-1.9762477800000002,652,344,300.0,224416,224528
-0.5900825150310993,0.0,0.5995100848376751,0.00023167032031778945,0.0003811488968494814,0.0003,748,-1.9436675699999997,655,344,300.0,225488,225600
,0.0,,,,,752,-1.9436675699999997,655,344,300.0,,225600
0.31188664212822914,0.0,0.586899995803833,0.00023157910254667513,0.0003819755947915837,0.0003,756,-1.9245008799999999,655,344,300.0,225504,225616
-1.3550987765192986,0.0,0.6352861747145653,0.00022654025997326244,0.0004343089021858759,0.0003,760,-1.91618484,666,344,300.0,229216,229328
1.0647656507790089,0.0,0.6466859094798565,0.00022235762025957229,0.0003819641551672248,0.0003,764,-1.8922281099999998,669,344,300.0,230288,230400
,0.0,,,,,768,-1.8922281099999998,669,344,300.0,,230400
1.8322271034121513,0.0,0.6493093557655811,0.0002230127602160792,0.00039953105442691594,0.0003,772,-1.9128893799999998,669,344,300.0,230304,230416
-0.06622308492660522,0.0,0.6688930839300156,0.00022656553937849822,0.00034180263537564315,0.0003,776,-1.8991470899999998,680,343,300.0,234016,234128
0.42483686096966267,0.0,0.6902945786714554,0.00022113427348813275,0.00036241028101358097,0.0003,780,-1.87480809,683,343,300.0,235088,235200
,0.0,,,,,784,-1.87480809,683,343,300.0,,235200
1.3001239076256752,0.0,0.690544743090868,0.00022137346786621492,0.0003699879780469928,0.0003,788,-1.87585838,683,343,300.0,235104,235216
-1.4513751529157162,0.01,0.6969573237001896,0.00022381315284292214,0.00037345504097174853,0.0003,792,-1.84927419,688,343,297.01,236560,236672
1.1593592949211597,0.01,0.699266966432333,0.00022295009966910584,0.0004900916865153704,0.0003,796,-1.7945210800000004,697,344,297.01,239888,240000
,0.01,,,,,800,-1.7945210800000004,697,344,297.01,,240000
1.103713508695364,0.02,0.7067889384925365,0.00022323692428471986,0.0003387387696420774,0.0003,804,-1.73803018,697,343,294.02,239904,240016
-0.9740765653550625,0.02,0.7075245603919029,0.00021879909218114335,0.000308499560560449,0.0003,808,-1.72382667,701,343,294.02,241200,241312
-1.6205658130347729,0.03,0.7021580748260021,0.00020143016354268184,0.0003156703369313618,0.0003,812,-1.6246389800000003,711,343,292.35,244688,244800
,0.03,,,,,816,-1.6246389800000003,711,343,292.35,,244800
-0.0884252805262804,0.03,0.7173089161515236,0.00020093508828722406,0.0003365583506820258,0.0003,820,-1.6010837600000003,711,343,292.35,244704,244816
3.9781999364495277,0.03,0.7151441164314747,0.0002099046869261656,0.0003491670868243091,0.0003,824,-1.6005501200000003,715,343,292.35,246000,246112
1.485990745946765,0.03,0.7114142887294292,0.00019809111290669534,0.00030072601930442033,0.0003,828,-1.5312580799999997,725,344,292.35,249488,249600
,0.03,,,,,832,-1.5312580799999997,725,344,292.35,,249600
0.8826348893344402,0.03,0.727538138628006,0.00019858297400787706,0.000307741973301745,0.0003,836,-1.5205355,725,344,292.35,249504,249616
-0.23480792343616486,0.03,0.7251638397574425,0.00019896822959708516,0.00029551127227023244,0.0003,840,-1.49805713,729,344,292.35,250800,250912
-1.3369908779859543,0.03,0.7139222249388695,0.0001843646004999755,0.0002751110196186346,0.0003,844,-1.4436723900000001,739,343,292.35,254288,254400
,0.03,,,,,848,-1.4436723900000001,739,343,292.35,,254400
-1.224308017641306,0.03,0.7001348212361336,0.00018396984523860738,0.00030806620452494826,0.0003,852,-1.4237659,739,343,292.35,254304,254416
0.002936389297246933,0.03,0.72863894328475,0.00019187938505638158,0.00032613289022265235,0.0003,856,-1.43462346,743,343,292.35,255600,255712
-0.13792819157242775,0.03,0.7193076610565186,0.00018088785054715117,0.00030576374410884455,0.0003,860,-1.4142889399999998,753,344,292.35,259088,259200
,0.03,,,,,864,-1.4142889399999998,753,344,292.35,,259200
-0.0025180913507938385,0.03,0.7179950326681137,0.00018072563398163766,0.0003578717314667301,0.0003,868,-1.4152305799999996,753,344,292.35,259104,259216
-0.12837797589600086,0.03,0.7161528244614601,0.00018056191674986621,0.00025161226039926987,0.0003,872,-1.3928798699999998,757,344,292.35,260400,260512
0.7068744106218219,0.03,0.7067886218428612,0.0001768811080182786,0.00031271773150365334,0.0003,876,-1.3474058199999999,767,344,292.35,263888,264000
,0.03,,,,,880,-1.3474058199999999,767,344,292.35,,264000
-0.7897152807563543,0.03,0.7125007584691048,0.000176890902366722,0.00025722517602844164,0.0003,884,-1.3452122100000004,767,344,292.35,263904,264016
-1.8049591202288866,0.03,0.7018519416451454,0.00016850343854457606,0.00033125201207440114,0.0003,888,-1.33532072,770,344,292.35,265200,265312
-0.8547137081623077,0.02,0.6999194882810116,0.0001828055765145109,0.0002589785026430036,0.0003,892,-1.3469294700000003,781,344,295.34,268688,268800
,0.02,,,,,896,-1.3469294700000003,781,344,295.34,,268800
-0.2312510833144188,0.02,0.7094786204397678,0.0001827045716709108,0.000284392386674881,0.0003,900,-1.32719652,781,344,295.34,268704,268816
-1.2318595722317696,0.01,0.7018320858478546,0.00017346969252685085,0.0002218535128122312,0.0003,904,-1.33061648,784,344,298.33,270000,270112
-1.7589713158085942,0.02,0.7094166167080402,0.00018370098678133218,0.0003002995017595822,0.0003,908,-1.3131276600000004,791,344,295.34,272416,272528
1.2230963092297316,0.01,0.6986348256468773,0.00018362416358286282,0.00036165985784464283,0.0003,912,-1.3410802299999998,794,344,297.01,273488,273600
,0.01,,,,,916,-1.3410802299999998,794,344,297.01,,273600
-1.201592018827796,0.01,0.6901499852538109,0.0001705819449853152,0.00024360484439966967,0.0003,920,-1.3357506799999999,797,344,297.01,274544,274656
0.6576105989515781,0.01,0.6938385851681232,0.0001740516581776319,0.000248230643592251,0.0003,924,-1.3201255299999999,805,344,297.01,277216,277328
-1.0797856822609901,0.02,0.7010357342660427,0.00016704762128938455,0.00026419784535391955,0.0003,928,-1.3063624900000002,808,344,296.56,278288,278400
,0.02,,,,,932,-1.3063624900000002,808,344,296.56,,278400
0.07784184440970421,0.02,0.7075487114489079,0.00017111759461840848,0.000379372519091703,0.0003,936,-1.2997858900000003,811,344,296.56,279344,279456
-0.2541419006884098,0.02,0.6888403743505478,0.0001678992057350115,0.0002781008697638754,0.0003,940,-1.28449308,819,344,296.56,282016,282128
1.671706598252058,0.03,0.6902610473334789,0.00016163366126420442,0.00022271057878242573,0.0003,944,-1.2541349500000003,823,344,293.57,283088,283200
,0.03,,,,,948,-1.2541349500000003,823,344,293.57,,283200
1.5358372554183006,0.03,0.6982591189444065,0.0001620975490368437,0.00021241138620098354,0.0003,952,-1.24701485,823,344,293.57,283104,283216
1.7350875847041607,0.03,0.6949954181909561,0.00016676831364748068,0.00021659660978912143,0.0003,956,-1.24595597,829,344,293.57,285216,285328
-0.7322639301419258,0.04,0.6824608445167542,0.0001651725133342552,0.0002032407687693194,0.0003,960,-1.20146703,837,344,293.2,287888,288000
,0.04,,,,,964,-1.20146703,837,344,293.2,,288000
0.1725580431520939,0.04,0.694603469222784,0.00016507435520907165,0.00022334049117489485,0.0003,968,-1.19689101,837,344,293.2,287904,288016
1.508641205728054,0.04,0.6718079745769501,0.0001629686630622018,0.00021046391066192882,0.0003,972,-1.1945175799999999,843,344,293.2,290016,290128
0.7718760706484318,0.04,0.6937807910144329,0.0001651258808124112,0.0002503406885807635,0.0003,976,-1.18168813,850,344,293.2,292688,292800
,0.04,,,,,980,-1.18168813,850,344,293.2,,292800
-4.007095396518707,0.04,0.6658829376101494,0.0001653644776524743,0.00020534987379505765,0.0003,984,-1.1818289000000002,850,344,293.2,292704,292816
-0.7271432243287563,0.04,0.6805823408067226,0.00016183707703021355,0.00022196084319148213,0.0003,988,-1.1894529900000002,857,344,293.2,294816,294928
-1.035575494170189,0.04,0.6678192839026451,0.00016108392355818069,0.00018763972730084788,0.0003,992,-1.1757977400000001,864,344,293.2,297488,297600
,0.04,,,,,996,-1.1757977400000001,864,344,293.2,,297600
-0.13303374499082565,0.04,0.6532611288130283,0.0001608475940884091,0.00019251619232818484,0.0003,1000,-1.1621035900000003,864,344,293.2,297504,297616
1.0689378790557384,0.05,0.6710509359836578,0.00016046491600718582,0.00018634039952303283,0.0003,1004,-1.14403346,868,344,290.21,298992,299104
0.09990259259939194,0.04,0.6515224538743496,0.00015967575200193096,0.00023329778741754126,0.0003,1008,-1.14756569,876,344,293.2,301696,301808
-1.3146741650998592,0.04,0.6319610252976418,0.0001549803691887064,0.00020261711324565113,0.0003,1012,-1.13056862,878,344,293.2,302288,302400
0.6916509233415127,0.04,0.6519663333892822,0.00015467482353415107,0.0002167613183701178,0.0003,1016,-1.1148213100000002,878,344,293.2,302304,302416
1.1193886809051037,0.04,0.6551019139587879,0.00015184838957793545,0.00016742850402806653,0.0003,1020,-1.1178532300000001,882,344,293.2,303792,303904
0.2251004558056593,0.05,0.6348233632743359,0.0001546973617223557,0.0001838798734752345,0.0003,1024,-1.102951,890,344,290.21,306384,306496
0.18350106850266457,0.04,0.6309227719902992,0.00015676535895181587,0.0002304583031218499,0.0003,1028,-1.06606855,892,344,290.66,307088,307200
-1.517116490751505,0.04,0.6303936652839184,0.00015677316878282,0.00018295199151907582,0.0003,1032,-1.0618746299999997,892,344,290.66,307104,307216
-0.6483225636184216,0.04,0.6335284039378166,0.00016114516529341927,0.0001672519138082862,0.0003,1036,-1.0598015499999998,896,344,290.66,308400,308512
2.544154353439808,0.04,0.6340821869671345,0.00016007550493668532,0.00019852165041811531,0.0003,1040,-1.0602801099999999,904,344,290.66,311184,311296
0.2637785980477929,0.03,0.6304202117025852,0.0001562564939376898,0.000171245191268099,0.0003,1044,-1.0639067599999998,906,344,293.65,311888,312000
-0.6061393152922392,0.03,0.6159624867141247,0.0001561682529427344,0.00019419246882534935,0.0003,1048,-1.06267433,906,344,293.65,311904,312016
-0.2926849462091923,0.03,0.5973084457218647,0.00014870335417072056,0.00016406207487307256,0.0003,1052,-1.05875014,909,344,293.65,313200,313312
2.4025250915437937,0.03,0.622138973325491,0.00014916292093403172,0.00016373743437725352,0.0003,1056,-1.0461106100000002,917,344,293.65,315984,316096
0.6628041854128242,0.02,0.6188135929405689,0.00015303780946851475,0.00018295016343472525,0.0003,1060,-1.03825619,920,344,294.02,316688,316800
-0.7270847037434578,0.02,0.6256228908896446,0.00015305469332815846,0.00021977407595841214,0.0003,1064,-1.03823519,920,344,294.02,316704,316816
-0.48972515389323235,0.02,0.6131871230900288,0.0001495739688834874,0.00017363281585858203,0.0003,1068,-1.0335706199999999,923,344,294.02,318000,318112
3.4775118194520473,0.02,0.59511324390769,0.00015535807415290037,0.00020766873058164492,0.0003,1072,-1.0182216100000003,931,344,294.02,320784,320896
-0.2994969319552183,0.02,0.6134612672030926,0.00015759352390887216,0.00016765847612987272,0.0003,1076,-1.0042733799999999,933,344,294.02,321488,321600
-1.680927325040102,0.03,0.6027730032801628,0.0001574364223415614,0.00017634726737014716,0.0003,1080,-0.9952723300000001,933,344,291.03,321504,321616
-0.24764610081911087,0.03,0.5933946408331394,0.00015635342970199417,0.000377507498342311,0.0003,1084,-0.9996741,936,344,291.03,322544,322656
-0.5488969068974257,0.04,0.60063461586833,0.00015416572023241315,0.00021540474062931025,0.0003,1088,-0.96375539,940,344,288.04,323616,323728
1.5526508456096053,0.04,0.5953093469142914,0.00015573663949908223,0.00018608324808155885,0.0003,1092,-0.94048443,947,344,288.04,326288,326400
,0.04,,,,,1096,-0.94048443,947,344,288.04,,326400
1.572241771966219,0.04,0.5977243520319462,0.0001561660510560614,0.0002064766267722007,0.0003,1100,-0.9397723099999999,947,344,288.04,326304,326416
-1.4826169051229954,0.03,0.5741080865263939,0.00015786267522344133,0.00016962724657787476,0.0003,1104,-0.9495812600000001,953,344,291.03,328416,328528
-0.05887257307767868,0.03,0.5747829265892506,0.0001524288163636811,0.00018954801635118201,0.0003,1108,-0.93488501,961,344,291.03,331088,331200
,0.03,,,,,1112,-0.93488501,961,344,291.03,,331200
0.18055902421474457,0.03,0.5930911004543304,0.0001523377532066661,0.00018651210575626465,0.0003,1116,-0.9351970399999999,961,344,291.03,331104,331216
1.3189678564667702,0.03,0.575503021478653,0.00015999918196030194,0.0001854344891398796,0.0003,1120,-0.9223204600000001,967,344,291.03,333216,333328
0.45073118805885315,0.02,0.5746555812656879,0.000147396888678486,0.00020774132372025633,0.0003,1124,-0.95672176,975,344,294.02,335888,336000
,0.02,,,,,1128,-0.95672176,975,344,294.02,,336000
0.16651621833443642,0.02,0.5567240342497826,0.00014747818568139337,0.00020802352810278535,0.0003,1132,-0.95503121,975,344,294.02,335904,336016
0.3957868441939354,0.02,0.5739366412162781,0.00014868020298308693,0.000175601247974555,0.0003,1136,-0.9444030900000001,981,344,294.02,338016,338128
0.5768983121961355,0.02,0.5503034368157387,0.00015675496797484811,0.0001589033431628195,0.0003,1140,-0.9360273500000001,989,344,294.02,340688,340800
,0.02,,,,,1144,-0.9360273500000001,989,344,294.02,,340800
0.25290393084287643,0.02,0.566140990704298,0.00015703589269833174,0.00015149635282796226,0.0003,1148,-0.93393077,989,344,294.02,340704,340816
0.5271602971479297,0.02,0.5582150220870972,0.0001518981780463946,0.000164542201673612,0.0003,1152,-0.93463503,995,344,294.02,342816,342928
1.6546582747250795,0.02,0.5371743589639664,0.0001500783964729635,0.0001886358622869011,0.0003,1156,-0.9086819199999999,1003,344,294.02,345488,345600
,0.02,,,,,1160,-0.9086819199999999,1003,344,294.02,,345600
1.5058500971645117,0.02,0.5441320836544037,0.00015066698961163638,0.00019186994541087188,0.0003,1164,-0.9167924699999999,1003,344,294.02,345504,345616
-1.6694850400090218,0.02,0.5469495244324207,0.00015216818337648874,0.00016416368180216523,0.0003,1168,-0.9137441499999999,1009,344,294.02,347616,347728
0.6020184140652418,0.02,0.5355828516185284,0.0001522302791272523,0.00014961910255806288,0.0003,1172,-0.9302439800000001,1017,344,294.02,350288,350400
,0.02,,,,,1176,-0.9302439800000001,1017,344,294.02,,350400
1.8416345119476318,0.02,0.5406138058751822,0.00015248818726831814,0.00016135670421135728,0.0003,1180,-0.9055462,1017,344,294.02,350304,350416
-3.292352870106697,0.01,0.5217745788395405,0.00014981603908381658,0.00015525011258432642,0.0003,1184,-0.91512108,1023,344,297.01,352416,352528
1.3657046593725681,0.0,0.5280549302697182,0.00014350620222103316,0.0001712247139948886,0.0003,1188,-0.9486625900000001,1031,344,300.0,355088,355200
,0.0,,,,,1192,-0.9486625900000001,1031,344,300.0,,355200
2.2962902756407857,0.0,0.5373269803822041,0.0001439516054233536,0.0001821334276428388,0.0003,1196,-0.9389745299999999,1031,344,300.0,355104,355216
0.9051166661083698,0.0,0.5237235594540834,0.00014555686811945634,0.00020907756697852165,0.0003,1200,-0.93815183,1037,344,300.0,357216,357328
-2.3745491467416286,0.0,0.5274100359529257,0.00014875080614729086,0.0001513196802989114,0.0003,1204,-0.9311998500000002,1044,344,300.0,359888,360000
,0.0,,,,,1208,-0.9311998500000002,1044,344,300.0,,360000
-1.6654976829886436,0.0,0.5042052399367094,0.00014807965180807514,0.0001501376732448989,0.0003,1212,-0.9361023900000001,1044,344,300.0,359904,360016
3.024746172130108,0.0,0.5122478120028973,0.00015294540662580403,0.0001669984503678279,0.0003,1216,-0.93621073,1051,344,300.0,362016,362128
-0.24875681847333908,0.0,0.5028132814913988,0.00014998467941040872,0.00013840160227118758,0.0003,1220,-0.9416013900000002,1058,344,300.0,364688,364800
,0.0,,,,,1224,-0.9416013900000002,1058,344,300.0,,364800
-1.0311215408146381,0.0,0.5030728150159121,0.0001498696037742775,0.00013806561491946923,0.0003,1228,-0.9258873600000002,1058,344,300.0,364704,364816
0.2992753218859434,0.0,0.5010656956583261,0.0001476967327107559,0.00018817291129380465,0.0003,1232,-0.92375714,1064,344,300.0,366816,366928
0.9754808135330677,0.0,0.5030776672065258,0.00014297155485110125,0.00016452421186841093,0.0003,1236,-0.9390650099999999,1072,344,300.0,369488,369600
,0.0,,,,,1240,-0.9390650099999999,1072,344,300.0,,369600
1.6994541380554438,0.0,0.5041161458939314,0.00014318463763629552,0.0001501807605563954,0.0003,1244,-0.9249349200000002,1072,344,300.0,369504,369616
-0.5007033832371235,0.0,0.5003536641597748,0.00014678794923383975,0.00015168080244620796,0.0003,1248,-0.9514044400000001,1078,344,300.0,371616,371728
-0.9841786362230778,0.0,0.49605810455977917,0.00014501966506941244,0.00018511541793486685,0.0003,1252,-0.95027718,1086,344,300.0,374288,374400
,0.0,,,,,1256,-0.95027718,1086,344,300.0,,374400
-0.2764491140842438,0.0,0.4924282990396023,0.0001448249195163953,0.0001522028860563296,0.0003,1260,-0.9648751400000001,1086,344,300.0,374304,374416
-0.990812748670578,0.0,0.4863184988498688,0.00014298129735834664,0.00024431080692011165,0.0003,1264,-0.9739724199999997,1092,344,300.0,376416,376528
-2.414955537766218,0.0,0.5028585158288479,0.00014495391405944247,0.00012741903265123256,0.0003,1268,-0.94847009,1100,344,300.0,379088,379200
,0.0,,,,,1272,-0.94847009,1100,344,300.0,,379200
-1.8226681724190712,0.0,0.48124387115240097,0.00014441567691392265,0.00015575826319036423,0.0003,1276,-0.94636252,1100,344,300.0,379104,379216
-1.8335569091141224,0.0,0.5001055486500263,0.00014230015494831605,0.00014584273321816,0.0003,1280,-0.9735819600000001,1106,344,300.0,381216,381328
1.938092092052102,0.01,0.4898213520646095,0.00014176316926750587,0.0001692534542598878,0.0003,1284,-0.96418367,1112,344,298.61,383296,383408
0.5692525431513786,0.02,0.49339154176414013,0.0001427749084541574,0.00013890002219341113,0.0003,1288,-0.9374277200000002,1114,344,298.52,383888,384000
-0.28324391320347786,0.02,0.4840240962803364,0.0001429124404239701,0.00013452787516143871,0.0003,1292,-0.93627605,1114,344,298.52,383904,384016
-1.4831574708223343,0.02,0.48750013671815395,0.00014371350243891357,0.0002617046839077375,0.0003,1296,-0.94062866,1120,344,298.52,386016,386128
0.6900595780462027,0.02,0.4758536219596863,0.00014798114443692612,0.00015131753980313079,0.0003,1300,-0.94935431,1126,344,298.52,388096,388208
2.38396480306983,0.03,0.48153942450881004,0.0001563304140290711,0.000182783946456766,0.0003,1304,-0.94846738,1128,344,295.53,388688,388800
0.82077731564641,0.03,0.4849160686135292,0.00015693725799792446,0.00019484471522446256,0.0003,1308,-0.9590428599999998,1128,344,295.53,388704,388816
-0.42762209102511406,0.03,0.48146679252386093,0.00014581032610294642,0.0001644059825594013,0.0003,1312,-0.9851603299999999,1132,344,295.53,390208,390320
1.4575949404388666,0.03,0.48111432418227196,0.00014587467831006506,0.00016642150967527414,0.0003,1316,-0.9808376399999998,1140,344,295.53,392784,392896
-0.9860632177442312,0.03,0.46527229249477386,0.00014472083785221912,0.00018095802306561382,0.0003,1320,-0.9701057099999999,1142,344,295.53,393488,393600
-0.44007524102926254,0.03,0.4830413591116667,0.00014471183385467157,0.00017951806921701063,0.0003,1324,-0.97268843,1142,344,295.53,393504,393616
1.0194489657878876,0.03,0.47829675301909447,0.00014067548181628808,0.00017601716945137014,0.0003,1328,-0.9939511500000003,1146,344,295.53,395008,395120
-0.8405354768037796,0.03,0.4520531054586172,0.00014624889900005655,0.0001485096913711459,0.0003,1332,-0.98997457,1154,344,295.53,397584,397696
-0.6620887704193592,0.03,0.4757308606058359,0.00014528782139677787,0.00015633747125320951,0.0003,1336,-0.98292493,1156,344,295.53,398288,398400
-0.01722574047744274,0.03,0.47980377450585365,0.0001450475483579794,0.0001556204251755844,0.0003,1340,-0.9961881300000002,1156,344,295.53,398304,398416
1.2663429379463196,0.03,0.48139447905123234,0.0001408008165526553,0.00014696399466629373,0.0003,1344,-1.0215483200000002,1160,344,295.53,399808,399920
-1.9311685375869274,0.03,0.47864083759486675,0.00014347112210089108,0.00016617575784039218,0.0003,1348,-1.01323395,1168,344,295.53,402384,402496
-2.7131818681955338,0.03,0.47443205304443836,0.0001398892791257822,0.00017482207385910442,0.0003,1352,-1.0190737399999998,1170,344,295.53,403088,403200
-2.5033420473337173,0.03,0.4656126666814089,0.0001392101912642829,0.00018588218017612235,0.0003,1356,-1.0439447799999997,1170,344,295.53,403104,403216
0.8126041479408741,0.03,0.4570072069764137,0.00014389907846634742,0.00017329643515040516,0.0003,1360,-1.03912466,1174,344,295.53,404608,404720
0.060395797714591026,0.03,0.4628905616700649,0.00013841260442859493,0.00019184763095836388,0.0003,1364,-1.03594635,1182,344,295.53,407184,407296
0.39880649000406265,0.03,0.47673529386520386,0.00013757572287431685,0.0001559294123580912,0.0003,1368,-1.04632139,1184,344,295.53,407888,408000
1.6283216048032045,0.03,0.4801656175404787,0.0001378569177177269,0.00016354566969312145,0.0003,1372,-1.05448977,1184,344,295.53,407904,408016
0.3423582259565592,0.03,0.46260511316359043,0.00013543441400543088,0.0001675577586865984,0.0003,1376,-1.0620886399999998,1188,344,295.53,409408,409520
-0.560238104313612,0.03,0.44402348063886166,0.00014321732396638254,0.0001452219398743182,0.0003,1380,-1.04084616,1196,344,295.53,411984,412096
0.8914224356412888,0.01,0.47482486069202423,0.0001384737406624481,0.00016966917110039503,0.0003,1384,-1.06809268,1198,344,297.01,412688,412800
0.6518500968813896,0.01,0.4685192331671715,0.0001386615967930993,0.00021211682815192034,0.0003,1388,-1.0981518,1198,344,297.01,412704,412816
-1.1691908221691847,0.01,0.47906895726919174,0.00013618234697787557,0.00016293575708914432,0.0003,1392,-1.0962661,1202,344,297.01,414208,414320
-1.9502263590693474,0.01,0.4532050136476755,0.00014424218716158066,0.00018306252104594023,0.0003,1396,-1.10855291,1209,344,297.01,416784,416896
1.7053898721933365,0.0,0.4804458525031805,0.0001323086180491373,0.00016736647694415296,0.0003,1400,-1.10946589,1211,344,300.0,417488,417600
1.1321709994226694,0.0,0.4592141006141901,0.00013264187691675033,0.00017486378146713832,0.0003,1404,-1.1172803199999999,1211,344,300.0,417504,417616
1.0332574769854546,0.0,0.4712218791246414,0.00013835284244123613,0.00020625821980502224,0.0003,1408,-1.107188,1216,344,300.0,419008,419120
2.8565434757620096,0.0,0.46908421628177166,0.00013307893550518202,0.00014577959564121556,0.0003,1412,-1.07937197,1223,344,300.0,421584,421696
2.4015409536659718,0.0,0.4489765875041485,0.00013511461747839348,0.00016359813707822468,0.0003,1416,-1.09293632,1225,344,300.0,422288,422400
0.98393914103508,0.0,0.4500311575829983,0.0001356536222374416,0.00016943485525189317,0.0003,1420,-1.10987109,1225,344,300.0,422304,422416
-3.0452757105231285,0.0,0.4639260023832321,0.0001419189820808242,0.0001772702526068315,0.0003,1424,-1.11030904,1230,344,300.0,423808,423920
-1.4091307744383812,0.0,0.4588455706834793,0.00014999008180893725,0.00016491227643200546,0.0003,1428,-1.1234563799999997,1237,344,300.0,426384,426496
-0.0954325906932354,0.0,0.4525491278618574,0.00013970726377010578,0.00013283008411235642,0.0003,1432,-1.13917893,1239,344,300.0,427088,427200
0.9162572436034679,0.0,0.44778305292129517,0.00013967270569992252,0.00015857980270084227,0.0003,1436,-1.13969182,1239,344,300.0,427104,427216
0.8496832922101021,0.0,0.4516802467405796,0.00014155702319840202,0.00014905583793733967,0.0003,1440,-1.11906531,1243,344,300.0,428608,428720
-2.325320091098547,0.0,0.45242444053292274,0.00014274504428613,0.00019308097716930206,0.0003,1444,-1.1011628699999998,1251,344,300.0,431184,431296
2.434778992086649,0.0,0.4588360730558634,0.00014178353922034148,0.00015216852489174926,0.0003,1448,-1.0933605800000001,1253,344,300.0,431888,432000
1.6015686765313148,0.0,0.45980977080762386,0.00014238649600883946,0.000152190832523047,0.0003,1452,-1.0795444299999999,1253,344,300.0,431904,432016
0.8852274771779776,0.0,0.4411505665630102,0.00013783508256892674,0.00016652956855978118,0.0003,1456,-1.04650406,1257,344,300.0,433408,433520
-0.0020354799926280975,0.0,0.448581887409091,0.0001351990595139796,0.00019754259301407728,0.0003,1460,-1.05165458,1265,344,300.0,435984,436096
-0.6862512454390526,0.0,0.4496135115623474,0.00013302395109349163,0.00015213593769658473,0.0003,1464,-1.05689119,1267,344,300.0,436688,436800
2.4039991330355406,0.0,0.4502571616321802,0.00013303155174071435,0.00020696399769803975,0.0003,1468,-1.05197037,1267,344,300.0,436704,436816
-1.6103350184857845,0.01,0.45057246647775173,0.00013714413489651633,0.00017592132735444466,0.0003,1472,-1.03593745,1271,344,297.77,438000,438112
0.5848833061754704,0.01,0.44204690493643284,0.00013422297433862695,0.00013877040692023002,0.0003,1476,-1.0216751499999999,1278,344,297.77,440416,440528
-0.6965850815176964,0.01,0.4524845890700817,0.00013191917150834342,0.00014381122855411377,0.0003,1480,-1.03125581,1281,344,297.77,441488,441600
-0.8975375555455685,0.01,0.43637322448194027,0.00013168315308575984,0.0001561315266371821,0.0003,1484,-1.03772412,1281,344,297.77,441504,441616
2.6546620875597,0.01,0.46226343512535095,0.00013262684478831943,0.00017762189054337796,0.0003,1488,-1.0336356000000002,1284,344,297.77,442800,442912
-1.6875810623168945,0.01,0.45316796004772186,0.00013578732432506513,0.0001891031756713346,0.0003,1492,-1.01412937,1291,344,297.77,445216,445328
1.8051245734095573,0.01,0.43701200745999813,0.00013629365002998384,0.00016276858332275879,0.0003,1496,-1.0043700600000003,1295,344,297.77,446288,446400
0.39048931933939457,0.01,0.4600954297930002,0.00013667541952600004,0.00015739139962533955,0.0003,1500,-1.0032411200000002,1295,344,297.77,446304,446416
-0.9550283849239349,0.01,0.4537710454314947,0.0001341420975222718,0.0001967251205314824,0.0003,1504,-1.0062420400000003,1298,344,297.77,447600,447712
0.8672243766486645,0.01,0.44529594853520393,0.00013415722423815168,0.00014142841610009782,0.0003,1508,-0.9914883500000002,1305,344,297.77,450016,450128
-0.7210670448839664,0.02,0.4301353804767132,0.00012926927229273133,0.00014719922182848677,0.0003,1512,-0.9917297400000001,1308,344,296.24,450944,451056
1.4953640066087246,0.02,0.44316243194043636,0.00013189544188207947,0.0001648929310249514,0.0003,1516,-0.97719935,1309,344,296.24,451088,451200
0.16102873906493187,0.02,0.4519155751913786,0.00013983616827317746,0.00021841126363142394,0.0003,1520,-0.9731681299999999,1312,344,296.24,452336,452448
-0.23208425287157297,0.02,0.4387625474482775,0.00012633173446374713,0.0002276296058880689,0.0003,1524,-0.96721287,1319,344,296.24,454816,454928
-0.23700817301869392,0.03,0.44441565312445164,0.00013998477425047895,0.00015189212490440696,0.0003,1528,-0.9196227900000001,1322,344,293.25,455584,455696
-2.036195818334818,0.03,0.4390105176717043,0.00013403772663878044,0.00015228487927743117,0.0003,1532,-0.9274165500000001,1322,344,293.25,455888,456000
0.25583719462156296,0.03,0.4451298750936985,0.00013466753443935886,0.00022964651589063578,0.0003,1536,-0.91831935,1325,344,293.25,456960,457072
0.2770711909979582,0.03,0.4425309803336859,0.00013016276898270007,0.00019245849580329377,0.0003,1540,-0.92800707,1330,344,293.25,458480,458592
-0.562068909406662,0.03,0.4280320554971695,0.00013727309760724893,0.00016460164579257253,0.0003,1544,-0.9199022199999999,1335,344,293.25,460384,460496
1.0399695113301277,0.03,0.44117833860218525,0.00013581467010226334,0.0001916708115459187,0.0003,1548,-0.91842382,1336,344,293.25,460688,460800
0.4573683738708496,0.03,0.42503560706973076,0.00012734612118947553,0.00017425292480766075,0.0003,1552,-0.9221606800000001,1339,344,293.25,461760,461872
-1.3411952890455723,0.03,0.43549829348921776,0.00013557414149545366,0.0001704141468508169,0.0003,1556,-0.9374174900000001,1344,344,293.25,463280,463392
1.2674002163112164,0.03,0.4209839068353176,0.00013712507552554598,0.00023319506726693362,0.0003,1560,-0.9426397799999999,1349,344,293.25,465184,465296
-0.904552910476923,0.03,0.42714162170886993,0.0001382954178552609,0.00015731148414488416,0.0003,1564,-0.9347161900000002,1350,344,293.25,465488,465600
-1.6025661528110504,0.03,0.4218122772872448,0.0001280885035157553,0.00015965863485689624,0.0003,1568,-0.93658711,1353,344,293.25,466560,466672
1.4889913871884346,0.02,0.4556910917162895,0.00013461454091157066,0.00017557799537826213,0.0003,1572,-0.95381575,1358,344,295.48,468080,468192
0.49876023083925247,0.02,0.42805933207273483,0.0001291518847210682,0.00020348352882137988,0.0003,1576,-0.96228177,1363,344,295.48,469984,470096
2.5949357077479362,0.02,0.43670766055583954,0.00013380753443925641,0.00019322527305121184,0.0003,1580,-0.96203828,1364,344,295.48,470288,470400
0.7934190556406975,0.02,0.42975496500730515,0.00013713393946090946,0.00017298336933890823,0.0003,1584,-0.9629653499999999,1367,344,295.48,471360,471472
-3.076288916170597,0.02,0.42521476186811924,0.00013016220600547967,0.00023355247594736284,0.0003,1588,-0.9665765999999999,1371,344,295.48,472880,472992
-1.7302881814539433,0.02,0.43444876559078693,0.00013599539397546323,0.0001894577949315135,0.0003,1592,-0.97631436,1377,344,295.48,474784,474896
1.5485769510269165,0.02,0.44646742567420006,0.0001302521004618029,0.00024259505244117463,0.0003,1596,-0.9911928099999997,1378,344,295.48,475088,475200
-1.0740134119987488,0.03,0.42645506002008915,0.00013048404071014374,0.000208550552088127,0.0003,1600,-0.98323283,1378,344,292.49,475104,475216
-1.9024723917245865,0.03,0.43054358661174774,0.00013652414600073826,0.00018026579436991597,0.0003,1604,-0.98887558,1382,344,292.49,476608,476720
-0.8007558528333902,0.03,0.4346659481525421,0.00013330630645214114,0.00021118595941516105,0.0003,1608,-0.9835702399999999,1390,344,292.49,479312,479424
-0.41845935210585594,0.02,0.4099452141672373,0.0001306139583903132,0.0001784340229278314,0.0003,1612,-0.9935174500000001,1392,344,294.02,479888,480000
-0.08647308312356472,0.02,0.4290233179926872,0.00013059722732577939,0.00017092444613808766,0.0003,1616,-0.9919124600000001,1392,344,294.02,479904,480016
-0.4822845123708248,0.02,0.42505004070699215,0.00013790954199066618,0.0001811498755159846,0.0003,1620,-0.99241271,1396,344,294.02,481408,481520
-2.3069267198443413,0.02,0.41696391999721527,0.00013410288192972075,0.00018149284551327582,0.0003,1624,-0.99955359,1404,344,294.02,484112,484224
-1.982013376429677,0.01,0.41566543467342854,0.00013091191704006633,0.00013916477291786578,0.0003,1628,-1.0021865499999998,1406,344,297.01,484688,484800
-1.1959449388086796,0.01,0.4152942784130573,0.0001304953102589934,0.00014049403125682147,0.0003,1632,-1.00104202,1406,344,297.01,484704,484816
2.9504988081753254,0.01,0.4234570264816284,0.00013000184208067367,0.00019554575010261033,0.0003,1636,-1.0110288,1410,344,297.01,486208,486320
-1.7669672258198261,0.02,0.4423208273947239,0.00012732357208733447,0.0002297134424225078,0.0003,1640,-0.99276444,1418,344,295.87,488784,488896
-0.2382083162665367,0.02,0.4141931366175413,0.00012730370690405834,0.00016927141768974252,0.0003,1644,-0.9988915100000001,1420,344,295.87,489488,489600
0.33342695236206055,0.02,0.4306234549731016,0.00012720460108539555,0.0001639733973206603,0.0003,1648,-0.9966634999999999,1420,344,295.87,489504,489616
-0.23444516211748123,0.03,0.4205863270908594,0.00012147554980401765,0.0001747540095493605,0.0003,1652,-0.99492813,1423,344,293.37,490800,490912
0.41387416422367096,0.03,0.42246012575924397,0.0001264088195966906,0.0001765892620824161,0.0003,1656,-0.9813952,1430,344,293.37,493216,493328
0.5280838087201118,0.03,0.4171056915074587,0.00012535388032119954,0.00022525882923218887,0.0003,1660,-0.9804273600000002,1433,344,293.37,494288,494400
-1.587875647470355,0.03,0.4037063643336296,0.00012542722834041342,0.0001791288250387879,0.0003,1664,-0.9691347900000001,1433,344,293.37,494304,494416
-3.114465821534395,0.03,0.4293989632278681,0.0001314889204877545,0.00017196036242239643,0.0003,1668,-0.9652005200000002,1437,344,293.37,495600,495712
-1.1554818879812956,0.03,0.43593947030603886,0.00012709837483271258,0.0001830319042710471,0.0003,1672,-0.9659517500000001,1444,344,293.37,498016,498128
-0.08491172455251217,0.03,0.4178636912256479,0.00012536803114926443,0.0001871667886916839,0.0003,1676,-0.95555489,1447,344,293.37,499088,499200
-0.9360387455672026,0.03,0.4162381086498499,0.00012534649522422114,0.0001883264053503808,0.0003,1680,-0.9490166800000001,1447,344,293.37,499104,499216
-1.0189004614949226,0.03,0.4210963826626539,0.00012248364055267302,0.00015783789922352298,0.0003,1684,-0.9433394799999999,1451,344,293.37,500400,500512
2.309234442189336,0.03,0.4208891335874796,0.0001258626443814137,0.00015897289222266409,0.0003,1688,-0.9342875199999999,1458,344,293.37,502816,502928
-1.3666464015841484,0.03,0.40053562447428703,0.00012885197156720096,0.00014686854319734266,0.0003,1692,-0.9007843499999999,1461,344,293.37,503888,504000
-2.360081449151039,0.03,0.41890934482216835,0.00012851057454099646,0.0001720754303278227,0.0003,1696,-0.90071842,1461,344,293.37,503904,504016
0.27664247900247574,0.02,0.40673106350004673,0.00012152011959187803,0.00015819551208551275,0.0003,1700,-0.90310432,1465,344,296.36,505200,505312
-0.9383292719721794,0.02,0.4112404156476259,0.00012188428581794142,0.00017487371724200784,0.0003,1704,-0.8915633499999999,1472,344,296.36,507616,507728
0.37285277619957924,0.02,0.4219278134405613,0.00012581297778524458,0.00013618608682008926,0.0003,1708,-0.8953712499999998,1475,344,296.36,508688,508800
0.9360615871846676,0.02,0.426986176520586,0.00012599791079992428,0.00014084750046094996,0.0003,1712,-0.8924735099999999,1475,344,296.36,508704,508816
-0.1267901435494423,0.02,0.4120349921286106,0.00012988969501748215,0.0001792672201190726,0.0003,1716,-0.8849072300000002,1479,344,296.36,510000,510112
0.8809225969016552,0.02,0.40642295219004154,0.00012530623371276306,0.00017925997508427827,0.0003,1720,-0.88048248,1486,344,296.36,512416,512528
-0.9562421105802059,0.02,0.4139708299189806,0.00012429404523572885,0.0001712968942229054,0.0003,1724,-0.87849791,1489,344,296.36,513488,513600
-1.2783256620168686,0.02,0.4107943922281265,0.00012410994804668007,0.00014645565579485265,0.0003,1728,-0.8938032800000001,1489,344,296.36,513504,513616
2.5577443800866604,0.02,0.41174712777137756,0.00012399629122228362,0.00015591262990710675,0.0003,1732,-0.8806066899999999,1493,344,296.36,514800,514912
-0.7092856578528881,0.03,0.4163728319108486,0.00013073074023850495,0.00016262444978565327,0.0003,1736,-0.8474637899999999,1496,344,294.86,516080,516192
-0.6236611008644104,0.02,0.4155269470065832,0.00012386887738102814,0.0001697797351880581,0.0003,1740,-0.8626845600000002,1503,344,296.0,518288,518400
0.5399450771510601,0.02,0.4209472257643938,0.0001238285922227078,0.00017095229395636125,0.0003,1744,-0.8696335200000002,1503,344,296.0,518304,518416
1.046457402408123,0.02,0.39526539854705334,0.00012986286583327455,0.00018697882296692114,0.0003,1748,-0.87407031,1507,344,296.0,519600,519712
1.2753321304917336,0.01,0.40905386954545975,0.0001287672903345083,0.00014482905953627778,0.0003,1752,-0.8657732699999999,1510,344,298.5,520880,520992
0.8781299237161875,0.01,0.3993395362049341,0.00013361437140702037,0.00018902849114965647,0.0003,1756,-0.8630689699999999,1517,344,298.5,523088,523200
-1.3174644224345684,0.01,0.39745892211794853,0.00013360076809476595,0.0002111564426741097,0.0003,1760,-0.8511018,1517,344,298.5,523104,523216
1.2488817628473043,0.01,0.4091023150831461,0.00012475169205572456,0.00020917858910252107,0.0003,1764,-0.8546527899999999,1521,344,298.5,524400,524512
-0.059175850823521614,0.02,0.4125588219612837,0.00013165653581381775,0.00020377951568661956,0.0003,1768,-0.8383269900000001,1524,344,298.02,525488,525600
-0.6468348149210215,0.02,0.4049440212547779,0.0001317146807195968,0.00018814091117747012,0.0003,1772,-0.8279971700000001,1531,344,298.02,527888,528000
-1.434039145708084,0.02,0.41370370611548424,0.00013156076602172107,0.00020786540790140862,0.0003,1776,-0.82952658,1531,344,298.02,527904,528016
-0.6943453848361969,0.02,0.4149799235165119,0.00013325750660442282,0.0002194290655097575,0.0003,1780,-0.8547332299999999,1534,344,298.02,529200,529312
-1.4801827166229486,0.02,0.4091182630509138,0.0001348006690022885,0.00019589962084864965,0.0003,1784,-0.86016095,1538,344,298.02,530288,530400
-0.4384992551058531,0.02,0.4150628689676523,0.00013046593358012615,0.00018583589462650707,0.0003,1788,-0.8748770400000001,1545,344,298.02,532688,532800
0.146357923746109,0.02,0.39910977706313133,0.0001303190383623587,0.0001995888187593664,0.0003,1792,-0.9161538500000002,1545,344,298.02,532704,532816
1.2459760438650846,0.02,0.39028863050043583,0.00012833246182708535,0.0001701209193925024,0.0003,1796,-0.9208540300000001,1549,344,298.02,534000,534112
-0.5711763259023428,0.02,0.39935501851141453,0.00012783259808202274,0.0002349834903725423,0.0003,1800,-0.92591612,1552,344,298.02,535088,535200
-0.5919642634689808,0.02,0.4094550646841526,0.000123540495224006,0.00018402258228888968,0.0003,1804,-0.93200024,1559,344,298.02,537488,537600
-1.8912401050329208,0.02,0.40523636154830456,0.0001233783887073514,0.00020846500410698354,0.0003,1808,-0.9222418800000001,1559,344,298.02,537504,537616
2.854458251968026,0.02,0.4103120118379593,0.00012604047333297785,0.00016817406640257104,0.0003,1812,-0.9303769199999999,1562,344,298.02,538800,538912
-3.293618392199278,0.02,0.397673886269331,0.00012556283036246896,0.00018763160551316105,0.0003,1816,-0.93407876,1566,344,298.02,539888,540000
-0.7358867041766644,0.03,0.4081053826957941,0.0001281220002056216,0.00019864472778863274,0.0003,1820,-0.91271671,1572,344,295.93,542144,542256
0.1724101770669222,0.03,0.39638005942106247,0.00012647295716305962,0.0002409799926681444,0.0003,1824,-0.9186454900000001,1573,344,295.93,542304,542416
-1.6016636118292809,0.03,0.3963903971016407,0.00012112256581531256,0.00025839992849796545,0.0003,1828,-0.9055678899999999,1576,344,295.93,543600,543712
-1.1328842900693417,0.03,0.3935027476400137,0.00012705106746579986,0.00016770808178989682,0.0003,1832,-0.9128524800000001,1580,344,295.93,544688,544800
0.44349172711372375,0.03,0.41220727749168873,0.00012396582587825833,0.0001960188701559673,0.0003,1836,-0.93929738,1586,344,294.83,546784,546896
0.06433767452836037,0.03,0.3985446523874998,0.00012400653486110969,0.00019813789094769163,0.0003,1840,-0.96918587,1587,344,294.83,547104,547216
-1.7954137586057186,0.03,0.4079980030655861,0.00012707641690212768,0.0001867962746473495,0.0003,1844,-0.97263385,1590,344,294.83,548336,548448
0.32288197986781597,0.03,0.40938212163746357,0.00012138707734266063,0.0002683641641851864,0.0003,1848,-0.9665103899999998,1592,344,294.83,548912,549024
-0.12654296681284904,0.03,0.3848620653152466,0.00012138199736000388,0.0002719052299653413,0.0003,1852,-0.9723396299999999,1600,344,294.83,551584,551696
2.9731349423527718,0.03,0.40225882828235626,0.00012276286361156963,0.0002256404577565263,0.0003,1856,-0.9701058799999999,1601,344,294.83,551904,552016
0.04325207136571407,0.03,0.4059360921382904,0.00011989452195848571,0.00016329926438629627,0.0003,1860,-0.9720478899999998,1604,344,294.83,553136,553248
-2.626579796895385,0.03,0.38896356895565987,0.00011986770186922513,0.00021097262469993439,0.0003,1864,-0.9669430200000001,1606,344,294.83,553712,553824
-1.510226421058178,0.02,0.3906856458634138,0.00011307327213216922,0.0002064390318992082,0.0003,1868,-0.9989731200000002,1613,344,295.31,556384,556496
-0.31474413722753525,0.02,0.3944850564002991,0.00011564048600121168,0.0001741802079777699,0.0003,1872,-1.0273724199999998,1614,344,295.31,556704,556816
0.07774961367249489,0.02,0.40703515335917473,0.00012282381521799834,0.0001761533685566974,0.0003,1876,-1.04217568,1618,344,295.31,557936,558048
1.5528527814894915,0.02,0.4014201983809471,0.00012406811947585084,0.00019009502602784778,0.0003,1880,-1.02602916,1620,344,295.31,558512,558624
0.565864585340023,0.02,0.3834477737545967,0.0001240748279087711,0.00016239609658441623,0.0003,1884,-1.02488342,1627,344,295.31,561184,561296
0.3451843932271004,0.02,0.3905791789293289,0.00012531465381471207,0.00018247877414978575,0.0003,1888,-1.01983537,1628,344,295.31,561504,561616
-0.019294753670692444,0.02,0.38630465418100357,0.00012302851700951578,0.0002170465904782759,0.0003,1892,-0.9921879899999999,1632,344,295.31,562736,562848
-2.0645807534456253,0.02,0.39126594364643097,0.00012117556389057427,0.00018704195736063411,0.0003,1896,-0.97874775,1633,344,295.31,563312,563424
1.4762668460607529,0.02,0.3973268661648035,0.0001227698230650276,0.00019896288358722813,0.0003,1900,-0.9782977299999999,1641,344,295.31,565984,566096
-2.894157798960805,0.02,0.38009611517190933,0.0001212399865835323,0.0001618321784917498,0.0003,1904,-0.97882762,1642,344,295.31,566304,566416
2.1927307453006506,0.02,0.39629718847572803,0.00011755710966099286,0.00020196666537231067,0.0003,1908,-0.98095861,1646,344,295.31,567536,567648
-0.6920528318732977,0.02,0.39935722947120667,0.00012142130844949861,0.00019829672783089336,0.0003,1912,-0.97892764,1647,344,295.31,568112,568224
1.287298358976841,0.02,0.38516876101493835,0.00012017158906019176,0.0001592145963513758,0.0003,1916,-1.0128793,1655,344,295.31,570784,570896
4.101381231099367,0.01,0.39881376549601555,0.00011969368824793492,0.00022245978834689595,0.0003,1920,-1.01407348,1656,344,297.4,571104,571216
0.566914327442646,0.01,0.38707790337502956,0.00012395807789289393,0.0001706655298221449,0.0003,1924,-1.0134046599999997,1660,344,297.4,572336,572448
0.7092617284506559,0.01,0.3884041849523783,0.00011860064796564984,0.00017977220477405353,0.0003,1928,-1.01555804,1661,344,297.4,572912,573024
-0.3306700810790062,0.01,0.38803213462233543,0.00012680992131208768,0.00018236043479191721,0.0003,1932,-1.01788048,1669,344,297.4,575584,575696
-1.9208306856453419,0.0,0.40057886578142643,0.00012411372972565005,0.00030907581822248176,0.0003,1936,-0.9998881300000001,1670,344,300.0,575904,576016
2.054972356185317,0.01,0.3798951655626297,0.00012476958090701373,0.00020079436853848165,0.0003,1940,-0.95709707,1672,344,299.36,576688,576800
-2.7444433383643627,0.01,0.37396157905459404,0.0001229662557307165,0.0001795793823475833,0.0003,1944,-0.9453107600000001,1675,344,299.36,577712,577824
-0.5670734662562609,0.01,0.3671918027102947,0.00012199300226711784,0.00020407400279509602,0.0003,1948,-0.9454736900000001,1683,344,299.36,580384,580496
1.4116102382540703,0.01,0.3721500691026449,0.00012061778534189216,0.0001984129939955892,0.0003,1952,-0.9375616200000002,1684,344,299.36,580704,580816
0.23057155031710863,0.01,0.3778122700750828,0.00012385075751808472,0.00016793643408163916,0.0003,1956,-0.93948147,1686,344,299.36,581488,581600
2.6574240811169147,0.01,0.3730651568621397,0.00012400437572068768,0.00017932987066160422,0.0003,1960,-0.9377946700000002,1689,344,299.36,582512,582624
1.136685675010085,0.01,0.3900619801133871,0.00011954654064538772,0.00020725018293887842,0.0003,1964,-0.95125718,1697,344,299.36,585184,585296
-0.18259981460869312,0.01,0.3855926785618067,0.00012102510936529143,0.00022415415696741547,0.0003,1968,-0.9403361499999998,1698,344,299.36,585504,585616
-0.4448871146887541,0.01,0.3721228167414665,0.00012494954444264295,0.0001793060073396191,0.0003,1972,-0.9297581199999999,1700,344,299.36,586288,586400
-0.14489703625440598,0.01,0.37758585438132286,0.00012259822233318118,0.00019867765604431042,0.0003,1976,-0.89977039,1703,344,299.36,587312,587424
-1.3600674271583557,0.01,0.37028297036886215,0.00013289266917126952,0.00017046370794560062,0.0003,1980,-0.9136311699999999,1711,344,299.36,589984,590096
-0.549945667386055,0.01,0.3696787729859352,0.00012883118415629724,0.0001720058471619268,0.0003,1984,-0.9037277400000001,1712,344,299.36,590304,590416
-1.4059232734143734,0.01,0.3694923184812069,0.0001214122994497302,0.00019763613499890198,0.0003,1988,-0.9001224900000001,1714,344,299.36,591088,591200
-0.7008227463811636,0.01,0.37783151492476463,0.00012247313134139404,0.00018154983990825713,0.0003,1992,-0.9004364100000001,1717,344,299.36,592112,592224
-1.0854357741773129,0.01,0.3769841957837343,0.00012635703023988754,0.000177514723418426,0.0003,1996,-0.90391583,1725,344,299.36,594784,594896
-0.6532988883554935,0.01,0.3652202617377043,0.00012315268213569652,0.00017588917580724228,0.0003,2000,-0.9032612900000001,1726,344,299.36,595104,595216
-1.972135340794921,0.01,0.3744955211877823,0.00012915418210468488,0.00015109843570826342,0.0003,2004,-0.91400335,1729,344,299.36,595888,596000
-0.10857226047664881,0.01,0.3678353615105152,0.00012594026702572592,0.00016871561456355266,0.0003,2008,-0.90987631,1732,344,299.36,596912,597024
1.324605405330658,0.02,0.3742155749350786,0.00011989316726612742,0.00014361748571900534,0.0003,2012,-0.91155258,1738,344,298.06,599184,599296
-0.9275998622179031,0.02,0.3622489422559738,0.0001133116229539155,0.00018461691070115194,0.0003,2016,-0.88734856,1741,344,298.06,599888,600000
0.9166927188634872,0.03,0.3622690197080374,0.00011438129195084912,0.00013849644710717257,0.0003,2020,-0.8983184300000001,1742,344,295.76,600304,600416
0.9324137177318335,0.03,0.3747030198574066,0.00011900491927008261,0.00022465267920779297,0.0003,2024,-0.90569324,1745,344,295.76,601408,601520
-0.7290729805827141,0.03,0.36341348104178905,0.00012237850660312688,0.00020049390877829865,0.0003,2028,-0.9002353100000002,1750,344,295.76,602928,603040
3.1865858137607574,0.03,0.3743769098073244,0.00012680465988523792,0.00020036456953675952,0.0003,2032,-0.9064553200000001,1755,344,295.76,604688,604800
1.3581705391407013,0.03,0.3620723467320204,0.000128963717543229,0.00017276524613407673,0.0003,2036,-0.91799347,1756,344,295.76,605104,605216
-0.7290534973144531,0.02,0.37106193974614143,0.00012410565977916121,0.00020210223374306224,0.0003,2040,-0.93242468,1759,344,296.4,606208,606320
0.2426665462553501,0.02,0.37553444132208824,0.00011779110627685441,0.0001630827482586028,0.0003,2044,-0.93268321,1764,344,296.4,607728,607840
-1.4897888116538525,0.02,0.3600086532533169,0.0001231275355166872,0.00018421167396809324,0.0003,2048,-0.9310940299999999,1769,344,296.4,609488,609600
-2.4069830738008022,0.02,0.3634663615375757,0.0001245470239155111,0.00020164818033663323,0.0003,2052,-0.9404914200000001,1770,344,296.4,609904,610016
0.9883241038769484,0.02,0.363936273381114,0.0001227506409122725,0.00019007810442417394,0.0003,2056,-0.9347404600000001,1773,344,296.4,611008,611120
0.10176916047930717,0.02,0.35542034171521664,0.00011422393072280101,0.00016980020382106886,0.0003,2060,-0.9469562099999999,1778,344,296.4,612528,612640
-0.08104712888598442,0.02,0.35226153768599033,0.00011865735723404214,0.00020698404296126682,0.0003,2064,-0.9286432199999999,1783,344,296.4,614288,614400
-0.8942242041230202,0.02,0.3760853689163923,0.0001205738967655634,0.00023069102826411836,0.0003,2068,-0.91794316,1784,344,296.4,614704,614816
-1.63281973823905,0.02,0.3666315022855997,0.00012005394364678068,0.00015955069284245837,0.0003,2072,-0.9361851999999999,1787,344,296.4,615808,615920
-0.4760969206690788,0.02,0.35531689785420895,0.0001159782950708177,0.00014547898945238558,0.0003,2076,-0.9310048999999999,1791,344,296.4,617328,617440
-0.9221652410924435,0.02,0.36188329569995403,0.00011434532279963605,0.0001753940914568375,0.0003,2080,-0.90383961,1797,344,296.4,619088,619200
-0.7863536924123764,0.02,0.3573509119451046,0.00011660909513011575,0.00016970131946436595,0.0003,2084,-0.89575435,1798,344,296.4,619504,619616
-0.2565932534635067,0.03,0.3718641549348831,0.00011027635355276288,0.0001693518470347044,0.0003,2088,-0.8897693999999997,1800,344,294.14,620400,620512
2.809739414602518,0.03,0.3700789622962475,0.00011492111025290797,0.00020990465600334574,0.0003,2092,-0.89076413,1805,344,294.14,622112,622224
-1.3041073363274336,0.03,0.35621493868529797,0.00011930288610528805,0.00017920765822054818,0.0003,2096,-0.8905133700000001,1811,344,294.14,623888,624000
-0.06887221336364746,0.03,0.34773250855505466,0.00011807327155111125,0.00016822032193886116,0.0003,2100,-0.89953115,1812,344,294.14,624304,624416
-1.2069054804742336,0.03,0.35271099396049976,0.00011604050632740837,0.000181025186975603,0.0003,2104,-0.8974583000000002,1815,344,294.14,625200,625312
0.6606201436370611,0.04,0.3452301938086748,0.0001259438968190807,0.00014968803134252084,0.0003,2108,-0.90054421,1818,344,292.5,626416,626528
-1.3258727453649044,0.03,0.35499739088118076,0.00012275334120204207,0.00017658642491369392,0.0003,2112,-0.89319003,1825,344,293.8,628688,628800
-3.5809382125735283,0.03,0.3413086552172899,0.00011228235007365583,0.00022156801924211322,0.0003,2116,-0.8865634099999999,1826,344,293.8,629104,629216
-2.806018501520157,0.02,0.341504393145442,0.00011812348657258553,0.00018788965280691627,0.0003,2120,-0.88102289,1829,344,296.1,630000,630112
-0.8775292597711086,0.02,0.35434019193053246,0.0001146836120824446,0.00025404175903531723,0.0003,2124,-0.8759494200000002,1833,344,296.1,631216,631328
-1.430253267288208,0.02,0.3424281161278486,0.00011366654098310391,0.0001468743575969711,0.0003,2128,-0.8786218500000001,1839,344,296.1,633488,633600
-3.1216029673814774,0.02,0.3604113347828388,0.00011073665382355102,0.00015905483496680972,0.0003,2132,-0.8688513999999999,1840,344,296.1,633904,634016
-0.7812671512365341,0.02,0.35785307735204697,0.00011679083536364487,0.0002006602712754102,0.0003,2136,-0.8789635699999999,1843,344,296.1,634800,634912
0.49417582526803017,0.02,0.3496451545506716,0.0001188825408462435,0.00015346724649134558,0.0003,2140,-0.8859300300000001,1846,344,296.1,636016,636128
-0.4034338239580393,0.02,0.33401218242943287,0.00011295604326733155,0.00017513593047624454,0.0003,2144,-0.87979329,1853,344,296.1,638288,638400
-0.4069235697388649,0.02,0.3546997047960758,0.00011502715642563999,0.00020116938230785308,0.0003,2148,-0.9001857999999998,1854,344,296.1,638704,638816
-3.3853631876409054,0.02,0.3684684094041586,0.0001155438199020864,0.0001869690077000996,0.0003,2152,-0.8971084099999999,1857,344,296.1,639600,639712
0.5335697736591101,0.03,0.35621172189712524,0.00010911958543147193,0.0002182599191655754,0.0003,2156,-0.8990750999999999,1858,344,293.11,640160,640272
-0.5421145837754011,0.03,0.36298704519867897,0.0001172431525446882,0.00016386788593081292,0.0003,2160,-0.8859176000000001,1866,344,293.11,642944,643056
0.21771452203392982,0.03,0.354986185207963,0.0001160588112725236,0.00019042458961848752,0.0003,2164,-0.8981518799999999,1867,344,293.11,643104,643216
-0.34067483991384506,0.03,0.35739362612366676,0.00010955187462968752,0.00018589979208627483,0.0003,2168,-0.89786251,1870,344,293.11,644336,644448
-0.501312617212534,0.03,0.35660157911479473,0.00011910401235581958,0.00021016501068515936,0.0003,2172,-0.8945753699999999,1872,344,293.11,644960,645072
-0.8014989923685789,0.04,0.3399370461702347,0.00011751466854548198,0.0001551658233438502,0.0003,2176,-0.87446154,1876,344,291.46,646128,646240
-0.7526821717619896,0.04,0.34018297493457794,0.00011832669906652882,0.00014526847735396586,0.0003,2180,-0.8848744,1881,344,291.46,647904,648016
0.021458491683006287,0.04,0.3495432659983635,0.00011406218663978507,0.00014369710015671444,0.0003,2184,-0.8875518099999998,1884,344,291.46,649136,649248
-1.623150646686554,0.03,0.35621817968785763,0.00011459107508926536,0.00022052075473766308,0.0003,2188,-0.8954339800000001,1886,344,293.72,649760,649872
-1.6750231310725212,0.03,0.34823326021432877,0.00010696387789721484,0.00020609584271369386,0.0003,2192,-0.88215131,1890,344,293.72,650928,651040
2.1495102904736996,0.04,0.3654207568615675,0.0001145310534411692,0.00021595202906610211,0.0003,2196,-0.8611428999999999,1895,344,292.56,652704,652816
0.19511026702821255,0.04,0.35563903488218784,0.00012239998613949865,0.00015546763279417064,0.0003,2200,-0.86077759,1898,344,292.56,653888,654000
-1.952647626399994,0.04,0.36001227982342243,0.00012245075322425691,0.00016670879904268077,0.0003,2204,-0.8446497199999999,1900,344,292.56,654528,654640
-2.4615197591483593,0.03,0.35366795025765896,0.00011168984019604977,0.00017004695382638602,0.0003,2208,-0.84364036,1904,344,294.2,655728,655840
-2.832254895940423,0.04,0.3591469004750252,0.00011274150301687769,0.0001906671450342401,0.0003,2212,-0.8558859300000001,1909,344,291.77,657488,657600
-1.6269785482436419,0.04,0.3494363855570555,0.00010889259283430874,0.00019175601210008608,0.0003,2216,-0.8526871999999999,1911,344,291.77,658288,658400
0.4030510950833559,0.04,0.3422460649162531,0.00011242138407396851,0.0001641882158764929,0.0003,2220,-0.8488225099999999,1913,344,291.77,659008,659120
1.7025925759226084,0.04,0.35665968619287014,0.00011221636714253691,0.00015217005193335353,0.0003,2224,-0.85971749,1917,344,291.77,660528,660640
1.6926399022340775,0.04,0.3507591001689434,0.00012180750536572305,0.00014950208833397483,0.0003,2228,-0.8526096399999998,1923,344,291.77,662288,662400
-1.8825720194727182,0.04,0.35190427862107754,0.0001096038035939273,0.00015647093459847383,0.0003,2232,-0.85896044,1925,344,291.77,663088,663200
-0.7361975181847811,0.04,0.3590892758220434,0.0001172081670119951,0.0001920885702020314,0.0003,2236,-0.8518822399999999,1927,344,291.77,663808,663920
-0.35641638189554214,0.04,0.3473236933350563,0.00010923743275270681,0.00016653180182402139,0.0003,2240,-0.8589005800000001,1931,344,291.77,665328,665440
-1.4919531606137753,0.04,0.34823837131261826,0.00010692230762288091,0.00018038739608527976,0.0003,2244,-0.8571396400000001,1936,344,291.77,667088,667200
2.6087894588708878,0.05,0.3474948015064001,0.00010254503104079049,0.0001977693955268478,0.0003,2248,-0.82876804,1938,344,290.2,667664,667776
0.5349932610988617,0.05,0.36766351386904716,0.00010780468255688902,0.00018559466661827173,0.0003,2252,-0.83427309,1940,344,290.2,668400,668512
-1.2773445937782526,0.05,0.3521795179694891,0.00010907941259574727,0.00016407785187766422,0.0003,2256,-0.8121137100000003,1944,344,291.34,669728,669840
-3.237833235412836,0.05,0.35879318974912167,0.00010448756029290962,0.00017100417426263448,0.0003,2260,-0.8128138,1950,344,291.34,671888,672000
-2.2811924554407597,0.05,0.3385108932852745,0.00010177572039538063,0.0001640804871385626,0.0003,2264,-0.80558514,1951,344,291.34,672304,672416
4.14957981556654,0.05,0.36111039854586124,0.00010608740649331594,0.0002002276887651533,0.0003,2268,-0.81205399,1954,344,291.34,673200,673312
-2.536174952983856,0.05,0.3440217860043049,0.00010339728714825469,0.00019732253031179425,0.0003,2272,-0.8131309400000001,1958,344,291.34,674528,674640
1.6672061383724213,0.04,0.35007771477103233,0.00010405584862382966,0.000166137730502669,0.0003,2276,-0.8537595600000002,1964,344,292.99,676688,676800
0.24446219019591808,0.04,0.35351026244461536,0.00010947307555397856,0.00015760600808789604,0.0003,2280,-0.8589990600000001,1965,344,292.99,677104,677216
0.14698687754571438,0.04,0.34944333136081696,0.00010810837284225272,0.00018525979066907894,0.0003,2284,-0.87447451,1968,344,292.99,678000,678112
-1.7697837762534618,0.04,0.3580907080322504,0.00010580100570223294,0.0002802044832606043,0.0003,2288,-0.8781513600000003,1972,344,292.99,679328,679440
-1.5753429047763348,0.04,0.3475386667996645,0.00011414679966037511,0.00014929240660421783,0.0003,2292,-0.8942013900000002,1978,344,292.99,681488,681600
-1.011347164399922,0.03,0.34377364069223404,0.00011038471711799502,0.0001877507420431357,0.0003,2296,-0.9125111100000001,1979,344,294.15,681904,682016
1.8520781584084034,0.03,0.3530124556273222,0.00011061338591389358,0.00015417100894410396,0.0003,2300,-0.90397247,1982,344,294.15,682800,682912
0.5249151661992073,0.03,0.34572053514420986,0.00010983135507558472,0.00020383590072015068,0.0003,2304,-0.90250781,1985,344,294.15,684128,684240
1.8849980179220438,0.05,0.35285392589867115,0.00011361895940353861,0.00015618879388057394,0.0003,2308,-0.8617753100000001,1988,344,291.62,684912,685024
-1.654721301048994,0.04,0.3499254733324051,0.00011292347653579782,0.00017514091950943111,0.0003,2312,-0.8519235900000001,1992,344,294.05,686304,686416
-1.0860294867306948,0.04,0.3325559124350548,0.00011043457288906211,0.0001476212701163604,0.0003,2316,-0.8540318,1996,344,294.05,687600,687712
-0.4894303232431412,0.04,0.34096633829176426,0.00010904342798312427,0.00015131638519960688,0.0003,2320,-0.84939158,1999,344,294.05,688928,689040
0.6195828206837177,0.04,0.33199814707040787,0.00010655443020368693,0.00016369760624002083,0.0003,2324,-0.84712094,2002,344,294.05,689712,689824
-0.49708544835448265,0.04,0.3541767839342356,0.0001088328563128016,0.00018810222354659345,0.0003,2328,-0.84992648,2006,344,294.05,691104,691216
-0.15838496387004852,0.05,0.35394877567887306,0.00011284181437076768,0.0001765193446772173,0.0003,2332,-0.8703206900000001,2009,344,293.04,692336,692448
-2.6047446876764297,0.05,0.34897846914827824,0.00010881422849706723,0.00019140343192702858,0.0003,2336,-0.86433229,2013,344,293.04,693728,693840
-0.3537365309894085,0.06,0.3477173149585724,0.00011085644291597418,0.0001665372951720201,0.0003,2340,-0.8347904399999999,2015,344,292.94,694512,694624
-1.868194106966257,0.07,0.34574052691459656,0.0001070650923793437,0.00023789136230334407,0.0003,2344,-0.82325794,2019,344,290.92,695888,696000
0.10263564251363277,0.06,0.352152643725276,0.00010916044948316994,0.0001799273627511866,0.0003,2348,-0.84725409,2023,344,292.49,697088,697200
-1.142406314611435,0.06,0.3472919315099716,0.00011905090877917246,0.00018561522165327915,0.0003,2352,-0.84963445,2025,344,292.49,697728,697840
-0.7979376595467329,0.05,0.3406800627708435,0.00010704077476475504,0.0001848524507295224,0.0003,2356,-0.87586419,2029,344,294.34,699312,699424
-0.9493307024240494,0.05,0.34448712319135666,0.0001094262056540174,0.00020589066116372123,0.0003,2360,-0.8717981499999999,2033,344,294.34,700688,700800
-1.1536589823663235,0.05,0.3396100476384163,0.00010662182512533036,0.00014634832632509642,0.0003,2364,-0.8708070199999999,2037,344,294.34,701888,702000
-0.9683997295796871,0.05,0.33144894428551197,0.00010536562876950484,0.00017488940784460283,0.0003,2368,-0.8622803299999999,2039,344,294.34,702528,702640
-0.38464129250496626,0.05,0.334171075373888,0.00010500675671210047,0.00023052011965774,0.0003,2372,-0.85779952,2043,344,294.34,704112,704224
-3.821759305894375,0.05,0.33830410800874233,0.00010921817238340736,0.00016247121266133036,0.0003,2376,-0.83001798,2047,344,294.34,705488,705600
2.9696029499173164,0.05,0.3247149083763361,0.00011232160841245786,0.00018445357454766054,0.0003,2380,-0.8262155600000001,2051,344,294.34,706688,706800
0.27269009314477444,0.05,0.34724229015409946,0.0001136059004238632,0.00020138215495535405,0.0003,2384,-0.81619551,2053,344,294.34,707328,707440
0.31246307119727135,0.05,0.334687914699316,0.00011227805362068466,0.00016572071581322234,0.0003,2388,-0.82079808,2057,344,294.34,708912,709024
1.3331919647753239,0.05,0.34161258675158024,0.0001112081286009925,0.000167964133197529,0.0003,2392,-0.81431206,2061,344,294.34,710288,710400
-2.4486918412148952,0.05,0.3388145100325346,0.0001161561012850143,0.00023196321899376926,0.0003,2396,-0.82005989,2065,344,294.34,711488,711600
-0.3303365968167782,0.05,0.34007553942501545,0.00011242306663916679,0.0001740387315294356,0.0003,2400,-0.82455598,2067,344,294.34,712128,712240
0.5409316457808018,0.05,0.3472171686589718,0.00010817063275680994,0.00018294062101631425,0.0003,2404,-0.8232295000000001,2071,344,294.34,713712,713824
1.8033149018883705,0.03,0.3491109535098076,0.00010660220141289756,0.00026719186917034676,0.0003,2408,-0.8663556999999998,2075,344,296.87,715088,715200
0.7784065660089254,0.03,0.3349130619317293,0.00010665084892025334,0.0001707626670395257,0.0003,2412,-0.8726772299999999,2079,344,296.87,716288,716400
0.5221312418580055,0.03,0.3430027384310961,0.00011294547857687576,0.0002274012504130951,0.0003,2416,-0.87360862,2081,344,296.87,716928,717040
-1.1385222114622593,0.03,0.3474703002721071,0.00011324851857352769,0.00018586804117148858,0.0003,2420,-0.8829296799999998,2086,344,296.87,718512,718624
-2.2038590162992477,0.03,0.32750076428055763,0.00011383130549802445,0.00023552944549010135,0.0003,2424,-0.8680726200000001,2090,344,296.87,719888,720000
1.9401555620133877,0.03,0.3368530757725239,0.00010873358769458719,0.00015988318773452193,0.0003,2428,-0.8664197400000002,2093,344,296.87,721088,721200
2.839021123945713,0.03,0.35126004181802273,0.00011012079130523489,0.0001569263299643353,0.0003,2432,-0.8335443000000001,2094,344,294.89,721424,721536
1.5487029273062944,0.03,0.35561917535960674,0.00010953518221867853,0.0001814875031413976,0.0003,2436,-0.8384021500000003,2098,344,294.89,722768,722880
0.4068818800151348,0.03,0.3390887938439846,0.00011198287347724545,0.00017724905410432257,0.0003,2440,-0.8539688800000002,2103,344,292.97,724544,724656
-1.1054830774664879,0.02,0.32666283659636974,0.00010507568367756903,0.00018503024966776138,0.0003,2444,-0.8588984400000002,2105,344,294.99,725104,725216
-1.1691145189106464,0.02,0.33952682465314865,0.00011074034819102963,0.00019372582573851105,0.0003,2448,-0.8502733100000001,2107,344,294.99,726000,726112
0.3960583359003067,0.03,0.33531208895146847,0.00010634434966050321,0.00020857111530858674,0.0003,2452,-0.8209187100000002,2111,344,293.04,727328,727440
0.25724392384290695,0.04,0.3287161663174629,0.00011028605149476789,0.00022068131329433527,0.0003,2456,-0.8184499899999998,2116,344,290.05,728976,729088
2.4433383233845234,0.05,0.33269014582037926,0.00011435650139901554,0.0002920128144978662,0.0003,2460,-0.8041576700000002,2117,344,288.17,729488,729600
-0.14770206436514854,0.05,0.33219635114073753,0.0001094079493668687,0.00021474642198882066,0.0003,2464,-0.8044809400000003,2121,344,288.17,730688,730800
1.4381879288703203,0.05,0.3315400034189224,0.00011165286514369654,0.00016314839058395592,0.0003,2468,-0.8096323000000001,2122,344,288.17,731024,731136
1.9798205140978098,0.05,0.3128131926059723,0.00011006906197508215,0.00016149600878634374,0.0003,2472,-0.8054276300000001,2130,344,288.17,733776,733888
-2.315770994871855,0.05,0.3177089262753725,0.00010987212999680196,0.00018442790815242915,0.0003,2476,-0.8129478400000001,2131,344,288.17,734288,734400
-1.7480320148169994,0.05,0.3325705472379923,0.00011007543344021542,0.00022257608452491695,0.0003,2480,-0.82512443,2135,344,288.17,735488,735600
2.8413018994033337,0.05,0.3366580903530121,0.00010922434330495889,0.00024198022856580792,0.0003,2484,-0.8229104700000001,2136,344,288.17,735824,735936
1.3168485201895237,0.05,0.3280891738831997,0.00010684148446671315,0.00020137681894993875,0.0003,2488,-0.8309127299999999,2144,344,288.17,738576,738688
-0.41919808462262154,0.05,0.33130513317883015,0.00010552954245213186,0.00017439880548408837,0.0003,2492,-0.8345295,2145,344,288.17,739088,739200
1.526219729334116,0.05,0.330787967890501,0.0001119478606597113,0.00016733324628148694,0.0003,2496,-0.8267330300000001,2149,344,288.17,740288,740400
0.06413103453814983,0.05,0.3324452359229326,0.00010910039645750658,0.00017866324833448743,0.0003,2500,-0.8252797,2150,344,288.17,740624,740736
1.407839510589838,0.06,0.31651934795081615,0.00011385253992557409,0.0002754680062935222,0.0003,2504,-0.81370973,2155,344,285.9,742512,742624
-1.3203278705477715,0.06,0.3215716704726219,0.0001151509236478887,0.000215624882002885,0.0003,2508,-0.80562731,2159,344,285.9,743888,744000
2.507918981835246,0.06,0.3363424073904753,0.00011724777459676261,0.00023623296647201641,0.0003,2512,-0.8122385099999998,2162,344,285.9,745088,745200
3.256738781929016,0.06,0.33398065716028214,0.00011907859243365237,0.000220141872887325,0.0003,2516,-0.8425155800000002,2163,344,285.9,745424,745536
4.175793953239918,0.07,0.31224227882921696,0.00012050107125105569,0.0001930347571033053,0.0003,2520,-0.82593349,2168,344,283.95,747104,747216
-1.3825878277420998,0.07,0.31299377605319023,0.0001070474509106134,0.00031677888364356477,0.0003,2524,-0.8391952,2172,344,283.95,748480,748592
0.6189245861023664,0.07,0.318544190376997,0.00011587658400458167,0.0002160609801649116,0.0003,2528,-0.84252539,2175,344,283.95,749600,749712
0.6118176188319921,0.06,0.32494164258241653,0.00011558632331798435,0.000204433296858042,0.0003,2532,-0.86204607,2177,344,286.94,750224,750336
2.2601965330541134,0.06,0.31843122094869614,0.00011112785296063521,0.00022083628664404387,0.0003,2536,-0.8494046900000002,2182,344,286.94,751904,752016
0.65375005453825,0.06,0.33801623433828354,0.00011258819222348393,0.00024035991555138025,0.0003,2540,-0.84910752,2186,344,286.84,753136,753248
-1.8436745218932629,0.06,0.31595754250884056,0.00011079365549448994,0.00019023788399863406,0.0003,2544,-0.8540076600000001,2187,344,286.84,753504,753616
-1.1533132195472717,0.06,0.3318163529038429,0.0001160782016995654,0.00018902663668995956,0.0003,2548,-0.8563297899999999,2190,344,286.84,754800,754912
-1.262798149138689,0.05,0.3106142934411764,0.00011400142375350697,0.00022520295806316426,0.0003,2552,-0.8738734399999999,2196,344,288.79,756704,756816
-5.382159834727645,0.04,0.3105039093643427,0.00011809205398094491,0.00048591930953989504,0.0003,2556,-0.88478488,2200,344,291.78,757936,758048
-0.33463143929839134,0.03,0.3368986286222935,0.00010943849110844894,0.0002830682797139161,0.0003,2560,-0.92026899,2201,344,293.66,758304,758416
0.29356732219457626,0.04,0.33466144651174545,0.0001057740500982618,0.0002566838902566815,0.0003,2564,-0.9173104899999999,2204,344,290.67,759536,759648
0.8916707318276167,0.04,0.31281559728085995,0.00010382775462858262,0.00024144268354575615,0.0003,2568,-0.9311282900000001,2209,344,290.67,761168,761280
0.09680226445198059,0.05,0.31366583332419395,0.00010789470297822845,0.00021100919184391387,0.0003,2572,-0.92669799,2211,344,290.23,762032,762144
0.014581825584173203,0.05,0.3315628655254841,0.00010910108494499582,0.00021668181489076233,0.0003,2576,-0.9235927,2214,344,290.23,763088,763200
-1.0816268436610699,0.05,0.3239832390099764,0.00010122381900146138,0.00021030091374996118,0.0003,2580,-0.9144098799999999,2218,344,290.23,764336,764448
2.9692482966929674,0.05,0.32903305254876614,0.00010911663457591203,0.00017477190340287052,0.0003,2584,-0.9088500099999999,2223,344,290.23,765968,766080
-2.9151448979973793,0.05,0.33677036315202713,0.00011516817585288663,0.00021485099841811461,0.0003,2588,-0.9107399700000001,2225,344,290.23,766832,766944
0.5616017282009125,0.05,0.3313066530972719,0.00011848791564261774,0.0002750359708443284,0.0003,2592,-0.91488073,2228,344,290.23,767888,768000
0.4129627197980881,0.05,0.33427600748836994,0.00011647103019640781,0.00022479893232230097,0.0003,2596,-0.9225132899999999,2232,344,290.23,769136,769248
2.664413556456566,0.05,0.3190723527222872,0.00011468116963442299,0.0002256393827337888,0.0003,2600,-0.9234147699999999,2236,344,290.23,770768,770880
-2.7800342701375484,0.04,0.33108795061707497,0.000113785827124957,0.00021314979858289007,0.0003,2604,-0.9358915300000001,2239,344,292.5,771632,771744
-1.409917213022709,0.05,0.3381356969475746,0.00011535892554093152,0.00024199317886086646,0.0003,2608,-0.9214664399999998,2242,344,290.27,772688,772800
-0.07651793584227562,0.05,0.330521572381258,0.00011505655356813804,0.00027007106109522283,0.0003,2612,-0.9159728099999999,2245,344,290.27,773888,774000
-0.0897404532879591,0.05,0.3331789281219244,0.00011402460950193927,0.00023866898436608608,0.0003,2616,-0.8763825399999999,2246,344,290.27,774272,774384
-0.49151066690683365,0.04,0.31341345608234406,0.00011179245257153525,0.00019985066683148034,0.0003,2620,-0.89164749,2253,344,292.22,776432,776544
-0.43834931775927544,0.04,0.3222997933626175,0.00011490768747535185,0.0002985853416248574,0.0003,2624,-0.88352343,2256,344,292.22,777488,777600
1.0004385244101286,0.04,0.31889101304113865,0.00011816987853308092,0.0003294183429716213,0.0003,2628,-0.8757174999999999,2259,344,292.22,778688,778800
-1.8840436860918999,0.04,0.31870160810649395,0.00012247303402546095,0.00019900530787708703,0.0003,2632,-0.85841538,2260,344,292.22,779072,779184
-1.8042047545313835,0.04,0.3194475397467613,0.00012155015156167792,0.000380401334950875,0.0003,2636,-0.87113339,2267,344,292.22,781232,781344
-3.350537769496441,0.03,0.3193405903875828,0.00011328295113344211,0.0002282994910274283,0.0003,2640,-0.88267333,2270,344,294.34,782288,782400
-0.8790511004626751,0.03,0.30974230356514454,0.00010948153385470505,0.0003894134824804496,0.0003,2644,-0.8874547600000001,2273,344,294.34,783488,783600
5.598695922642946,0.03,0.3344933092594147,0.00010650446938598179,0.0003347570627738605,0.0003,2648,-0.88337084,2274,344,294.34,783872,783984
-0.2787034437060356,0.03,0.324057525023818,0.00011039011769753415,0.00019342449559189845,0.0003,2652,-0.8997218900000001,2280,344,294.34,786032,786144
0.48922282457351685,0.03,0.31554831750690937,0.00010810724052134901,0.0004024254767500679,0.0003,2656,-0.9021611400000001,2284,344,294.34,787088,787200
-1.0998690742999315,0.03,0.3289763070642948,0.00012164694544480881,0.0002588341976661468,0.0003,2660,-0.8910307200000002,2287,344,294.34,788288,788400
-0.87848842702806,0.02,0.3176355380564928,0.00011449836256360868,0.0002047453899649554,0.0003,2664,-0.8971074800000001,2288,344,297.33,788672,788784
-0.3069998621940613,0.02,0.3086009891703725,0.00010674721170289558,0.00024544862571929116,0.0003,2668,-0.8803611000000001,2294,344,297.33,790832,790944
0.21715107932686806,0.01,0.3028575051575899,0.00011137170986330602,0.0002051164856311516,0.0003,2672,-0.9013606300000001,2297,344,297.77,791888,792000
-1.3262690342962742,0.01,0.29904125072062016,0.00010687748545024078,0.000248954172093363,0.0003,2676,-0.89280012,2301,344,297.77,793088,793200
4.309257000684738,0.01,0.32316335290670395,0.00010593556180538144,0.0003130153563688509,0.0003,2680,-0.9076176899999999,2302,344,297.77,793472,793584
-4.182079549878836,0.01,0.3028940800577402,0.00010036193771156832,0.00023163522200775333,0.0003,2684,-0.91784517,2308,344,297.77,795632,795744
1.285359762609005,0.01,0.32537962310016155,0.00010214767416982795,0.00020524279807432322,0.0003,2688,-0.8924185299999999,2311,344,297.77,796688,796800
-3.0520674288272858,0.01,0.30998617596924305,0.00010470914594407077,0.0004460182444745442,0.0003,2692,-0.8927817599999999,2315,344,297.77,797888,798000
-0.33585053496062756,0.01,0.31643039360642433,0.00010684073731681565,0.00021845585251867305,0.0003,2696,-0.8787785300000002,2316,344,297.77,798272,798384
-0.17149129882454872,0.02,0.3263937421143055,9.515272768112482e-05,0.0002040658882833668,0.0003,2700,-0.8644166499999997,2322,344,297.7,800432,800544
-1.976376436650753,0.02,0.3392732944339514,0.0001008936724247178,0.00024602338180557126,0.0003,2704,-0.8727601200000001,2325,344,297.7,801488,801600
0.3230736665427685,0.01,0.3293631970882416,0.00010199415737588424,0.0002338998610866838,0.0003,2708,-0.89002129,2329,344,299.93,802688,802800
1.1274772193282843,0.01,0.33133680932223797,0.00010034006209025392,0.00022692198399454355,0.0003,2712,-0.8878404000000001,2330,344,299.93,803072,803184
-4.128217242658138,0.01,0.3370694238692522,0.00010001127748182626,0.0002284292277181521,0.0003,2716,-0.8886472500000001,2336,344,299.93,805232,805344
3.6276741698384285,0.01,0.32361384108662605,9.530318357064971e-05,0.00022499256556329783,0.0003,2720,-0.88951329,2339,344,299.93,806288,806400
4.162796460092068,0.01,0.3345856424421072,0.00011141821551063913,0.00023969903850229457,0.0003,2724,-0.8939608,2343,344,299.93,807488,807600
-0.2868024781346321,0.01,0.33835251070559025,0.00011436346494519967,0.0001906022498587845,0.0003,2728,-0.8989593100000001,2344,344,299.93,807872,807984
-0.5514038652181625,0.01,0.3291699793189764,0.0001073724761226913,0.00023619819148734678,0.0003,2732,-0.90438653,2350,344,299.93,810032,810144
0.22308246046304703,0.01,0.3314673714339733,0.00010229332292510662,0.0003174200746798306,0.0003,2736,-0.9121519800000002,2353,344,299.93,811088,811200
1.6904613208025694,0.01,0.32477681525051594,0.00010577022021607263,0.0002118273723681341,0.0003,2740,-0.91532842,2356,344,299.93,812288,812400
-0.48957964964210987,0.01,0.3259928598999977,0.00010801193548104493,0.0002713015010158415,0.0003,2744,-0.9376351500000001,2357,344,299.93,812672,812784
-0.9367422945797443,0.02,0.3297715140506625,0.00011648892041193903,0.00026943033844872843,0.0003,2748,-0.9359653300000003,2362,344,296.94,814400,814512
-1.8148229867219925,0.02,0.3378700502216816,0.0001129291349570849,0.0003412435025893501,0.0003,2752,-0.9259096000000002,2366,344,296.94,815680,815792
-2.1330532655119896,0.02,0.3231030125170946,0.0001063079744199058,0.00021377636949182488,0.0003,2756,-0.90982487,2369,344,296.94,816800,816912
-1.09210966527462,0.02,0.32696959748864174,0.00011216465645702556,0.00021417677498902776,0.0003,2760,-0.9054525500000001,2371,344,296.94,817424,817536
-1.2191660813987255,0.02,0.3325368221849203,0.0001041211212395865,0.00021892517906962894,0.0003,2764,-0.8998899900000003,2376,344,296.94,819200,819312
-0.9155041240155697,0.03,0.3201981130987406,0.00010886919790209504,0.0002694461318242247,0.0003,2768,-0.88721698,2380,344,295.76,820368,820480
1.9453831650316715,0.03,0.32219019532203674,0.00010411364110041177,0.0002457639939166256,0.0003,2772,-0.8958952499999999,2381,344,295.76,820720,820832
0.49421665258705616,0.04,0.30337725672870874,0.00010114930000781897,0.0002868830561055802,0.0003,2776,-0.8759975399999999,2384,344,294.37,822000,822112
-0.4381017480045557,0.05,0.3121329080313444,0.00011140146898469538,0.00024026218670769595,0.0003,2780,-0.85946258,2389,344,293.61,823568,823680
-1.9867610335350037,0.05,0.32956915721297264,0.00011108634498668835,0.00025510884188406635,0.0003,2784,-0.8519305799999998,2394,344,293.61,825168,825280
-0.5775391422212124,0.05,0.32404717430472374,0.00011195062597835204,0.00020486006906139664,0.0003,2788,-0.8539873,2395,344,293.61,825520,825632
-2.799667362123728,0.05,0.3232188168913126,0.00010277220053467317,0.00020008343290101038,0.0003,2792,-0.8587883399999998,2398,344,293.61,826800,826912
1.900004018098116,0.05,0.31111252680420876,0.00010899461130975396,0.0002196925406678929,0.0003,2796,-0.86416394,2403,344,293.61,828368,828480
1.094997527077794,0.04,0.3184268604964018,0.0001070453463398735,0.00025912138789863093,0.0003,2800,-0.8836364600000001,2407,344,293.68,829968,830080
-0.9596034698188305,0.04,0.331116646528244,0.00010581839478618349,0.0001983255715458654,0.0003,2804,-0.8915919999999999,2408,344,293.68,830320,830432
-1.431617721915245,0.04,0.3081115558743477,0.00010648268062141142,0.00028177284093544586,0.0003,2808,-0.8790029800000001,2412,344,293.68,831600,831712
3.89021747559309,0.04,0.32964648865163326,0.00011117535996163497,0.00022257198179431725,0.0003,2812,-0.8776373199999999,2416,344,293.68,833168,833280
-3.366992773488164,0.06,0.3129306398332119,0.00011171306323376484,0.00020258543372619897,0.0003,2816,-0.8624768399999999,2419,344,288.89,834112,834224
1.01340358145535,0.06,0.3191461469978094,0.00010591390810077428,0.0002518375749787083,0.0003,2820,-0.87034853,2422,344,288.89,835088,835200
2.029745902866125,0.06,0.3282922748476267,0.00011018344048352446,0.0002052191598522768,0.0003,2824,-0.86078112,2426,344,288.89,836336,836448
3.170932002365589,0.06,0.33190224692225456,0.00011158247798448429,0.0002564521946624154,0.0003,2828,-0.87864469,2428,344,288.89,837088,837200
-1.5666671991348267,0.06,0.31883107870817184,0.00010439719790156232,0.00022850016193842748,0.0003,2832,-0.88288799,2433,344,288.89,838912,839024
2.6468598805367947,0.06,0.32652568258345127,0.00010432921999381506,0.0002457194586895639,0.0003,2836,-0.8604337700000001,2436,344,288.89,839888,840000
-0.5496035106480122,0.07,0.3150270413607359,0.00010882616152230185,0.00021479407405422535,0.0003,2840,-0.8320911700000002,2440,344,286.67,841136,841248
0.7665810659527779,0.07,0.3224793542176485,0.0001097300023502612,0.00020481817045947537,0.0003,2844,-0.80200241,2441,344,286.67,841488,841600
0.09204172529280186,0.06,0.30874408408999443,0.00011732285656762542,0.00023336784579441883,0.0003,2848,-0.8009773200000001,2447,344,289.66,843632,843744
0.9047237318009138,0.06,0.31285378709435463,0.00012308204441069392,0.00023708119442744646,0.0003,2852,-0.7999647800000002,2449,344,289.66,844480,844592
-0.9218989200890064,0.07,0.3173314016312361,0.00010931024144156254,0.0002443324256091728,0.0003,2856,-0.8287264499999999,2454,344,289.66,845936,846048
0.309776121750474,0.08,0.3034714451059699,0.00011234418661842938,0.00028019534875056706,0.0003,2860,-0.8150283500000001,2454,344,287.62,846224,846336
-0.5416538808494806,0.09,0.3201437257230282,0.00011506239525260753,0.00023302427462112973,0.0003,2864,-0.87485049,2458,344,285.98,847584,847696
0.7520082872360945,0.09,0.32055862434208393,0.00011111238836747361,0.00023493895514548058,0.0003,2868,-0.8639007599999999,2462,344,284.82,848752,848864
-1.3714215345680714,0.09,0.3254752680659294,0.00011067245623053168,0.00027940584732277784,0.0003,2872,-0.8540628500000002,2467,344,284.82,850688,850800
1.2995416708290577,0.08,0.3102031219750643,0.00011171828009537421,0.00028554316122608725,0.0003,2876,-0.88131155,2468,344,286.21,851024,851136
-0.20965097844600677,0.07,0.32298250310122967,0.0001077711731340969,0.00029970718060212675,0.0003,2880,-0.89450229,2470,344,286.97,851696,851808
1.9896977171301842,0.07,0.33225930854678154,0.00011785584683821071,0.0005683088284058613,0.0003,2884,-0.89968505,2476,344,286.97,853552,853664
0.04863746650516987,0.07,0.3045967109501362,0.00010665880336091504,0.0002724059231695719,0.0003,2888,-0.90604378,2481,344,286.97,855488,855600
0.8422006368637085,0.07,0.31389634869992733,0.00011112179845440551,0.00034439979754097294,0.0003,2892,-0.8879539999999999,2482,344,286.97,855824,855936
1.5072255991399288,0.07,0.31928790733218193,0.00011270910363236908,0.00026312749469070695,0.0003,2896,-0.8926626299999999,2484,344,286.97,856496,856608
-3.024695970118046,0.07,0.3022071998566389,0.00011169133540533949,0.00021057749563624384,0.0003,2900,-0.87542759,2489,344,286.97,858352,858464
3.1683844067156315,0.07,0.3408204950392246,0.00011364778993083746,0.000276355391179095,0.0003,2904,-0.87601004,2495,344,286.97,860288,860400
-3.012271858751774,0.07,0.3246446345001459,0.00011103369342890801,0.00024017121904762462,0.0003,2908,-0.89503274,2496,344,286.97,860624,860736
0.1716252565383911,0.07,0.337273558601737,0.0001058236334756657,0.00041705321928020567,0.0003,2912,-0.89320307,2498,344,286.97,861296,861408
-0.49646054580807686,0.05,0.330429894849658,0.00010192976105827256,0.00030482963484246284,0.0003,2916,-0.91285615,2503,344,291.76,863152,863264
-0.2947912849485874,0.06,0.32283359207212925,0.00010590126521492493,0.0002513416766305454,0.0003,2920,-0.9013828300000002,2505,344,288.77,863696,863808
-0.31832002848386765,0.06,0.31521945260465145,0.0001057929275702918,0.0003220404896637774,0.0003,2924,-0.9046528899999999,2509,344,288.77,865200,865312
-1.294393878430128,0.06,0.3360577281564474,0.00010751911486295285,0.00039485064189648256,0.0003,2928,-0.8918233,2511,344,288.77,865888,866000
-1.5492415763437748,0.06,0.3232268691062927,0.00011206209910596954,0.00037418016472656745,0.0003,2932,-0.89603881,2517,344,288.77,867712,867824
-0.13276811689138412,0.06,0.32847453095018864,0.000118662465865782,0.00026152885766350664,0.0003,2936,-0.90499608,2519,344,288.77,868496,868608
-0.5514284931123257,0.05,0.32759932801127434,0.00012150123575338512,0.00024619439773232443,0.0003,2940,-0.9289844700000001,2523,344,290.99,870000,870112
2.802993690595031,0.05,0.34239830635488033,0.0001138337697739189,0.00030064739803492557,0.0003,2944,-0.9342206800000001,2525,344,290.99,870688,870800
0.027157066389918327,0.06,0.3140917122364044,0.00011510834019645699,0.00023730404609523248,0.0003,2948,-0.9333334700000002,2530,344,288.88,872432,872544
0.04884575307369232,0.06,0.3330029472708702,0.00011317078588035656,0.00022853680820844602,0.0003,2952,-0.9452244799999999,2532,344,288.88,873168,873280
1.868135493248701,0.06,0.31999121606349945,0.00011144771269755438,0.00029478001852112357,0.0003,2956,-0.9409482,2537,344,288.88,874736,874848
-1.065762735903263,0.04,0.32832762226462364,0.00011768649028454092,0.00019997178515041014,0.0003,2960,-0.9404291600000001,2539,344,290.92,875488,875600
-1.608965341001749,0.04,0.3217150568962097,0.00011297874289084575,0.00039707224641460925,0.0003,2964,-0.8630728599999999,2542,344,291.58,876512,876624
4.180016249418259,0.04,0.326592480763793,0.00010966934905809467,0.0006065948819014011,0.0003,2968,-0.8770725800000001,2545,344,292.05,877552,877664
-2.490908481180668,0.04,0.3372605089098215,0.00011940069362026406,0.0003042095768250874,0.0003,2972,-0.8843897599999999,2551,344,292.05,879536,879648
2.1376858092844486,0.04,0.32139656133949757,0.00011515062806211063,0.0004874658498010831,0.0003,2976,-0.88831398,2553,344,292.05,880288,880400
0.025764647871255875,0.04,0.32718891091644764,0.00010766363584480132,0.00024275087525893468,0.0003,2980,-0.8819785199999999,2556,344,292.05,881312,881424
-2.626842476427555,0.04,0.3176647759974003,0.0001118817376664083,0.00026298282045900123,0.0003,2984,-0.8795957900000001,2559,344,292.05,882352,882464
-1.7447599098086357,0.05,0.32787806168198586,0.0001134233748416591,0.00025824499971349724,0.0003,2988,-0.8761237299999999,2565,344,291.76,884288,884400
2.5222602169960737,0.05,0.3315439857542515,0.0001097310264412954,0.00024295996445289347,0.0003,2992,-0.87839776,2567,344,291.76,885088,885200
0.9944163877516985,0.05,0.3283886704593897,0.00011482260242701159,0.0002605382660476607,0.0003,2996,-0.8783294199999999,2570,344,291.76,886112,886224
2.5156664066016674,0.05,0.3249455187469721,0.00011123259582745959,0.00029759324570477474,0.0003,3000,-0.8963172599999999,2573,344,291.76,887152,887264
-0.08385147526860237,0.07,0.31764270551502705,0.00011169337085448205,0.00024531113285775064,0.0003,3004,-0.8741897000000001,2576,344,289.75,888160,888272
2.3214510194957256,0.07,0.32119094394147396,0.00011679565341182752,0.0002039881665041321,0.0003,3008,-0.86425997,2580,344,289.75,889424,889536
-1.7148374691605568,0.07,0.31004123762249947,0.00011154858520967537,0.000294093859338318,0.0003,3012,-0.8651968099999999,2584,344,289.75,890912,891024
-0.5151010826230049,0.08,0.30453445203602314,0.00011001428583767847,0.0003736105772986775,0.0003,3016,-0.86500094,2586,344,288.16,891712,891824
0.051271408796310425,0.07,0.33426678739488125,0.0001100618569580547,0.0002348243615415413,0.0003,3020,-0.87339681,2589,344,291.15,892496,892608
4.265590172261,0.08,0.3250812701880932,0.00011028204789909068,0.00037382075788627844,0.0003,3024,-0.86067886,2593,344,289.34,893936,894048
1.00596902705729,0.08,0.32794549502432346,0.00011696183764797752,0.0002330296201762394,0.0003,3028,-0.8559359999999998,2598,344,289.34,895712,895824
-3.67788739874959,0.08,0.31968782283365726,0.00011275375209152116,0.0006012922085574246,0.0003,3032,-0.86540387,2601,344,289.34,896512,896624
1.7570189721882343,0.09,0.32490506023168564,0.0001088520161829365,0.0002482909758327878,0.0003,3036,-0.8489607799999999,2602,344,287.29,897104,897216
-0.6904847212135792,0.1,0.3246551379561424,0.00011178930390087771,0.0003051389021493378,0.0003,3040,-0.8669099899999999,2607,344,285.63,898576,898688
-2.579891737550497,0.1,0.3267795667052269,0.00011284725360383163,0.0002554705474722141,0.0003,3044,-0.86252925,2609,344,285.63,899488,899600
-3.7005598805844784,0.09,0.3209711853414774,0.00010639041056492715,0.00023369982864096528,0.0003,3048,-0.87278086,2615,344,287.74,901312,901424
1.6383651867508888,0.09,0.3109113983809948,0.00011318852921249345,0.0002545390352679533,0.0003,3052,-0.8563714800000001,2616,344,287.74,901904,902016
0.2824256755411625,0.09,0.32942687533795834,0.0001192862878269807,0.0002510473354959686,0.0003,3056,-0.8601986300000002,2621,344,287.74,903376,903488
-3.040790658444166,0.09,0.3188010808080435,0.00012097249964426737,0.0003852081508739502,0.0003,3060,-0.8541806599999999,2624,344,287.74,904288,904400
-1.2759811077266932,0.08,0.3267257362604141,0.00011457744267318049,0.00036366775930218864,0.0003,3064,-0.86704377,2629,344,288.72,906112,906224
-0.910936389118433,0.07,0.32879432663321495,0.00011831890515168197,0.0002798067680487293,0.0003,3068,-0.8851615799999999,2631,344,290.59,906704,906816
-0.5238874349743128,0.07,0.3272741921246052,0.00011493375359350466,0.0003265956402174197,0.0003,3072,-0.87896567,2635,344,290.59,908176,908288
1.7830742746591568,0.07,0.3397010788321495,0.00011285978598607471,0.00030670030082546873,0.0003,3076,-0.8717664599999999,2637,344,290.59,909088,909200
-0.5655841808766127,0.08,0.3238502126187086,0.00011629657728917664,0.0003770226194319548,0.0003,3080,-0.8275368000000001,2642,344,288.13,910656,910768
-1.792733646929264,0.09,0.3188043311238289,0.00011768619560825755,0.00022917056458027218,0.0003,3084,-0.8101418099999997,2644,344,286.71,911376,911488
1.5062680952250957,0.08,0.3202338442206383,0.00011031121630367124,0.0002817275017150678,0.0003,3088,-0.80683273,2646,344,287.0,911904,912016
0.9125604629516602,0.08,0.33649548701941967,0.00011952807335546822,0.00034083452737831976,0.0003,3092,-0.8079482199999998,2650,344,287.0,913136,913248
1.4165170900523663,0.08,0.33977194502949715,0.00012066160797985503,0.0002640411157699418,0.0003,3096,-0.8107066999999999,2656,344,287.0,915456,915568
1.1406225822865963,0.08,0.3243526704609394,0.00011248542796238326,0.00034203127597720595,0.0003,3100,-0.8069475100000001,2659,344,287.0,916176,916288
-1.6083125062286854,0.06,0.3317640256136656,0.0001116911093959061,0.0003072372401220491,0.0003,3104,-0.8092231400000002,2660,344,289.01,916704,916816
0.24348044767975807,0.06,0.33438162319362164,0.00012055820525347372,0.00027279212645225925,0.0003,3108,-0.8166579500000001,2664,344,289.01,917936,918048
0.43945228308439255,0.07,0.3261848911643028,0.00010921920147666242,0.00020401909887368674,0.0003,3112,-0.7972886800000002,2670,344,287.52,920032,920144
-0.4752328358590603,0.07,0.3286408446729183,0.00012070243792550173,0.0002627424682941637,0.0003,3116,-0.8017154199999998,2672,344,287.99,920784,920896
-0.9527183845639229,0.07,0.3180907964706421,0.00011933564928767737,0.0003699280596265453,0.0003,3120,-0.8208483000000001,2673,344,287.99,921296,921408
-2.4938209019601345,0.08,0.3329937197268009,0.00011327756556056556,0.0002642676836330793,0.0003,3124,-0.8016299500000003,2675,344,286.91,921760,921872
3.215503426268697,0.08,0.3286414034664631,0.00011196006835234584,0.0003025693813469843,0.0003,3128,-0.8034457400000001,2683,344,286.91,924512,924624
1.8369471225887537,0.08,0.3264274299144745,0.00012163968585809926,0.0003300059406683431,0.0003,3132,-0.79121994,2686,344,286.91,925584,925696
1.1598897092044353,0.07,0.33740396425127983,0.00012166648184575024,0.00036871578959107865,0.0003,3136,-0.80562391,2688,344,288.96,926096,926208
-0.9161455109715462,0.08,0.3182380869984627,0.00012324852923484286,0.000364492825610796,0.0003,3140,-0.7745174600000001,2688,344,285.88,926352,926464
0.42107526026666164,0.1,0.33243099600076675,0.00011418159965614905,0.00034337824126851046,0.0003,3144,-0.7810978900000001,2691,344,281.18,927296,927408
-5.123755529522896,0.11,0.30646626092493534,0.00011717398274413426,0.00021886782906221924,0.0003,3148,-0.7482334,2697,344,279.26,929312,929424
-0.8028587326407433,0.11,0.33032468520104885,0.0001190873254017788,0.0002768582198768854,0.0003,3152,-0.7518808800000001,2701,344,279.26,930592,930704
-0.35977499186992645,0.11,0.3121015690267086,0.0001266241706616711,0.00030567998510377947,0.0003,3156,-0.74945048,2702,344,279.26,931136,931248
-3.223022062331438,0.11,0.32568639516830444,0.0001228342534886906,0.0002960733881991473,0.0003,3160,-0.7495586800000001,2705,344,279.26,932096,932208
-1.9751287400722504,0.12,0.331315066665411,0.0001235072004419635,0.0006929822793608764,0.0003,3164,-0.73413646,2706,344,276.99,932528,932640
-3.146186925470829,0.12,0.3258449360728264,0.00012400390642142156,0.00033422090291423956,0.0003,3168,-0.72401627,2714,344,276.99,935152,935264
2.917993202805519,0.12,0.32686167024075985,0.00011682870399454259,0.0002963101278510294,0.0003,3172,-0.7284466599999999,2716,344,276.99,935920,936032
-3.437597803771496,0.12,0.32503850013017654,0.00012295190845179604,0.0003670775286082062,0.0003,3176,-0.72524886,2719,344,276.99,936896,937008
0.654187086969614,0.11,0.31359340995550156,0.0001227509537784499,0.0004802558360097464,0.0003,3180,-0.7824865099999999,2720,344,279.45,937328,937440
0.4269802011549473,0.1,0.3252229727804661,0.00012229011372255627,0.00033780388912418857,0.0003,3184,-0.79478799,2728,344,280.87,939952,940064
0.2558693718165159,0.11,0.329080855473876,0.00011782003502958105,0.0004425399074534653,0.0003,3188,-0.8057756800000001,2730,344,279.82,940496,940608
0.35829143412411213,0.11,0.3210354559123516,0.00011924146701858263,0.0003305565451228176,0.0003,3192,-0.8123118499999998,2732,344,279.82,941344,941456
-1.9096999764442444,0.12,0.30651453882455826,0.00012121698364353506,0.00032363113678002264,0.0003,3196,-0.8065595999999999,2734,344,277.72,941920,942032
0.15117673575878143,0.13,0.3124726712703705,0.00012825981320929714,0.00027331685669196304,0.0003,3200,-0.8192010000000001,2740,344,276.19,944032,944144
-2.150917513296008,0.13,0.3100693104788661,0.00011469211085568531,0.0003056438781641191,0.0003,3204,-0.8291133700000001,2743,344,276.19,945104,945216
0.5401293523609638,0.13,0.3297634292393923,0.00012285753473406658,0.0003126600049654371,0.0003,3208,-0.82113472,2746,344,276.19,946144,946256
0.2698954939842224,0.13,0.32492452673614025,0.0001284013287659036,0.0003373744257260114,0.0003,3212,-0.82729667,2747,344,275.41,946688,946800
-0.981731005012989,0.14,0.31749280355870724,0.00012636812880373327,0.00037533443537540734,0.0003,3216,-0.7908303,2750,344,272.14,947744,947856
-1.2636482529342175,0.15,0.30898648500442505,0.00012418744427122874,0.0004615515917976154,0.0003,3220,-0.7661170799999998,2754,344,269.87,948832,948944
-1.3689916161820292,0.13,0.33127834275364876,0.00011954802494074102,0.00029478365831892006,0.0003,3224,-0.79874955,2757,344,272.76,949904,950016
-1.3527018949389458,0.13,0.3117176704108715,0.00012502320078056073,0.00029407927195279626,0.0003,3228,-0.7960956899999999,2761,344,272.76,951312,951424
-1.1127907689660788,0.13,0.3205516170710325,0.00011626768491623807,0.0003411885654713842,0.0003,3232,-0.7959034400000001,2764,344,272.76,952544,952656
-0.1483958102762699,0.15,0.3187492974102497,0.00011619049155342509,0.0003201869549229741,0.0003,3236,-0.7900393499999998,2765,344,269.24,952768,952880
-0.8777469210326672,0.13,0.31514861062169075,0.0001234566652783542,0.00031928652606438845,0.0003,3240,-0.81460018,2770,344,273.98,954352,954464
0.5933331213891506,0.11,0.324609512463212,0.00012409640658006538,0.0003668750414362876,0.0003,3244,-0.8137239,2775,344,278.68,956096,956208
-3.3923241831362247,0.1,0.3241290580481291,0.00012650204189412761,0.00040690062269277405,0.0003,3248,-0.8331008200000001,2778,344,280.6,957344,957456
0.8882526382803917,0.1,0.3333015386015177,0.00012409952705638716,0.00035633374864119105,0.0003,3252,-0.8387382199999999,2779,344,280.6,957568,957680
3.7657420858740807,0.11,0.31853489950299263,0.0001244612631126074,0.0003591171544030658,0.0003,3256,-0.8465780100000001,2784,344,279.1,959152,959264
0.8665366359055042,0.12,0.33075243793427944,0.00012711661929643014,0.0002759878152573947,0.0003,3260,-0.8373895399999999,2786,344,277.17,959920,960032
-0.04649980738759041,0.11,0.32660997100174427,0.00011148414660056005,0.0003612241007431294,0.0003,3264,-0.8602107899999999,2791,344,279.44,961840,961952
0.9882818423211575,0.11,0.324114678427577,0.00010612632058837335,0.00030688430979353143,0.0003,3268,-0.85630659,2793,344,279.44,962368,962480
-0.4951656237244606,0.11,0.31057072430849075,0.00011289156373095466,0.00026948163576889783,0.0003,3272,-0.8617676299999998,2798,344,279.44,963952,964064
1.7775849476456642,0.11,0.3219813071191311,0.00011582670913412585,0.00024441007462883135,0.0003,3276,-0.8517821499999999,2800,344,279.44,964720,964832
-0.4170920420438051,0.12,0.32991450279951096,0.00011047030648114742,0.00033836879174486967,0.0003,3280,-0.8011896100000001,2803,344,277.4,965712,965824
-0.48107290733605623,0.12,0.33168087527155876,0.00011681685555231525,0.0003074982359976275,0.0003,3284,-0.8031751199999999,2807,344,277.4,967056,967168
2.197266334667802,0.12,0.3186461664736271,0.00010813625112859881,0.0004712662330348394,0.0003,3288,-0.7675373200000002,2811,344,277.03,968336,968448
-0.19994961470365524,0.12,0.32638606801629066,0.00011195625938853482,0.00030671503191115335,0.0003,3292,-0.7663066699999999,2813,344,277.03,968992,969104
-0.854981092736125,0.11,0.3259022869169712,0.00011236570253458922,0.0002875429654523032,0.0003,3296,-0.7713297700000001,2817,344,279.13,970496,970608
-0.9535950031131506,0.12,0.31429289653897285,0.00011012124150511227,0.00030452425471594324,0.0003,3300,-0.7172204100000001,2821,344,278.11,971744,971856
1.2759079337120056,0.12,0.3127998486161232,0.00010842595429494395,0.00037436128786794143,0.0003,3304,-0.72413998,2825,344,278.11,973040,973152
-0.2947862148284912,0.12,0.33374031633138657,0.00010907208616117714,0.0002931634935521288,0.0003,3308,-0.7171004000000001,2826,344,278.11,973600,973712
-0.031199466437101364,0.11,0.3183989766985178,0.00011476991539893788,0.0002999292646563845,0.0003,3312,-0.7378850500000002,2831,344,280.38,975296,975408
-0.06799861043691635,0.09,0.33626664616167545,0.00010849738237084239,0.000380247515749943,0.0003,3316,-0.77246656,2835,344,284.77,976544,976656
-1.1594923362135887,0.09,0.31428541895002127,0.00011849969041577424,0.00030193673956091516,0.0003,3320,-0.7646043099999998,2838,344,284.93,977664,977776
-0.04288722574710846,0.09,0.3348674960434437,0.00011817854374385206,0.0002773474407149479,0.0003,3324,-0.7615453299999999,2841,344,284.93,978352,978464
-0.4783408101648092,0.09,0.3266138546168804,0.00011396294712540112,0.0003229882368032122,0.0003,3328,-0.76155298,2843,344,284.93,979168,979280
1.6929482333362103,0.09,0.31974454410374165,0.00011638170144578908,0.0002759456419880735,0.0003,3332,-0.7643877600000002,2849,344,284.93,981344,981456
-1.7910662554204464,0.07,0.31904080882668495,0.00011757626953112776,0.0003640575041572447,0.0003,3336,-0.7673001100000001,2853,344,288.45,982464,982576
2.655782852321863,0.08,0.32967439107596874,0.00011455533876869595,0.00030056504783715354,0.0003,3340,-0.7468130300000001,2855,344,285.46,983152,983264
1.3852485939860344,0.08,0.3319581560790539,0.00011600747984630289,0.00043238992748229066,0.0003,3344,-0.74407409,2857,344,285.46,983920,984032
1.8648766372352839,0.09,0.32983464002609253,0.00012519316805992275,0.0003669446805361076,0.0003,3348,-0.7468728100000002,2861,344,283.84,985360,985472
-0.826793983578682,0.09,0.3202859330922365,0.00011759656672438723,0.0008567763970859232,0.0003,3352,-0.7576764999999999,2864,344,283.84,986368,986480
3.3470564000308514,0.09,0.32285994850099087,0.0001225771966346656,0.00042715265681181336,0.0003,3356,-0.7493143699999999,2868,344,284.45,987440,987552
0.9011654332280159,0.08,0.32695313915610313,0.00011807024111476494,0.00028103691056458047,0.0003,3360,-0.77283898,2871,344,286.38,988720,988832
-2.2319367099553347,0.08,0.30928262881934643,0.00011469816809039912,0.0004356689260021085,0.0003,3364,-0.8349040999999999,2876,344,286.38,990160,990272
4.474300839006901,0.08,0.32738775573670864,0.00011775695384130813,0.0003018724710273091,0.0003,3368,-0.8530032100000001,2879,344,286.38,991168,991280
0.3317015543580055,0.09,0.3289460204541683,0.00010824317769220215,0.0002723516545302118,0.0003,3372,-0.8475675899999999,2882,344,284.9,992128,992240
-2.8004904873669147,0.09,0.30079928413033485,0.00011244220195294474,0.00031045144442032324,0.0003,3376,-0.85415674,2884,344,284.9,992800,992912
-0.21188493631780148,0.08,0.3232397511601448,0.0001107994316953409,0.0003723742020156351,0.0003,3380,-0.8784119600000001,2890,344,286.94,994960,995072
0.7631709575653076,0.08,0.31178066693246365,0.0001194126894006331,0.00035402247249294305,0.0003,3384,-0.8775311599999999,2893,344,286.94,995968,996080
0.7822942547500134,0.07,0.3202461712062359,0.00011720358224920346,0.00034555423189885914,0.0003,3388,-0.9002660299999998,2896,344,288.36,996928,997040
7.298821717500687,0.07,0.3171926364302635,0.0001184593747893814,0.0003363075065863086,0.0003,3392,-0.8991121899999999,2898,344,288.36,997600,997712
-1.5561213791370392,0.09,0.31732771173119545,0.00011635328428383218,0.000260485414401046,0.0003,3396,-0.8561182499999999,2900,344,285.45,998416,998528
